2026-05-13 03:01:36,027 [INFO] Starting Production Night Pipeline at 2026-05-13 03:01:36.027668
2026-05-13 03:01:36,027 [INFO] --- STARTING: Main Pipeline ---
2026-05-13 03:14:01,905 [INFO] Starting Production Night Pipeline at 2026-05-13 03:14:01.905862
2026-05-13 03:14:01,906 [INFO] --- STARTING: Main Pipeline ---
2026-05-13 03:14:02,035 [INFO] [INFO   ] nadia_ai.run: Pipeline started for last 90 days at 2026-05-13T07:14:02.035146+00:00
2026-05-13 03:14:02,057 [INFO] [INFO   ] nadia_ai.db: Database schema initialized
2026-05-13 03:14:02,058 [INFO] [INFO   ] nadia_ai.run: TTL cleanup: purged 0 expired person records
2026-05-13 03:14:02,249 [INFO] [INFO   ] nadia_ai.merge: Recomputed deadlines for 61 leads
2026-05-13 03:14:02,249 [INFO] [INFO   ] nadia_ai.run: Plusvalía Clock: recomputed 61 lead deadlines
2026-05-13 03:14:02,258 [INFO] [INFO   ] nadia_ai.run: Starting concurrent scrapers (ThreadPoolExecutor)...
2026-05-13 03:14:02,593 [INFO] [INFO   ] nadia_ai.scrapers.boe: Scraping BOE for the last 90 days...
2026-05-13 03:14:03,678 [INFO] [INFO   ] nadia_ai.scrapers.tablon: Tablón query returned 10 records (total: 10) [q=(tipo.id==29,tipo.id==26,tipo.id==28);publicationDate=ge=2026-02-12T07:14:02]
2026-05-13 03:14:03,888 [INFO] [INFO   ] nadia_ai.scrapers.tablon: Tablón query returned 9 records (total: 9) [q=(title==*herederos*,title==*herencia*,title==*abintestato*,title==*notoriedad*,title==*subasta*,title==*enajenacion*);publicationDate=ge=2026-02-12T07:14:02]
2026-05-13 03:14:03,888 [INFO] [INFO   ] nadia_ai.scrapers.tablon: Tablón total unique records: 10
2026-05-13 03:14:03,888 [INFO] [INFO   ] nadia_ai.scrapers.tablon: Tablón lead: José-Antonio ROIG BELLVER (source_id=4163)
2026-05-13 03:14:03,888 [INFO] [INFO   ] nadia_ai.scrapers.tablon: Tablón lead: Inmaculada Hoces Leza (source_id=4158)
2026-05-13 03:14:03,888 [INFO] [INFO   ] nadia_ai.scrapers.tablon: Tablón lead: María Pilar Trasobares Andrés (source_id=4157)
2026-05-13 03:14:03,888 [INFO] [INFO   ] nadia_ai.scrapers.tablon: Tablón lead: Gheorge Merlan (source_id=4156)
2026-05-13 03:14:03,888 [INFO] [INFO   ] nadia_ai.scrapers.tablon: Tablón lead: María-Reyes López Gimeno (source_id=4154)
2026-05-13 03:14:03,888 [INFO] [INFO   ] nadia_ai.scrapers.tablon: Tablón lead: Benito Artal Artal (source_id=4150)
2026-05-13 03:14:03,888 [INFO] [INFO   ] nadia_ai.scrapers.tablon: Tablón lead: Joaquina Ortiz Garcés (source_id=4146)
2026-05-13 03:14:03,888 [INFO] [INFO   ] nadia_ai.scrapers.tablon: Tablón lead: Ramón José Chueca Alonso (source_id=4136)
2026-05-13 03:14:03,888 [INFO] [INFO   ] nadia_ai.scrapers.tablon: Tablón lead: Tomás Otero Vazquez (source_id=4131)
2026-05-13 03:14:03,888 [INFO] [INFO   ] nadia_ai.scrapers.tablon: Tablón scrape complete: 10 records
2026-05-13 03:14:03,889 [INFO] [INFO   ] nadia_ai.run: Tablon: 10 new records
2026-05-13 03:14:04,725 [INFO] [INFO   ] nadia_ai.scrapers.boa: BOA query 'sucesion+legal+comunidad+autonoma+aragon': 65 results
2026-05-13 03:14:05,248 [INFO] [INFO   ] nadia_ai.scrapers.esquelas: Esquela: Margarita Muñoz Frias (id=9323468f386c)
2026-05-13 03:14:05,248 [INFO] [INFO   ] nadia_ai.scrapers.esquelas: Esquela: Victor Sarrato Fontana (id=0f2baa8b339f)
2026-05-13 03:14:05,248 [INFO] [INFO   ] nadia_ai.scrapers.esquelas: Esquela: Jose Ruiz Bernal (id=9e85e569ebab)
2026-05-13 03:14:05,248 [INFO] [INFO   ] nadia_ai.scrapers.esquelas: Esquela: Aurica Braila (id=0aaf7ba165f7)
2026-05-13 03:14:05,248 [INFO] [INFO   ] nadia_ai.scrapers.esquelas: Esquela: Carmen Sanchez Abenia (id=cc079886c2a7)
2026-05-13 03:14:05,248 [INFO] [INFO   ] nadia_ai.scrapers.esquelas: Esquela: Jose Antonio Maestro Maestro (id=feab6a429c57)
2026-05-13 03:14:05,248 [INFO] [INFO   ] nadia_ai.scrapers.esquelas: Esquela: Pilar Castillo Delgado (id=1dd57ca732a5)
2026-05-13 03:14:05,248 [INFO] [INFO   ] nadia_ai.scrapers.esquelas: Esquela: Antonio Vila Solanas (id=4c938d62c781)
2026-05-13 03:14:05,248 [INFO] [INFO   ] nadia_ai.scrapers.esquelas: Esquela: Maria Paz Serrano Lopez (id=90df429d9508)
2026-05-13 03:14:05,248 [INFO] [INFO   ] nadia_ai.scrapers.esquelas: Esquela: Alejandra Ruperez Valtueña (id=20e41f0be468)
2026-05-13 03:14:05,248 [INFO] [INFO   ] nadia_ai.scrapers.esquelas: Memora page 0: 10 new records
2026-05-13 03:14:06,712 [INFO] [INFO   ] nadia_ai.scrapers.boa: BOA query 'Junta+Distribuidora+Herencias': 48 results
2026-05-13 03:14:07,761 [INFO] [INFO   ] nadia_ai.scrapers.esquelas: Esquela: Pilar Sonia Lopez Turon (id=8139c11a8fd0)
2026-05-13 03:14:07,761 [INFO] [INFO   ] nadia_ai.scrapers.esquelas: Esquela: Maria Teresa Diloy Vicente (id=f57c293de6b0)
2026-05-13 03:14:07,761 [INFO] [INFO   ] nadia_ai.scrapers.esquelas: Esquela: Manuel Aparicio Martinez (id=50b1967a697f)
2026-05-13 03:14:07,761 [INFO] [INFO   ] nadia_ai.scrapers.esquelas: Esquela: Carmen Rodrigo Rubio (id=5c49975dd6b2)
2026-05-13 03:14:07,761 [INFO] [INFO   ] nadia_ai.scrapers.esquelas: Esquela: Jose Luis Borgoñon Ferruz + (id=801c65c87531)
2026-05-13 03:14:07,761 [INFO] [INFO   ] nadia_ai.scrapers.esquelas: Esquela: Domingo Tallada Buñuel (id=2356808abeee)
2026-05-13 03:14:07,761 [INFO] [INFO   ] nadia_ai.scrapers.esquelas: Esquela: Jesus Sanz Sanjuan (id=31e31f06cc2f)
2026-05-13 03:14:07,761 [INFO] [INFO   ] nadia_ai.scrapers.esquelas: Esquela: Maria Gemma Velazquez Ariza (id=6a4119f5f7c3)
2026-05-13 03:14:07,761 [INFO] [INFO   ] nadia_ai.scrapers.esquelas: Esquela: Miguel Angel Lain Agudo (id=3d327f4eb1fd)
2026-05-13 03:14:07,761 [INFO] [INFO   ] nadia_ai.scrapers.esquelas: Esquela: Jesus Gonzalez Liesa (id=c4e28b85c0c1)
2026-05-13 03:14:07,761 [INFO] [INFO   ] nadia_ai.scrapers.esquelas: Memora page 1: 10 new records
2026-05-13 03:14:08,509 [INFO] [INFO   ] nadia_ai.scrapers.boa: BOA query 'declaracion+de+herederos': 42 results
2026-05-13 03:14:09,564 [INFO] [INFO   ] nadia_ai.scrapers.boa: BOA query 'herencia+yacente': 2 results
2026-05-13 03:14:10,342 [INFO] [INFO   ] nadia_ai.scrapers.esquelas: Esquela: Mariano Muñoz Muñoz (id=a907b09fc2ae)
2026-05-13 03:14:10,342 [INFO] [INFO   ] nadia_ai.scrapers.esquelas: Esquela: Maria Mercedes Matute Murillo (id=4bb87cbe98e0)
2026-05-13 03:14:10,342 [INFO] [INFO   ] nadia_ai.scrapers.esquelas: Esquela: Jose Luis Redondo Fornies (id=a47040ffc50e)
2026-05-13 03:14:10,342 [INFO] [INFO   ] nadia_ai.scrapers.esquelas: Esquela: Angel Huerta Palacios (id=04b919338bd3)
2026-05-13 03:14:10,342 [INFO] [INFO   ] nadia_ai.scrapers.esquelas: Esquela: Francisco Moreno Perez (id=dfe2b588a798)
2026-05-13 03:14:10,342 [INFO] [INFO   ] nadia_ai.scrapers.esquelas: Esquela: Joaquin Monge Gutierrez (id=6f98e3a05c1b)
2026-05-13 03:14:10,342 [INFO] [INFO   ] nadia_ai.scrapers.esquelas: Memora: reached date cutoff at page 2
2026-05-13 03:14:10,342 [INFO] [INFO   ] nadia_ai.run: Esquelas: 26 new records
2026-05-13 03:14:10,387 [INFO] [INFO   ] nadia_ai.scrapers.borme: BORME scrape complete: 0 records
2026-05-13 03:14:10,387 [INFO] [INFO   ] nadia_ai.run: Borme: 0 new records
2026-05-13 03:14:11,204 [INFO] [INFO   ] nadia_ai.scrapers.iesquelas: iEsquela: Bhavaviveka Castelo Paiva [Zaragoza] (id=ff51e7312711)
2026-05-13 03:14:11,204 [INFO] [INFO   ] nadia_ai.scrapers.iesquelas: iEsquela: Kuntí Soriano Moreau [Zaragoza] (id=0b6dbd956c28)
2026-05-13 03:14:11,204 [INFO] [INFO   ] nadia_ai.scrapers.iesquelas: iEsquela: Daniel Allain Müller [Zaragoza] (id=61aab7bad91c)
2026-05-13 03:14:11,204 [INFO] [INFO   ] nadia_ai.scrapers.iesquelas: iEsquela: Jacobo Villalba Pina [Zaragoza] (id=e203177a529a)
2026-05-13 03:14:11,204 [INFO] [INFO   ] nadia_ai.scrapers.iesquelas: iEsquela: Milan Briand Leñero [Zaragoza] (id=e56565596d83)
2026-05-13 03:14:11,204 [INFO] [INFO   ] nadia_ai.scrapers.iesquelas: iEsquela: Helga Santisteban Albert [Zaragoza] (id=71b861e6063f)
2026-05-13 03:14:11,204 [INFO] [INFO   ] nadia_ai.scrapers.iesquelas: iEsquela: Joachim Cristina Robles [Zaragoza] (id=f409853106a4)
2026-05-13 03:14:11,204 [INFO] [INFO   ] nadia_ai.scrapers.iesquelas: iEsquela: Heraclio Abarquero Escribano [Zaragoza] (id=73d7fc07297f)
2026-05-13 03:14:11,205 [INFO] [INFO   ] nadia_ai.scrapers.iesquelas: iEsquela: Ingeborg Horta Aguiar [Zaragoza] (id=391c4d871813)
2026-05-13 03:14:11,205 [INFO] [INFO   ] nadia_ai.scrapers.iesquelas: iEsquela: Bogumil Soler Mayordomo [Zaragoza] (id=20fd91bb8555)
2026-05-13 03:14:11,205 [INFO] [INFO   ] nadia_ai.scrapers.iesquelas: iEsquela: Jean-Pierre Enríquez Guillou [Zaragoza] (id=43be9ee40448)
2026-05-13 03:14:11,205 [INFO] [INFO   ] nadia_ai.scrapers.iesquelas: iEsquela: Ambá Louis Amado [Zaragoza] (id=5ff17d91874f)
2026-05-13 03:14:11,205 [INFO] [INFO   ] nadia_ai.scrapers.iesquelas: iEsquela: Isaac Bescós Freitas [Zaragoza] (id=0e82de5a0cb9)
2026-05-13 03:14:11,205 [INFO] [INFO   ] nadia_ai.scrapers.iesquelas: iEsquela: Antoni Notario Pedrosa [Zaragoza] (id=84f4d6949f33)
2026-05-13 03:14:11,205 [INFO] [INFO   ] nadia_ai.scrapers.iesquelas: iEsquela: José María Rosado Lefevre [Zaragoza] (id=c390c78e033b)
2026-05-13 03:14:11,205 [INFO] [INFO   ] nadia_ai.scrapers.iesquelas: iEsquela: Muawiya Simón Bourgeois [Zaragoza] (id=bfcb8c8db9a2)
2026-05-13 03:14:11,205 [INFO] [INFO   ] nadia_ai.scrapers.iesquelas: iEsquela: Premislao Fernandes Santander [Zaragoza] (id=9c53254c0556)
2026-05-13 03:14:11,205 [INFO] [INFO   ] nadia_ai.scrapers.iesquelas: iEsquela: Pol Perrot Soriano [Zaragoza] (id=45c7ca25f02b)
2026-05-13 03:14:11,205 [INFO] [INFO   ] nadia_ai.scrapers.iesquelas: iEsquela: Violante Barreiros Gillet [Zaragoza] (id=814dad726dde)
2026-05-13 03:14:11,206 [INFO] [INFO   ] nadia_ai.scrapers.iesquelas: iEsquela: Vasilisa Castelo Morais [Zaragoza] (id=0f02244d9459)
2026-05-13 03:14:11,206 [INFO] [INFO   ] nadia_ai.scrapers.iesquelas: iEsquela: Aníbal Rabellino Guzmán [Zaragoza] (id=507a81ae2314)
2026-05-13 03:14:11,206 [INFO] [INFO   ] nadia_ai.scrapers.iesquelas: iEsquela: Sandra Alexandre Romão [Zaragoza] (id=f6b882c6798a)
2026-05-13 03:14:11,206 [INFO] [INFO   ] nadia_ai.scrapers.iesquelas: iEsquela: Arnaldo Peral Fernandes [Zaragoza] (id=b57709e6d097)
2026-05-13 03:14:11,206 [INFO] [INFO   ] nadia_ai.scrapers.iesquelas: iEsquela: Débora Antúnez Cabral [Zaragoza] (id=b186993613be)
2026-05-13 03:14:11,206 [INFO] [INFO   ] nadia_ai.scrapers.iesquelas: iEsquela: Belisario Castelo Ruiz [Zaragoza] (id=ccf79415e80a)
2026-05-13 03:14:11,206 [INFO] [INFO   ] nadia_ai.scrapers.iesquelas: iEsquela: Javier Serrano Gillet [Zaragoza] (id=bb16d04df1e1)
2026-05-13 03:14:11,206 [INFO] [INFO   ] nadia_ai.scrapers.iesquelas: iEsquela: O Martínez Leal [Zaragoza] (id=db48cb05404e)
2026-05-13 03:14:11,206 [INFO] [INFO   ] nadia_ai.scrapers.iesquelas: iEsquela: Amancio Freitas Pereire [Zaragoza] (id=ac2b435881d2)
2026-05-13 03:14:11,206 [INFO] [INFO   ] nadia_ai.scrapers.iesquelas: iEsquela: Narakasura Pestana Martínez [Zaragoza] (id=f7c937a21c01)
2026-05-13 03:14:11,206 [INFO] [INFO   ] nadia_ai.scrapers.iesquelas: iEsquela: Belinda Bello Mendes [Zaragoza] (id=5ab5bc78f15a)
2026-05-13 03:14:11,207 [INFO] [INFO   ] nadia_ai.scrapers.iesquelas: iEsquela: Laksman Sen Montilla Figueira [Zaragoza] (id=ee570966515f)
2026-05-13 03:14:11,207 [INFO] [INFO   ] nadia_ai.scrapers.iesquelas: iEsquela: Casandra Hardy Dupont [Zaragoza] (id=794b80d31105)
2026-05-13 03:14:11,207 [INFO] [INFO   ] nadia_ai.scrapers.iesquelas: iEsquela: Sidonio Joubert António [Zaragoza] (id=7f55ad21449c)
2026-05-13 03:14:11,207 [INFO] [INFO   ] nadia_ai.scrapers.iesquelas: iEsquela: Judá Pastor Vaca [Zaragoza] (id=c2fdb112ef2a)
2026-05-13 03:14:11,207 [INFO] [INFO   ] nadia_ai.scrapers.iesquelas: iEsquela: Goliat Rocha Cuevas [Zaragoza] (id=d0e2a15ec657)
2026-05-13 03:14:11,207 [INFO] [INFO   ] nadia_ai.scrapers.iesquelas: iEsquela: Agastia Correia Chávez [Zaragoza] (id=fe6349706104)
2026-05-13 03:14:11,207 [INFO] [INFO   ] nadia_ai.scrapers.iesquelas: iEsquela: Taciana Clavel Ramos [Zaragoza] (id=e6e152b34bd9)
2026-05-13 03:14:11,207 [INFO] [INFO   ] nadia_ai.scrapers.iesquelas: iEsquela: Brian Serra Salazar [Zaragoza] (id=cc5ee9cde446)
2026-05-13 03:14:11,207 [INFO] [INFO   ] nadia_ai.scrapers.iesquelas: iEsquelas scrape complete: 38 records
2026-05-13 03:14:11,207 [INFO] [INFO   ] nadia_ai.scrapers.cee: CEE: Fetching consulta form page
2026-05-13 03:14:11,207 [INFO] [INFO   ] nadia_ai.run: Iesquelas: 38 new records
2026-05-13 03:14:11,292 [INFO] [INFO   ] nadia_ai.scrapers.defunciones: Defunción: Aurica Braila [Zaragoza] (id=d1175b1bc8e4)
2026-05-13 03:14:11,292 [INFO] [INFO   ] nadia_ai.scrapers.defunciones: Defunción: Margarita Munoz Frias [Zaragoza] (id=fb2b55dac9a7)
2026-05-13 03:14:11,292 [INFO] [INFO   ] nadia_ai.scrapers.defunciones: Defunción: Maria Soledad De La Fuente Murlanch [Zaragoza] (id=0357735dbba9)
2026-05-13 03:14:11,292 [INFO] [INFO   ] nadia_ai.scrapers.defunciones: Defunción: Jose Ruiz Bernal [Almonacid De La Sierra] (id=afa736f7cc35)
2026-05-13 03:14:11,292 [INFO] [INFO   ] nadia_ai.scrapers.defunciones: Defunción: Jose Antonio Maestro Maestro [La Almunia De Dona Godina] (id=065a3fe9b57e)
2026-05-13 03:14:11,292 [INFO] [INFO   ] nadia_ai.scrapers.defunciones: Defunción: Pilar Castillo Delgado [Zaragoza] (id=feea9d7aa4f4)
2026-05-13 03:14:11,292 [INFO] [INFO   ] nadia_ai.scrapers.defunciones: Defunción: Luis Carlos Jose Julian Marco Garcia [Zaragoza] (id=fef9cf42c975)
2026-05-13 03:14:11,292 [INFO] [INFO   ] nadia_ai.scrapers.defunciones: Defunción: Maria Paz Serrano Lopez [Zaragoza] (id=498fcda2c30b)
2026-05-13 03:14:11,292 [INFO] [INFO   ] nadia_ai.scrapers.defunciones: Defunción: Victor Sarrato Fontana [Zaragoza] (id=f586e688a828)
2026-05-13 03:14:11,292 [INFO] [INFO   ] nadia_ai.scrapers.defunciones: Defunción: Alejandra Ruperez Valtuena [Zaragoza] (id=45e511937944)
2026-05-13 03:14:11,293 [INFO] [INFO   ] nadia_ai.scrapers.defunciones: defunciones.es page 1: 10 new records
2026-05-13 03:14:11,918 [INFO] [INFO   ] nadia_ai.scrapers.boa: BOA query 'herederos+abintestato': 5 results
2026-05-13 03:14:12,218 [INFO] [INFO   ] nadia_ai.scrapers.cee: CEE: Extracted ViewState (40 chars), form_id=consultasForm
2026-05-13 03:14:12,218 [INFO] [INFO   ] nadia_ai.scrapers.cee: CEE: Submitting search form (AJAX POST)
2026-05-13 03:14:12,536 [INFO] [INFO   ] nadia_ai.scrapers.defunciones: Defunción: Antonio Vila Solanas [Zaragoza] (id=57b5906213e2)
2026-05-13 03:14:12,536 [INFO] [INFO   ] nadia_ai.scrapers.defunciones: Defunción: Pilar Sonia Lopez Turon [Zaragoza] (id=5119a2ecd3ed)
2026-05-13 03:14:12,536 [INFO] [INFO   ] nadia_ai.scrapers.defunciones: Defunción: Sara Lahuerta Martinez [Zaragoza] (id=1bc4c2dfe3e0)
2026-05-13 03:14:12,536 [INFO] [INFO   ] nadia_ai.scrapers.defunciones: Defunción: Jose Luis Borgonon Ferruz [Ejea De Los Caballeros] (id=f9bdf0f3560b)
2026-05-13 03:14:12,536 [INFO] [INFO   ] nadia_ai.scrapers.defunciones: Defunción: Carmen Rodrigo Rubio [Zaragoza] (id=da668df454b0)
2026-05-13 03:14:12,536 [INFO] [INFO   ] nadia_ai.scrapers.defunciones: Defunción: Manuel Aparicio Martinez [Zaragoza] (id=c13f1cd35123)
2026-05-13 03:14:12,537 [INFO] [INFO   ] nadia_ai.scrapers.defunciones: Defunción: Miguel Perez Alloza [Zaragoza] (id=86a39cdcc18b)
2026-05-13 03:14:12,537 [INFO] [INFO   ] nadia_ai.scrapers.defunciones: Defunción: Jesus Sanz Sanjuan [Zaragoza] (id=8e9c8207ab1f)
2026-05-13 03:14:12,537 [INFO] [INFO   ] nadia_ai.scrapers.defunciones: Defunción: Carmen Ibanez Serrano [Alagon] (id=c4e5b4c24471)
2026-05-13 03:14:12,537 [INFO] [INFO   ] nadia_ai.scrapers.defunciones: defunciones.es page 2: 9 new records
2026-05-13 03:14:12,859 [INFO] [ERROR  ] nadia_ai.scrapers.boa: BOA returned non-JSON response for query: acta+notoriedad+herederos
2026-05-13 03:14:12,862 [INFO] [INFO   ] nadia_ai.scrapers.boa: BOA query 'acta+notoriedad+herederos': 0 results
2026-05-13 03:14:12,862 [INFO] [INFO   ] nadia_ai.scrapers.boa: BOA scrape complete: 0 unique records
2026-05-13 03:14:12,862 [INFO] [INFO   ] nadia_ai.scrapers.traspasos: Traspasos page 1: https://www.traspasosaragon.com/traspasos/
2026-05-13 03:14:12,862 [INFO] [INFO   ] nadia_ai.run: Boa: 0 new records
2026-05-13 03:14:13,287 [INFO] [INFO   ] nadia_ai.scrapers.cee: CEE: No tables found in results page
2026-05-13 03:14:13,287 [INFO] [INFO   ] nadia_ai.scrapers.cee: CEE: Re-fetching page after form submission
2026-05-13 03:14:13,775 [INFO] [INFO   ] nadia_ai.scrapers.defunciones: Defunción: Esteban Llorente Asensio [Zaragoza] (id=a11a22364942)
2026-05-13 03:14:13,775 [INFO] [INFO   ] nadia_ai.scrapers.defunciones: Defunción: Agustin Mayorga Moreno [Zaragoza] (id=3dd2057bc2ce)
2026-05-13 03:14:13,775 [INFO] [INFO   ] nadia_ai.scrapers.defunciones: Defunción: Maria Gemma Velazquez Ariza [Zaragoza] (id=8eaed73b789c)
2026-05-13 03:14:13,775 [INFO] [INFO   ] nadia_ai.scrapers.defunciones: Defunción: Maria Carmen Prado Arqued [Zaragoza] (id=a84bd566907f)
2026-05-13 03:14:13,775 [INFO] [INFO   ] nadia_ai.scrapers.defunciones: Defunción: Jesus Gonzalez Liesa [Zaragoza] (id=e0405abce75c)
2026-05-13 03:14:13,775 [INFO] [INFO   ] nadia_ai.scrapers.defunciones: Defunción: Miguel Angel Lain Agudo [Carinena] (id=6509c44ca04d)
2026-05-13 03:14:13,776 [INFO] [INFO   ] nadia_ai.scrapers.defunciones: Defunción: Longinos Aisa Berduque [Luna] (id=ab66afa2812a)
2026-05-13 03:14:13,776 [INFO] [INFO   ] nadia_ai.scrapers.defunciones: Defunción: Santiago Garriga Castro [Zaragoza] (id=5bbb20017d0f)
2026-05-13 03:14:13,776 [INFO] [INFO   ] nadia_ai.scrapers.defunciones: Defunción: Antonio Jordan Peman [Zaragoza] (id=92d69c812c3f)
2026-05-13 03:14:13,776 [INFO] [INFO   ] nadia_ai.scrapers.defunciones: Defunción: Joaquin Monge Gutierrez [Ariza] (id=20c1b4d07c99)
2026-05-13 03:14:13,776 [INFO] [INFO   ] nadia_ai.scrapers.defunciones: defunciones.es page 3: 10 new records
2026-05-13 03:14:14,478 [INFO] [INFO   ] nadia_ai.scrapers.cee: CEE: No tables found in results page
2026-05-13 03:14:14,478 [INFO] [INFO   ] nadia_ai.scrapers.cee: CEE scrape complete: 0 records (last 90 days)
2026-05-13 03:14:14,481 [INFO] [INFO   ] nadia_ai.scrapers.ite: ITE: Trying API endpoint: https://www.zaragoza.es/sede/servicio/urbanismo-infraestructuras/inspeccion-tecnica-edificio.json
2026-05-13 03:14:14,481 [INFO] [INFO   ] nadia_ai.run: Cee: 0 new records
2026-05-13 03:14:15,011 [INFO] [INFO   ] nadia_ai.scrapers.defunciones: Defunción: Amalia Cistina Herrerias Guerrero [Zaragoza] (id=4fe8c29d6945)
2026-05-13 03:14:15,011 [INFO] [INFO   ] nadia_ai.scrapers.defunciones: Defunción: Carmen Garcia Benitez [Torres De Berrellen] (id=ec50a42b249e)
2026-05-13 03:14:15,011 [INFO] [INFO   ] nadia_ai.scrapers.defunciones: Defunción: Francisco Moreno Perez [Utebo] (id=32a87264f472)
2026-05-13 03:14:15,011 [INFO] [INFO   ] nadia_ai.scrapers.defunciones: Defunción: Angel Huerta Palacios [Zaragoza] (id=ed108100489c)
2026-05-13 03:14:15,011 [INFO] [INFO   ] nadia_ai.scrapers.defunciones: Defunción: Maria Mercedes Matute Murillo [Zaragoza] (id=fdabd9e8a07e)
2026-05-13 03:14:15,012 [INFO] [INFO   ] nadia_ai.scrapers.defunciones: Defunción: Jesus Emilio Gonzalez Moros [Zaragoza] (id=c9f7f179893f)
2026-05-13 03:14:15,012 [INFO] [INFO   ] nadia_ai.scrapers.defunciones: Defunción: Pedro Antonio San Nicolas Navarro [Zaragoza] (id=69d7a55ee4f2)
2026-05-13 03:14:15,012 [INFO] [INFO   ] nadia_ai.scrapers.defunciones: Defunción: Antonio Sanchez Gomez [Zaragoza] (id=0e93022751b8)
2026-05-13 03:14:15,012 [INFO] [INFO   ] nadia_ai.scrapers.defunciones: Defunción: Valentin Torremocha Garcia [Zaragoza] (id=720deea53a89)
2026-05-13 03:14:15,012 [INFO] [INFO   ] nadia_ai.scrapers.defunciones: Defunción: Ofelia Gracia Palacios [Zaragoza] (id=688dca97f931)
2026-05-13 03:14:15,012 [INFO] [INFO   ] nadia_ai.scrapers.defunciones: defunciones.es page 4: 10 new records
2026-05-13 03:14:15,383 [INFO] [INFO   ] nadia_ai.scrapers.traspasos: Traspasos page 1: 4 new listings
2026-05-13 03:14:15,403 [INFO] [INFO   ] nadia_ai.scrapers.ite: ITE: Trying API endpoint: https://www.zaragoza.es/sede/servicio/urbanismo-infraestructuras/ite.json
2026-05-13 03:14:15,571 [INFO] [INFO   ] nadia_ai.scrapers.ite: ITE: Trying API endpoint: https://www.zaragoza.es/sede/servicio/ite.json
2026-05-13 03:14:15,734 [INFO] [INFO   ] nadia_ai.scrapers.ite: ITE: Trying API endpoint: https://www.zaragoza.es/sede/servicio/inspeccion-tecnica-edificio.json
2026-05-13 03:14:15,904 [INFO] [INFO   ] nadia_ai.scrapers.ite: ITE: All API endpoints failed, trying catalog fallback
2026-05-13 03:14:16,244 [INFO] [INFO   ] nadia_ai.scrapers.defunciones: Defunción: Jesus Gonzalez Moros [Zaragoza] (id=baad783dfdcd)
2026-05-13 03:14:16,244 [INFO] [INFO   ] nadia_ai.scrapers.defunciones: Defunción: Luis Lamet Alcazar [Zaragoza] (id=a179666cc1b2)
2026-05-13 03:14:16,244 [INFO] [INFO   ] nadia_ai.scrapers.defunciones: Defunción: Maria Angeles Catalan Lazaro [Zaragoza] (id=3117d6d2fe98)
2026-05-13 03:14:16,244 [INFO] [INFO   ] nadia_ai.scrapers.defunciones: Defunción: Yolanda Huerta Rodriguez [Zaragoza] (id=3cc7c11424dc)
2026-05-13 03:14:16,244 [INFO] [INFO   ] nadia_ai.scrapers.defunciones: Defunción: Concepcion Gracia Royo [Zaragoza] (id=39580d75247f)
2026-05-13 03:14:16,244 [INFO] [INFO   ] nadia_ai.scrapers.defunciones: Defunción: Maria Jesus Gimeno Gracia [Zaragoza] (id=6e55cc0e75bc)
2026-05-13 03:14:16,244 [INFO] [INFO   ] nadia_ai.scrapers.defunciones: Defunción: Maria Soledad Martinez Gracia [Zaragoza] (id=ebcede638642)
2026-05-13 03:14:16,245 [INFO] [INFO   ] nadia_ai.scrapers.defunciones: Defunción: Josefina Felipe Navarro [Zaragoza] (id=f3cb59b5f078)
2026-05-13 03:14:16,245 [INFO] [INFO   ] nadia_ai.scrapers.defunciones: Defunción: Ascension Perez Alfaro [Zaragoza] (id=6e5e4d1e6d06)
2026-05-13 03:14:16,245 [INFO] [INFO   ] nadia_ai.scrapers.defunciones: Defunción: Vicenta Monzon Perez [Zaragoza] (id=0d664e31bb83)
2026-05-13 03:14:16,245 [INFO] [INFO   ] nadia_ai.scrapers.defunciones: defunciones.es page 5: 10 new records
2026-05-13 03:14:16,399 [INFO] [INFO   ] nadia_ai.scrapers.traspasos: Traspasos page 2: https://www.traspasosaragon.com/traspasos/page/2/
2026-05-13 03:14:17,099 [INFO] [INFO   ] nadia_ai.scrapers.traspasos: Traspasos page 2: 4 new listings
2026-05-13 03:14:17,475 [INFO] [INFO   ] nadia_ai.scrapers.defunciones: Defunción: Isabel Juarez Prieto [Zaragoza] (id=8f50035418fa)
2026-05-13 03:14:17,475 [INFO] [INFO   ] nadia_ai.scrapers.defunciones: Defunción: Angel Arto Berges [Zaragoza] (id=30429e10012a)
2026-05-13 03:14:17,475 [INFO] [INFO   ] nadia_ai.scrapers.defunciones: defunciones.es page 6: 2 new records
2026-05-13 03:14:18,112 [INFO] [INFO   ] nadia_ai.scrapers.ite: ITE catalog: Found potential link: /sede/portal/tramites-servicios/
2026-05-13 03:14:18,113 [INFO] [INFO   ] nadia_ai.scrapers.traspasos: Traspasos page 3: https://www.traspasosaragon.com/traspasos/page/3/
2026-05-13 03:14:18,707 [INFO] [INFO   ] nadia_ai.scrapers.defunciones: defunciones.es: no results on page 7, stopping
2026-05-13 03:14:18,707 [INFO] [INFO   ] nadia_ai.scrapers.defunciones: defunciones.es scrape complete: 51 records
2026-05-13 03:14:18,707 [INFO] [INFO   ] nadia_ai.scrapers.subastas: Subastas JV page 1: https://subastas.boe.es/subastas_ava.php?provincia=50&tipoSubasta=JV
2026-05-13 03:14:18,708 [INFO] [INFO   ] nadia_ai.run: Defunciones: 51 new records
2026-05-13 03:14:18,845 [INFO] [INFO   ] nadia_ai.scrapers.traspasos: Traspasos page 3: 3 new listings
2026-05-13 03:14:19,861 [INFO] [INFO   ] nadia_ai.scrapers.traspasos: Traspasos page 4: https://www.traspasosaragon.com/traspasos/page/4/
2026-05-13 03:14:20,047 [INFO] [INFO   ] nadia_ai.scrapers.subastas: Subastas JV page 1: 0 results
2026-05-13 03:14:20,047 [INFO] [INFO   ] nadia_ai.scrapers.subastas: Subastas NV page 1: https://subastas.boe.es/subastas_ava.php?provincia=50&tipoSubasta=NV
2026-05-13 03:14:20,343 [INFO] [INFO   ] nadia_ai.scrapers.subastas: Subastas NV page 1: 0 results
2026-05-13 03:14:20,343 [INFO] [INFO   ] nadia_ai.scrapers.subastas: Subastas lead gen complete: 0 records
2026-05-13 03:14:20,343 [INFO] [INFO   ] nadia_ai.run: Subastas_leads: 0 new records
2026-05-13 03:14:20,558 [INFO] [INFO   ] nadia_ai.scrapers.traspasos: Traspasos page 4: 4 new listings
2026-05-13 03:14:21,580 [INFO] [INFO   ] nadia_ai.scrapers.traspasos: Traspasos page 5: https://www.traspasosaragon.com/traspasos/page/5/
2026-05-13 03:14:21,677 [INFO] [INFO   ] nadia_ai.scrapers.ite: ITE catalog: Found potential link: /sede/portal/tramites-servicios/
2026-05-13 03:14:22,170 [INFO] [INFO   ] nadia_ai.scrapers.ite: ITE catalog: Found potential link: /sede/portal/tramites-servicios/
2026-05-13 03:14:22,171 [INFO] [WARNING] nadia_ai.scrapers.ite: ITE: No dataset found in catalog — data may not be publicly available
2026-05-13 03:14:22,172 [INFO] [INFO   ] nadia_ai.scrapers.ite: ITE scrape complete: 0 desfavorable records
2026-05-13 03:14:22,172 [INFO] [INFO   ] nadia_ai.run: Ite: 0 new records
2026-05-13 03:14:22,319 [INFO] [INFO   ] nadia_ai.scrapers.traspasos: Traspasos page 5: 3 new listings
2026-05-13 03:14:23,334 [INFO] [INFO   ] nadia_ai.scrapers.traspasos: Traspasos page 6: https://www.traspasosaragon.com/traspasos/page/6/
2026-05-13 03:14:23,585 [INFO] [ERROR  ] nadia_ai.scrapers.bop: BOP query 'declaracion herederos' failed: HTTPConnectionPool(host='bop.dpz.es', port=80): Max retries exceeded with url: /BOPZ/portalBuscarEdictos.do?busqueda=declaracion+herederos&fechaDesde=12%2F02%2F2026&fechaHasta=13%2F05%2F2026 (Caused by ConnectTimeoutError(<HTTPConnection(host='bop.dpz.es', port=80) at 0x25da8b79fd0>, 'Connection to bop.dpz.es timed out. (connect timeout=60)'))
2026-05-13 03:14:24,048 [INFO] [INFO   ] nadia_ai.scrapers.traspasos: Traspasos page 6: 3 new listings
2026-05-13 03:14:24,064 [INFO] --- Logging error ---
2026-05-13 03:14:24,065 [INFO] Traceback (most recent call last):
2026-05-13 03:14:24,065 [INFO] File "C:\Python314\Lib\logging\__init__.py", line 1154, in emit
2026-05-13 03:14:24,065 [INFO] stream.write(msg + self.terminator)
2026-05-13 03:14:24,065 [INFO] ~~~~~~~~~~~~^^^^^^^^^^^^^^^^^^^^^^^
2026-05-13 03:14:24,066 [INFO] File "C:\Python314\Lib\encodings\cp1252.py", line 19, in encode
2026-05-13 03:14:24,066 [INFO] return codecs.charmap_encode(input,self.errors,encoding_table)[0]
2026-05-13 03:14:24,066 [INFO] ~~~~~~~~~~~~~~~~~~~~~^^^^^^^^^^^^^^^^^^^^^^^^^^^^^^^^^^
2026-05-13 03:14:24,066 [INFO] UnicodeEncodeError: 'charmap' codec can't encode character '\U0001f3e2' in position 49: character maps to <undefined>
2026-05-13 03:14:24,066 [INFO] Call stack:
2026-05-13 03:14:24,067 [INFO] File "C:\Python314\Lib\threading.py", line 1043, in _bootstrap
2026-05-13 03:14:24,067 [INFO] self._bootstrap_inner()
2026-05-13 03:14:24,067 [INFO] File "C:\Python314\Lib\threading.py", line 1081, in _bootstrap_inner
2026-05-13 03:14:24,067 [INFO] self._context.run(self.run)
2026-05-13 03:14:24,067 [INFO] File "C:\Python314\Lib\threading.py", line 1023, in run
2026-05-13 03:14:24,067 [INFO] self._target(*self._args, **self._kwargs)
2026-05-13 03:14:24,067 [INFO] File "C:\Python314\Lib\concurrent\futures\thread.py", line 119, in _worker
2026-05-13 03:14:24,067 [INFO] work_item.run(ctx)
2026-05-13 03:14:24,067 [INFO] File "C:\Python314\Lib\concurrent\futures\thread.py", line 86, in run
2026-05-13 03:14:24,067 [INFO] result = ctx.run(self.task)
2026-05-13 03:14:24,067 [INFO] File "C:\Python314\Lib\concurrent\futures\thread.py", line 73, in run
2026-05-13 03:14:24,068 [INFO] return fn(*args, **kwargs)
2026-05-13 03:14:24,068 [INFO] File "C:\Users\anaim\OneDrive\Escritorio\NadiaAI\src\nadia_ai\scrapers\traspasos.py", line 315, in scrape_traspasos
2026-05-13 03:14:24,068 [INFO] logger.info(
2026-05-13 03:14:24,068 [INFO] Message: 'Traspaso: %s | %s | %s'
2026-05-13 03:14:24,068 [INFO] Arguments: ('\U0001f3e2 TRASPASO TIENDA DE REFORMAS A&D – ZARA', 'Comercio', 'Zaragoza')
2026-05-13 03:14:24,068 [INFO] [INFO   ] nadia_ai.scrapers.traspasos: Traspaso: ENERGÍA SOLAR DE ARAGÓN S.L.: Empresa es | Otros | Zaragoza
2026-05-13 03:14:24,068 [INFO] [INFO   ] nadia_ai.scrapers.traspasos: Traspaso: Traspaso | Industria | Zaragoza
2026-05-13 03:14:24,068 [INFO] [INFO   ] nadia_ai.scrapers.traspasos: Traspaso: INDUSTRIAS BIAL S.L.: Empresa de carpint | Industria | Zaragoza
2026-05-13 03:14:24,068 [INFO] --- Logging error ---
2026-05-13 03:14:24,068 [INFO] Traceback (most recent call last):
2026-05-13 03:14:24,068 [INFO] File "C:\Python314\Lib\logging\__init__.py", line 1154, in emit
2026-05-13 03:14:24,068 [INFO] stream.write(msg + self.terminator)
2026-05-13 03:14:24,068 [INFO] ~~~~~~~~~~~~^^^^^^^^^^^^^^^^^^^^^^^
2026-05-13 03:14:24,068 [INFO] File "C:\Python314\Lib\encodings\cp1252.py", line 19, in encode
2026-05-13 03:14:24,068 [INFO] return codecs.charmap_encode(input,self.errors,encoding_table)[0]
2026-05-13 03:14:24,068 [INFO] ~~~~~~~~~~~~~~~~~~~~~^^^^^^^^^^^^^^^^^^^^^^^^^^^^^^^^^^
2026-05-13 03:14:24,069 [INFO] UnicodeEncodeError: 'charmap' codec can't encode characters in position 49-50: character maps to <undefined>
2026-05-13 03:14:24,069 [INFO] Call stack:
2026-05-13 03:14:24,069 [INFO] File "C:\Python314\Lib\threading.py", line 1043, in _bootstrap
2026-05-13 03:14:24,069 [INFO] self._bootstrap_inner()
2026-05-13 03:14:24,069 [INFO] File "C:\Python314\Lib\threading.py", line 1081, in _bootstrap_inner
2026-05-13 03:14:24,069 [INFO] self._context.run(self.run)
2026-05-13 03:14:24,069 [INFO] File "C:\Python314\Lib\threading.py", line 1023, in run
2026-05-13 03:14:24,069 [INFO] self._target(*self._args, **self._kwargs)
2026-05-13 03:14:24,069 [INFO] File "C:\Python314\Lib\concurrent\futures\thread.py", line 119, in _worker
2026-05-13 03:14:24,069 [INFO] work_item.run(ctx)
2026-05-13 03:14:24,069 [INFO] File "C:\Python314\Lib\concurrent\futures\thread.py", line 86, in run
2026-05-13 03:14:24,069 [INFO] result = ctx.run(self.task)
2026-05-13 03:14:24,069 [INFO] File "C:\Python314\Lib\concurrent\futures\thread.py", line 73, in run
2026-05-13 03:14:24,069 [INFO] return fn(*args, **kwargs)
2026-05-13 03:14:24,070 [INFO] File "C:\Users\anaim\OneDrive\Escritorio\NadiaAI\src\nadia_ai\scrapers\traspasos.py", line 315, in scrape_traspasos
2026-05-13 03:14:24,070 [INFO] logger.info(
2026-05-13 03:14:24,070 [INFO] Message: 'Traspaso: %s | %s | %s'
2026-05-13 03:14:24,070 [INFO] Arguments: ('\U0001f956\U0001f525 ¡OPORTUNIDAD ÚNICA EN CALATORAO! PANA', 'Servicios', 'Zaragoza')
2026-05-13 03:14:24,070 [INFO] [INFO   ] nadia_ai.scrapers.traspasos: Traspaso: Traspaso por jubilación «Ecoven Aragon S | Comercio | Zaragoza
2026-05-13 03:14:24,070 [INFO] [INFO   ] nadia_ai.scrapers.traspasos: Traspaso: Traspaso por jubilación «Merceria Gari» | Comercio | Zaragoza
2026-05-13 03:14:24,070 [INFO] [INFO   ] nadia_ai.scrapers.traspasos: Traspaso: Negocio de cortinas «Montiel Decor» | Comercio | Zaragoza
2026-05-13 03:14:24,070 [INFO] [INFO   ] nadia_ai.scrapers.traspasos: Traspaso: TRASPASO LICEO GOYA | Servicios | Zaragoza
2026-05-13 03:14:24,070 [INFO] [INFO   ] nadia_ai.scrapers.traspasos: Traspaso: TRASPASO  Calderería Manufe. Taller indu | Industria | Zaragoza
2026-05-13 03:14:24,070 [INFO] [INFO   ] nadia_ai.scrapers.traspasos: Traspaso: TRASPASO dbd´ideas | Comercio | Zaragoza
2026-05-13 03:14:24,070 [INFO] --- Logging error ---
2026-05-13 03:14:24,070 [INFO] Traceback (most recent call last):
2026-05-13 03:14:24,070 [INFO] File "C:\Python314\Lib\logging\__init__.py", line 1154, in emit
2026-05-13 03:14:24,071 [INFO] stream.write(msg + self.terminator)
2026-05-13 03:14:24,071 [INFO] ~~~~~~~~~~~~^^^^^^^^^^^^^^^^^^^^^^^
2026-05-13 03:14:24,071 [INFO] File "C:\Python314\Lib\encodings\cp1252.py", line 19, in encode
2026-05-13 03:14:24,071 [INFO] return codecs.charmap_encode(input,self.errors,encoding_table)[0]
2026-05-13 03:14:24,071 [INFO] ~~~~~~~~~~~~~~~~~~~~~^^^^^^^^^^^^^^^^^^^^^^^^^^^^^^^^^^
2026-05-13 03:14:24,071 [INFO] UnicodeEncodeError: 'charmap' codec can't encode character '\u2702' in position 49: character maps to <undefined>
2026-05-13 03:14:24,071 [INFO] Call stack:
2026-05-13 03:14:24,071 [INFO] File "C:\Python314\Lib\threading.py", line 1043, in _bootstrap
2026-05-13 03:14:24,071 [INFO] self._bootstrap_inner()
2026-05-13 03:14:24,071 [INFO] File "C:\Python314\Lib\threading.py", line 1081, in _bootstrap_inner
2026-05-13 03:14:24,071 [INFO] self._context.run(self.run)
2026-05-13 03:14:24,071 [INFO] File "C:\Python314\Lib\threading.py", line 1023, in run
2026-05-13 03:14:24,071 [INFO] self._target(*self._args, **self._kwargs)
2026-05-13 03:14:24,071 [INFO] File "C:\Python314\Lib\concurrent\futures\thread.py", line 119, in _worker
2026-05-13 03:14:24,071 [INFO] work_item.run(ctx)
2026-05-13 03:14:24,071 [INFO] File "C:\Python314\Lib\concurrent\futures\thread.py", line 86, in run
2026-05-13 03:14:24,071 [INFO] result = ctx.run(self.task)
2026-05-13 03:14:24,072 [INFO] File "C:\Python314\Lib\concurrent\futures\thread.py", line 73, in run
2026-05-13 03:14:24,072 [INFO] return fn(*args, **kwargs)
2026-05-13 03:14:24,072 [INFO] File "C:\Users\anaim\OneDrive\Escritorio\NadiaAI\src\nadia_ai\scrapers\traspasos.py", line 315, in scrape_traspasos
2026-05-13 03:14:24,072 [INFO] logger.info(
2026-05-13 03:14:24,072 [INFO] Message: 'Traspaso: %s | %s | %s'
2026-05-13 03:14:24,072 [INFO] Arguments: ('\u2702 URGE TRASPASO SALÓN DE AUTOR «VILLENA ', 'Servicios', 'Zaragoza')
2026-05-13 03:14:24,072 [INFO] [INFO   ] nadia_ai.scrapers.traspasos: Traspaso: Se traspasa sala multiusos en funcionami | Servicios | Zaragoza
2026-05-13 03:14:24,072 [INFO] [INFO   ] nadia_ai.scrapers.traspasos: Traspaso: Carnicería Cortés, un referente en Caspe | Comercio | Zaragoza
2026-05-13 03:14:24,072 [INFO] [INFO   ] nadia_ai.scrapers.traspasos: Traspaso: Tienda de moda en el centro de Zaragoza | Comercio | Zaragoza
2026-05-13 03:14:24,072 [INFO] [INFO   ] nadia_ai.scrapers.traspasos: Traspaso: Traspaso tienda alimentación: Productos  | Comercio | Zaragoza
2026-05-13 03:14:24,072 [INFO] [INFO   ] nadia_ai.scrapers.traspasos: Traspaso: Oportunidad sector bordado especializado | Comercio | Zaragoza
2026-05-13 03:14:24,072 [INFO] [INFO   ] nadia_ai.scrapers.traspasos: Traspaso: Se traspasa negocio de telefonía móvil | Comercio | Zaragoza
2026-05-13 03:14:24,072 [INFO] [INFO   ] nadia_ai.scrapers.traspasos: Traspaso: Traspaso/Alquiler de centro de peluquerí | Servicios | Zaragoza
2026-05-13 03:14:24,072 [INFO] [INFO   ] nadia_ai.scrapers.traspasos: Traspaso: Traspaso comercio de artículos de regalo | Comercio | Zaragoza
2026-05-13 03:14:24,072 [INFO] [INFO   ] nadia_ai.scrapers.traspasos: Traspaso: Se traspasa comercio textil de estilo ca | Comercio | Zaragoza
2026-05-13 03:14:24,072 [INFO] [INFO   ] nadia_ai.scrapers.traspasos: Traspasos scrape complete: 21 records (zaragoza_only=True)
2026-05-13 03:14:24,073 [INFO] [INFO   ] nadia_ai.run: Traspasos: 21 new records
2026-05-13 03:14:44,749 [INFO] [ERROR  ] nadia_ai.scrapers.bop: BOP query 'herencia abintestato' failed: HTTPConnectionPool(host='bop.dpz.es', port=80): Max retries exceeded with url: /BOPZ/portalBuscarEdictos.do?busqueda=herencia+abintestato&fechaDesde=12%2F02%2F2026&fechaHasta=13%2F05%2F2026 (Caused by ConnectTimeoutError(<HTTPConnection(host='bop.dpz.es', port=80) at 0x25da8e52c10>, 'Connection to bop.dpz.es timed out. (connect timeout=60)'))
2026-05-13 03:15:05,823 [INFO] [ERROR  ] nadia_ai.scrapers.bop: BOP query 'herencia yacente' failed: HTTPConnectionPool(host='bop.dpz.es', port=80): Max retries exceeded with url: /BOPZ/portalBuscarEdictos.do?busqueda=herencia+yacente&fechaDesde=12%2F02%2F2026&fechaHasta=13%2F05%2F2026 (Caused by ConnectTimeoutError(<HTTPConnection(host='bop.dpz.es', port=80) at 0x25da8e52710>, 'Connection to bop.dpz.es timed out. (connect timeout=60)'))
2026-05-13 03:15:26,878 [INFO] [ERROR  ] nadia_ai.scrapers.bop: BOP query 'acta de notoriedad herederos' failed: HTTPConnectionPool(host='bop.dpz.es', port=80): Max retries exceeded with url: /BOPZ/portalBuscarEdictos.do?busqueda=acta+de+notoriedad+herederos&fechaDesde=12%2F02%2F2026&fechaHasta=13%2F05%2F2026 (Caused by ConnectTimeoutError(<HTTPConnection(host='bop.dpz.es', port=80) at 0x25daa0543e0>, 'Connection to bop.dpz.es timed out. (connect timeout=60)'))
2026-05-13 03:15:26,878 [INFO] [INFO   ] nadia_ai.scrapers.bop: BOP scrape complete: 0 unique records
2026-05-13 03:15:26,878 [INFO] [INFO   ] nadia_ai.run: Bop: 0 new records
2026-05-13 03:18:26,110 [INFO] Starting Production Night Pipeline at 2026-05-13 03:18:26.109920
2026-05-13 03:18:26,110 [INFO] --- STARTING: Main Pipeline ---
2026-05-13 03:18:26,246 [INFO] [INFO   ] nadia_ai.run: Pipeline started for last 90 days at 2026-05-13T07:18:26.246608+00:00
2026-05-13 03:18:26,265 [INFO] [INFO   ] nadia_ai.db: Database schema initialized
2026-05-13 03:18:26,266 [INFO] [INFO   ] nadia_ai.run: TTL cleanup: purged 0 expired person records
2026-05-13 03:18:26,433 [INFO] [INFO   ] nadia_ai.merge: Recomputed deadlines for 61 leads
2026-05-13 03:18:26,433 [INFO] [INFO   ] nadia_ai.run: Plusvalía Clock: recomputed 61 lead deadlines
2026-05-13 03:18:26,440 [INFO] [INFO   ] nadia_ai.run: Starting concurrent scrapers (ThreadPoolExecutor)...
2026-05-13 03:18:26,775 [INFO] [INFO   ] nadia_ai.scrapers.boe: Scraping BOE for the last 90 days...
2026-05-13 03:18:28,600 [INFO] [INFO   ] nadia_ai.scrapers.boa: BOA query 'sucesion+legal+comunidad+autonoma+aragon': 65 results
2026-05-13 03:18:28,770 [INFO] [INFO   ] nadia_ai.scrapers.tablon: Tablón query returned 10 records (total: 10) [q=(tipo.id==29,tipo.id==26,tipo.id==28);publicationDate=ge=2026-02-12T07:18:26]
2026-05-13 03:18:29,088 [INFO] [INFO   ] nadia_ai.scrapers.tablon: Tablón query returned 9 records (total: 9) [q=(title==*herederos*,title==*herencia*,title==*abintestato*,title==*notoriedad*,title==*subasta*,title==*enajenacion*);publicationDate=ge=2026-02-12T07:18:26]
2026-05-13 03:18:29,088 [INFO] [INFO   ] nadia_ai.scrapers.tablon: Tablón total unique records: 10
2026-05-13 03:18:29,088 [INFO] [INFO   ] nadia_ai.scrapers.tablon: Tablón lead: José-Antonio ROIG BELLVER (source_id=4163)
2026-05-13 03:18:29,089 [INFO] [INFO   ] nadia_ai.scrapers.tablon: Tablón lead: Inmaculada Hoces Leza (source_id=4158)
2026-05-13 03:18:29,089 [INFO] [INFO   ] nadia_ai.scrapers.tablon: Tablón lead: María Pilar Trasobares Andrés (source_id=4157)
2026-05-13 03:18:29,089 [INFO] [INFO   ] nadia_ai.scrapers.tablon: Tablón lead: Gheorge Merlan (source_id=4156)
2026-05-13 03:18:29,089 [INFO] [INFO   ] nadia_ai.scrapers.tablon: Tablón lead: María-Reyes López Gimeno (source_id=4154)
2026-05-13 03:18:29,089 [INFO] [INFO   ] nadia_ai.scrapers.tablon: Tablón lead: Benito Artal Artal (source_id=4150)
2026-05-13 03:18:29,089 [INFO] [INFO   ] nadia_ai.scrapers.tablon: Tablón lead: Joaquina Ortiz Garcés (source_id=4146)
2026-05-13 03:18:29,089 [INFO] [INFO   ] nadia_ai.scrapers.tablon: Tablón lead: Ramón José Chueca Alonso (source_id=4136)
2026-05-13 03:18:29,089 [INFO] [INFO   ] nadia_ai.scrapers.tablon: Tablón lead: Tomás Otero Vazquez (source_id=4131)
2026-05-13 03:18:29,089 [INFO] [INFO   ] nadia_ai.scrapers.tablon: Tablón scrape complete: 10 records
2026-05-13 03:18:29,089 [INFO] [INFO   ] nadia_ai.run: Tablon: 10 new records
2026-05-13 03:18:30,122 [INFO] [INFO   ] nadia_ai.scrapers.boa: BOA query 'Junta+Distribuidora+Herencias': 48 results
2026-05-13 03:18:30,256 [INFO] [INFO   ] nadia_ai.scrapers.esquelas: Esquela: Margarita Muñoz Frias (id=9323468f386c)
2026-05-13 03:18:30,257 [INFO] [INFO   ] nadia_ai.scrapers.esquelas: Esquela: Victor Sarrato Fontana (id=0f2baa8b339f)
2026-05-13 03:18:30,258 [INFO] [INFO   ] nadia_ai.scrapers.esquelas: Esquela: Jose Ruiz Bernal (id=9e85e569ebab)
2026-05-13 03:18:30,258 [INFO] [INFO   ] nadia_ai.scrapers.esquelas: Esquela: Aurica Braila (id=0aaf7ba165f7)
2026-05-13 03:18:30,258 [INFO] [INFO   ] nadia_ai.scrapers.esquelas: Esquela: Carmen Sanchez Abenia (id=cc079886c2a7)
2026-05-13 03:18:30,258 [INFO] [INFO   ] nadia_ai.scrapers.esquelas: Esquela: Jose Antonio Maestro Maestro (id=feab6a429c57)
2026-05-13 03:18:30,258 [INFO] [INFO   ] nadia_ai.scrapers.esquelas: Esquela: Pilar Castillo Delgado (id=1dd57ca732a5)
2026-05-13 03:18:30,258 [INFO] [INFO   ] nadia_ai.scrapers.esquelas: Esquela: Antonio Vila Solanas (id=4c938d62c781)
2026-05-13 03:18:30,259 [INFO] [INFO   ] nadia_ai.scrapers.esquelas: Esquela: Maria Paz Serrano Lopez (id=90df429d9508)
2026-05-13 03:18:30,259 [INFO] [INFO   ] nadia_ai.scrapers.esquelas: Esquela: Alejandra Ruperez Valtueña (id=20e41f0be468)
2026-05-13 03:18:30,259 [INFO] [INFO   ] nadia_ai.scrapers.esquelas: Memora page 0: 10 new records
2026-05-13 03:18:32,289 [INFO] [INFO   ] nadia_ai.scrapers.boa: BOA query 'declaracion+de+herederos': 42 results
2026-05-13 03:18:32,903 [INFO] [INFO   ] nadia_ai.scrapers.esquelas: Esquela: Pilar Sonia Lopez Turon (id=8139c11a8fd0)
2026-05-13 03:18:32,903 [INFO] [INFO   ] nadia_ai.scrapers.esquelas: Esquela: Maria Teresa Diloy Vicente (id=f57c293de6b0)
2026-05-13 03:18:32,903 [INFO] [INFO   ] nadia_ai.scrapers.esquelas: Esquela: Manuel Aparicio Martinez (id=50b1967a697f)
2026-05-13 03:18:32,903 [INFO] [INFO   ] nadia_ai.scrapers.esquelas: Esquela: Carmen Rodrigo Rubio (id=5c49975dd6b2)
2026-05-13 03:18:32,903 [INFO] [INFO   ] nadia_ai.scrapers.esquelas: Esquela: Jose Luis Borgoñon Ferruz + (id=801c65c87531)
2026-05-13 03:18:32,903 [INFO] [INFO   ] nadia_ai.scrapers.esquelas: Esquela: Domingo Tallada Buñuel (id=2356808abeee)
2026-05-13 03:18:32,903 [INFO] [INFO   ] nadia_ai.scrapers.esquelas: Esquela: Jesus Sanz Sanjuan (id=31e31f06cc2f)
2026-05-13 03:18:32,903 [INFO] [INFO   ] nadia_ai.scrapers.esquelas: Esquela: Maria Gemma Velazquez Ariza (id=6a4119f5f7c3)
2026-05-13 03:18:32,903 [INFO] [INFO   ] nadia_ai.scrapers.esquelas: Esquela: Miguel Angel Lain Agudo (id=3d327f4eb1fd)
2026-05-13 03:18:32,903 [INFO] [INFO   ] nadia_ai.scrapers.esquelas: Esquela: Jesus Gonzalez Liesa (id=c4e28b85c0c1)
2026-05-13 03:18:32,903 [INFO] [INFO   ] nadia_ai.scrapers.esquelas: Memora page 1: 10 new records
2026-05-13 03:18:33,397 [INFO] [INFO   ] nadia_ai.scrapers.boa: BOA query 'herencia+yacente': 2 results
2026-05-13 03:18:34,375 [INFO] [INFO   ] nadia_ai.scrapers.boa: BOA query 'herederos+abintestato': 5 results
2026-05-13 03:18:34,523 [INFO] [INFO   ] nadia_ai.scrapers.borme: BORME scrape complete: 0 records
2026-05-13 03:18:34,524 [INFO] [INFO   ] nadia_ai.run: Borme: 0 new records
2026-05-13 03:18:35,204 [INFO] [ERROR  ] nadia_ai.scrapers.boa: BOA returned non-JSON response for query: acta+notoriedad+herederos
2026-05-13 03:18:35,205 [INFO] [INFO   ] nadia_ai.scrapers.boa: BOA query 'acta+notoriedad+herederos': 0 results
2026-05-13 03:18:35,205 [INFO] [INFO   ] nadia_ai.scrapers.boa: BOA scrape complete: 0 unique records
2026-05-13 03:18:35,205 [INFO] [INFO   ] nadia_ai.run: Boa: 0 new records
2026-05-13 03:18:35,437 [INFO] [INFO   ] nadia_ai.scrapers.defunciones: Defunción: Aurica Braila [Zaragoza] (id=d1175b1bc8e4)
2026-05-13 03:18:35,438 [INFO] [INFO   ] nadia_ai.scrapers.defunciones: Defunción: Margarita Munoz Frias [Zaragoza] (id=fb2b55dac9a7)
2026-05-13 03:18:35,438 [INFO] [INFO   ] nadia_ai.scrapers.defunciones: Defunción: Maria Soledad De La Fuente Murlanch [Zaragoza] (id=0357735dbba9)
2026-05-13 03:18:35,438 [INFO] [INFO   ] nadia_ai.scrapers.defunciones: Defunción: Jose Ruiz Bernal [Almonacid De La Sierra] (id=afa736f7cc35)
2026-05-13 03:18:35,438 [INFO] [INFO   ] nadia_ai.scrapers.defunciones: Defunción: Jose Antonio Maestro Maestro [La Almunia De Dona Godina] (id=065a3fe9b57e)
2026-05-13 03:18:35,438 [INFO] [INFO   ] nadia_ai.scrapers.defunciones: Defunción: Pilar Castillo Delgado [Zaragoza] (id=feea9d7aa4f4)
2026-05-13 03:18:35,438 [INFO] [INFO   ] nadia_ai.scrapers.defunciones: Defunción: Luis Carlos Jose Julian Marco Garcia [Zaragoza] (id=fef9cf42c975)
2026-05-13 03:18:35,438 [INFO] [INFO   ] nadia_ai.scrapers.defunciones: Defunción: Maria Paz Serrano Lopez [Zaragoza] (id=498fcda2c30b)
2026-05-13 03:18:35,438 [INFO] [INFO   ] nadia_ai.scrapers.defunciones: Defunción: Victor Sarrato Fontana [Zaragoza] (id=f586e688a828)
2026-05-13 03:18:35,438 [INFO] [INFO   ] nadia_ai.scrapers.defunciones: Defunción: Alejandra Ruperez Valtuena [Zaragoza] (id=45e511937944)
2026-05-13 03:18:35,438 [INFO] [INFO   ] nadia_ai.scrapers.defunciones: defunciones.es page 1: 10 new records
2026-05-13 03:18:35,743 [INFO] [INFO   ] nadia_ai.scrapers.esquelas: Esquela: Mariano Muñoz Muñoz (id=a907b09fc2ae)
2026-05-13 03:18:35,743 [INFO] [INFO   ] nadia_ai.scrapers.esquelas: Esquela: Maria Mercedes Matute Murillo (id=4bb87cbe98e0)
2026-05-13 03:18:35,743 [INFO] [INFO   ] nadia_ai.scrapers.esquelas: Esquela: Jose Luis Redondo Fornies (id=a47040ffc50e)
2026-05-13 03:18:35,743 [INFO] [INFO   ] nadia_ai.scrapers.esquelas: Esquela: Angel Huerta Palacios (id=04b919338bd3)
2026-05-13 03:18:35,743 [INFO] [INFO   ] nadia_ai.scrapers.esquelas: Esquela: Francisco Moreno Perez (id=dfe2b588a798)
2026-05-13 03:18:35,743 [INFO] [INFO   ] nadia_ai.scrapers.esquelas: Esquela: Joaquin Monge Gutierrez (id=6f98e3a05c1b)
2026-05-13 03:18:35,743 [INFO] [INFO   ] nadia_ai.scrapers.esquelas: Memora: reached date cutoff at page 2
2026-05-13 03:18:35,743 [INFO] [INFO   ] nadia_ai.scrapers.cee: CEE: Fetching consulta form page
2026-05-13 03:18:35,743 [INFO] [INFO   ] nadia_ai.run: Esquelas: 26 new records
2026-05-13 03:18:35,818 [INFO] [INFO   ] nadia_ai.scrapers.iesquelas: iEsquela: Bhavaviveka Castelo Paiva [Zaragoza] (id=ff51e7312711)
2026-05-13 03:18:35,818 [INFO] [INFO   ] nadia_ai.scrapers.iesquelas: iEsquela: Kuntí Soriano Moreau [Zaragoza] (id=0b6dbd956c28)
2026-05-13 03:18:35,818 [INFO] [INFO   ] nadia_ai.scrapers.iesquelas: iEsquela: Daniel Allain Müller [Zaragoza] (id=61aab7bad91c)
2026-05-13 03:18:35,818 [INFO] [INFO   ] nadia_ai.scrapers.iesquelas: iEsquela: Jacobo Villalba Pina [Zaragoza] (id=e203177a529a)
2026-05-13 03:18:35,818 [INFO] [INFO   ] nadia_ai.scrapers.iesquelas: iEsquela: Milan Briand Leñero [Zaragoza] (id=e56565596d83)
2026-05-13 03:18:35,818 [INFO] [INFO   ] nadia_ai.scrapers.iesquelas: iEsquela: Helga Santisteban Albert [Zaragoza] (id=71b861e6063f)
2026-05-13 03:18:35,818 [INFO] [INFO   ] nadia_ai.scrapers.iesquelas: iEsquela: Joachim Cristina Robles [Zaragoza] (id=f409853106a4)
2026-05-13 03:18:35,818 [INFO] [INFO   ] nadia_ai.scrapers.iesquelas: iEsquela: Heraclio Abarquero Escribano [Zaragoza] (id=73d7fc07297f)
2026-05-13 03:18:35,818 [INFO] [INFO   ] nadia_ai.scrapers.iesquelas: iEsquela: Ingeborg Horta Aguiar [Zaragoza] (id=391c4d871813)
2026-05-13 03:18:35,818 [INFO] [INFO   ] nadia_ai.scrapers.iesquelas: iEsquela: Bogumil Soler Mayordomo [Zaragoza] (id=20fd91bb8555)
2026-05-13 03:18:35,818 [INFO] [INFO   ] nadia_ai.scrapers.iesquelas: iEsquela: Jean-Pierre Enríquez Guillou [Zaragoza] (id=43be9ee40448)
2026-05-13 03:18:35,818 [INFO] [INFO   ] nadia_ai.scrapers.iesquelas: iEsquela: Ambá Louis Amado [Zaragoza] (id=5ff17d91874f)
2026-05-13 03:18:35,819 [INFO] [INFO   ] nadia_ai.scrapers.iesquelas: iEsquela: Isaac Bescós Freitas [Zaragoza] (id=0e82de5a0cb9)
2026-05-13 03:18:35,819 [INFO] [INFO   ] nadia_ai.scrapers.iesquelas: iEsquela: Antoni Notario Pedrosa [Zaragoza] (id=84f4d6949f33)
2026-05-13 03:18:35,819 [INFO] [INFO   ] nadia_ai.scrapers.iesquelas: iEsquela: José María Rosado Lefevre [Zaragoza] (id=c390c78e033b)
2026-05-13 03:18:35,819 [INFO] [INFO   ] nadia_ai.scrapers.iesquelas: iEsquela: Muawiya Simón Bourgeois [Zaragoza] (id=bfcb8c8db9a2)
2026-05-13 03:18:35,819 [INFO] [INFO   ] nadia_ai.scrapers.iesquelas: iEsquela: Premislao Fernandes Santander [Zaragoza] (id=9c53254c0556)
2026-05-13 03:18:35,819 [INFO] [INFO   ] nadia_ai.scrapers.iesquelas: iEsquela: Pol Perrot Soriano [Zaragoza] (id=45c7ca25f02b)
2026-05-13 03:18:35,819 [INFO] [INFO   ] nadia_ai.scrapers.iesquelas: iEsquela: Violante Barreiros Gillet [Zaragoza] (id=814dad726dde)
2026-05-13 03:18:35,819 [INFO] [INFO   ] nadia_ai.scrapers.iesquelas: iEsquela: Vasilisa Castelo Morais [Zaragoza] (id=0f02244d9459)
2026-05-13 03:18:35,819 [INFO] [INFO   ] nadia_ai.scrapers.iesquelas: iEsquela: Aníbal Rabellino Guzmán [Zaragoza] (id=507a81ae2314)
2026-05-13 03:18:35,819 [INFO] [INFO   ] nadia_ai.scrapers.iesquelas: iEsquela: Sandra Alexandre Romão [Zaragoza] (id=f6b882c6798a)
2026-05-13 03:18:35,819 [INFO] [INFO   ] nadia_ai.scrapers.iesquelas: iEsquela: Arnaldo Peral Fernandes [Zaragoza] (id=b57709e6d097)
2026-05-13 03:18:35,819 [INFO] [INFO   ] nadia_ai.scrapers.iesquelas: iEsquela: Débora Antúnez Cabral [Zaragoza] (id=b186993613be)
2026-05-13 03:18:35,819 [INFO] [INFO   ] nadia_ai.scrapers.iesquelas: iEsquela: Belisario Castelo Ruiz [Zaragoza] (id=ccf79415e80a)
2026-05-13 03:18:35,819 [INFO] [INFO   ] nadia_ai.scrapers.iesquelas: iEsquela: Javier Serrano Gillet [Zaragoza] (id=bb16d04df1e1)
2026-05-13 03:18:35,820 [INFO] [INFO   ] nadia_ai.scrapers.iesquelas: iEsquela: O Martínez Leal [Zaragoza] (id=db48cb05404e)
2026-05-13 03:18:35,820 [INFO] [INFO   ] nadia_ai.scrapers.iesquelas: iEsquela: Amancio Freitas Pereire [Zaragoza] (id=ac2b435881d2)
2026-05-13 03:18:35,820 [INFO] [INFO   ] nadia_ai.scrapers.iesquelas: iEsquela: Narakasura Pestana Martínez [Zaragoza] (id=f7c937a21c01)
2026-05-13 03:18:35,820 [INFO] [INFO   ] nadia_ai.scrapers.iesquelas: iEsquela: Belinda Bello Mendes [Zaragoza] (id=5ab5bc78f15a)
2026-05-13 03:18:35,820 [INFO] [INFO   ] nadia_ai.scrapers.iesquelas: iEsquela: Laksman Sen Montilla Figueira [Zaragoza] (id=ee570966515f)
2026-05-13 03:18:35,820 [INFO] [INFO   ] nadia_ai.scrapers.iesquelas: iEsquela: Casandra Hardy Dupont [Zaragoza] (id=794b80d31105)
2026-05-13 03:18:35,820 [INFO] [INFO   ] nadia_ai.scrapers.iesquelas: iEsquela: Sidonio Joubert António [Zaragoza] (id=7f55ad21449c)
2026-05-13 03:18:35,820 [INFO] [INFO   ] nadia_ai.scrapers.iesquelas: iEsquela: Judá Pastor Vaca [Zaragoza] (id=c2fdb112ef2a)
2026-05-13 03:18:35,820 [INFO] [INFO   ] nadia_ai.scrapers.iesquelas: iEsquela: Goliat Rocha Cuevas [Zaragoza] (id=d0e2a15ec657)
2026-05-13 03:18:35,820 [INFO] [INFO   ] nadia_ai.scrapers.iesquelas: iEsquela: Agastia Correia Chávez [Zaragoza] (id=fe6349706104)
2026-05-13 03:18:35,820 [INFO] [INFO   ] nadia_ai.scrapers.iesquelas: iEsquela: Taciana Clavel Ramos [Zaragoza] (id=e6e152b34bd9)
2026-05-13 03:18:35,820 [INFO] [INFO   ] nadia_ai.scrapers.iesquelas: iEsquela: Brian Serra Salazar [Zaragoza] (id=cc5ee9cde446)
2026-05-13 03:18:35,821 [INFO] [INFO   ] nadia_ai.scrapers.iesquelas: iEsquelas scrape complete: 38 records
2026-05-13 03:18:35,821 [INFO] [INFO   ] nadia_ai.scrapers.ite: ITE: Trying API endpoint: https://www.zaragoza.es/sede/servicio/urbanismo-infraestructuras/inspeccion-tecnica-edificio.json
2026-05-13 03:18:35,821 [INFO] [INFO   ] nadia_ai.run: Iesquelas: 38 new records
2026-05-13 03:18:36,637 [INFO] [INFO   ] nadia_ai.scrapers.defunciones: Defunción: Antonio Vila Solanas [Zaragoza] (id=57b5906213e2)
2026-05-13 03:18:36,637 [INFO] [INFO   ] nadia_ai.scrapers.defunciones: Defunción: Pilar Sonia Lopez Turon [Zaragoza] (id=5119a2ecd3ed)
2026-05-13 03:18:36,637 [INFO] [INFO   ] nadia_ai.scrapers.defunciones: Defunción: Sara Lahuerta Martinez [Zaragoza] (id=1bc4c2dfe3e0)
2026-05-13 03:18:36,637 [INFO] [INFO   ] nadia_ai.scrapers.defunciones: Defunción: Jose Luis Borgonon Ferruz [Ejea De Los Caballeros] (id=f9bdf0f3560b)
2026-05-13 03:18:36,638 [INFO] [INFO   ] nadia_ai.scrapers.defunciones: Defunción: Carmen Rodrigo Rubio [Zaragoza] (id=da668df454b0)
2026-05-13 03:18:36,638 [INFO] [INFO   ] nadia_ai.scrapers.defunciones: Defunción: Manuel Aparicio Martinez [Zaragoza] (id=c13f1cd35123)
2026-05-13 03:18:36,638 [INFO] [INFO   ] nadia_ai.scrapers.defunciones: Defunción: Miguel Perez Alloza [Zaragoza] (id=86a39cdcc18b)
2026-05-13 03:18:36,638 [INFO] [INFO   ] nadia_ai.scrapers.defunciones: Defunción: Jesus Sanz Sanjuan [Zaragoza] (id=8e9c8207ab1f)
2026-05-13 03:18:36,638 [INFO] [INFO   ] nadia_ai.scrapers.defunciones: Defunción: Carmen Ibanez Serrano [Alagon] (id=c4e5b4c24471)
2026-05-13 03:18:36,638 [INFO] [INFO   ] nadia_ai.scrapers.defunciones: defunciones.es page 2: 9 new records
2026-05-13 03:18:36,801 [INFO] [INFO   ] nadia_ai.scrapers.ite: ITE: Trying API endpoint: https://www.zaragoza.es/sede/servicio/urbanismo-infraestructuras/ite.json
2026-05-13 03:18:36,823 [INFO] [INFO   ] nadia_ai.scrapers.cee: CEE: Extracted ViewState (40 chars), form_id=consultasForm
2026-05-13 03:18:36,823 [INFO] [INFO   ] nadia_ai.scrapers.cee: CEE: Submitting search form (AJAX POST)
2026-05-13 03:18:36,970 [INFO] [INFO   ] nadia_ai.scrapers.ite: ITE: Trying API endpoint: https://www.zaragoza.es/sede/servicio/ite.json
2026-05-13 03:18:37,127 [INFO] [INFO   ] nadia_ai.scrapers.ite: ITE: Trying API endpoint: https://www.zaragoza.es/sede/servicio/inspeccion-tecnica-edificio.json
2026-05-13 03:18:37,304 [INFO] [INFO   ] nadia_ai.scrapers.ite: ITE: All API endpoints failed, trying catalog fallback
2026-05-13 03:18:37,677 [INFO] [INFO   ] nadia_ai.scrapers.cee: CEE: No tables found in results page
2026-05-13 03:18:37,677 [INFO] [INFO   ] nadia_ai.scrapers.cee: CEE: Re-fetching page after form submission
2026-05-13 03:18:37,835 [INFO] [INFO   ] nadia_ai.scrapers.defunciones: Defunción: Esteban Llorente Asensio [Zaragoza] (id=a11a22364942)
2026-05-13 03:18:37,836 [INFO] [INFO   ] nadia_ai.scrapers.defunciones: Defunción: Agustin Mayorga Moreno [Zaragoza] (id=3dd2057bc2ce)
2026-05-13 03:18:37,836 [INFO] [INFO   ] nadia_ai.scrapers.defunciones: Defunción: Maria Gemma Velazquez Ariza [Zaragoza] (id=8eaed73b789c)
2026-05-13 03:18:37,836 [INFO] [INFO   ] nadia_ai.scrapers.defunciones: Defunción: Maria Carmen Prado Arqued [Zaragoza] (id=a84bd566907f)
2026-05-13 03:18:37,836 [INFO] [INFO   ] nadia_ai.scrapers.defunciones: Defunción: Jesus Gonzalez Liesa [Zaragoza] (id=e0405abce75c)
2026-05-13 03:18:37,836 [INFO] [INFO   ] nadia_ai.scrapers.defunciones: Defunción: Miguel Angel Lain Agudo [Carinena] (id=6509c44ca04d)
2026-05-13 03:18:37,836 [INFO] [INFO   ] nadia_ai.scrapers.defunciones: Defunción: Longinos Aisa Berduque [Luna] (id=ab66afa2812a)
2026-05-13 03:18:37,836 [INFO] [INFO   ] nadia_ai.scrapers.defunciones: Defunción: Santiago Garriga Castro [Zaragoza] (id=5bbb20017d0f)
2026-05-13 03:18:37,836 [INFO] [INFO   ] nadia_ai.scrapers.defunciones: Defunción: Antonio Jordan Peman [Zaragoza] (id=92d69c812c3f)
2026-05-13 03:18:37,836 [INFO] [INFO   ] nadia_ai.scrapers.defunciones: Defunción: Joaquin Monge Gutierrez [Ariza] (id=20c1b4d07c99)
2026-05-13 03:18:37,836 [INFO] [INFO   ] nadia_ai.scrapers.defunciones: defunciones.es page 3: 10 new records
2026-05-13 03:18:38,531 [INFO] [INFO   ] nadia_ai.scrapers.ite: ITE catalog: Found potential link: /sede/portal/tramites-servicios/
2026-05-13 03:18:38,535 [INFO] [INFO   ] nadia_ai.scrapers.cee: CEE: No tables found in results page
2026-05-13 03:18:38,535 [INFO] [INFO   ] nadia_ai.scrapers.cee: CEE scrape complete: 0 records (last 90 days)
2026-05-13 03:18:38,537 [INFO] [INFO   ] nadia_ai.run: Cee: 0 new records
2026-05-13 03:18:38,949 [INFO] [INFO   ] nadia_ai.scrapers.ite: ITE catalog: Found potential link: /sede/portal/tramites-servicios/
2026-05-13 03:18:39,032 [INFO] [INFO   ] nadia_ai.scrapers.defunciones: Defunción: Amalia Cistina Herrerias Guerrero [Zaragoza] (id=4fe8c29d6945)
2026-05-13 03:18:39,032 [INFO] [INFO   ] nadia_ai.scrapers.defunciones: Defunción: Carmen Garcia Benitez [Torres De Berrellen] (id=ec50a42b249e)
2026-05-13 03:18:39,032 [INFO] [INFO   ] nadia_ai.scrapers.defunciones: Defunción: Francisco Moreno Perez [Utebo] (id=32a87264f472)
2026-05-13 03:18:39,032 [INFO] [INFO   ] nadia_ai.scrapers.defunciones: Defunción: Angel Huerta Palacios [Zaragoza] (id=ed108100489c)
2026-05-13 03:18:39,032 [INFO] [INFO   ] nadia_ai.scrapers.defunciones: Defunción: Maria Mercedes Matute Murillo [Zaragoza] (id=fdabd9e8a07e)
2026-05-13 03:18:39,032 [INFO] [INFO   ] nadia_ai.scrapers.defunciones: Defunción: Jesus Emilio Gonzalez Moros [Zaragoza] (id=c9f7f179893f)
2026-05-13 03:18:39,032 [INFO] [INFO   ] nadia_ai.scrapers.defunciones: Defunción: Pedro Antonio San Nicolas Navarro [Zaragoza] (id=69d7a55ee4f2)
2026-05-13 03:18:39,032 [INFO] [INFO   ] nadia_ai.scrapers.defunciones: Defunción: Antonio Sanchez Gomez [Zaragoza] (id=0e93022751b8)
2026-05-13 03:18:39,032 [INFO] [INFO   ] nadia_ai.scrapers.defunciones: Defunción: Valentin Torremocha Garcia [Zaragoza] (id=720deea53a89)
2026-05-13 03:18:39,032 [INFO] [INFO   ] nadia_ai.scrapers.defunciones: Defunción: Ofelia Gracia Palacios [Zaragoza] (id=688dca97f931)
2026-05-13 03:18:39,033 [INFO] [INFO   ] nadia_ai.scrapers.defunciones: defunciones.es page 4: 10 new records
2026-05-13 03:18:39,353 [INFO] [INFO   ] nadia_ai.scrapers.ite: ITE catalog: Found potential link: /sede/portal/tramites-servicios/
2026-05-13 03:18:39,353 [INFO] [WARNING] nadia_ai.scrapers.ite: ITE: No dataset found in catalog — data may not be publicly available
2026-05-13 03:18:39,354 [INFO] [INFO   ] nadia_ai.scrapers.ite: ITE scrape complete: 0 desfavorable records
2026-05-13 03:18:39,354 [INFO] [INFO   ] nadia_ai.run: Ite: 0 new records
2026-05-13 03:18:40,226 [INFO] [INFO   ] nadia_ai.scrapers.defunciones: Defunción: Jesus Gonzalez Moros [Zaragoza] (id=baad783dfdcd)
2026-05-13 03:18:40,226 [INFO] [INFO   ] nadia_ai.scrapers.defunciones: Defunción: Luis Lamet Alcazar [Zaragoza] (id=a179666cc1b2)
2026-05-13 03:18:40,227 [INFO] [INFO   ] nadia_ai.scrapers.defunciones: Defunción: Maria Angeles Catalan Lazaro [Zaragoza] (id=3117d6d2fe98)
2026-05-13 03:18:40,227 [INFO] [INFO   ] nadia_ai.scrapers.defunciones: Defunción: Yolanda Huerta Rodriguez [Zaragoza] (id=3cc7c11424dc)
2026-05-13 03:18:40,227 [INFO] [INFO   ] nadia_ai.scrapers.defunciones: Defunción: Concepcion Gracia Royo [Zaragoza] (id=39580d75247f)
2026-05-13 03:18:40,227 [INFO] [INFO   ] nadia_ai.scrapers.defunciones: Defunción: Maria Jesus Gimeno Gracia [Zaragoza] (id=6e55cc0e75bc)
2026-05-13 03:18:40,227 [INFO] [INFO   ] nadia_ai.scrapers.defunciones: Defunción: Maria Soledad Martinez Gracia [Zaragoza] (id=ebcede638642)
2026-05-13 03:18:40,227 [INFO] [INFO   ] nadia_ai.scrapers.defunciones: Defunción: Josefina Felipe Navarro [Zaragoza] (id=f3cb59b5f078)
2026-05-13 03:18:40,227 [INFO] [INFO   ] nadia_ai.scrapers.defunciones: Defunción: Ascension Perez Alfaro [Zaragoza] (id=6e5e4d1e6d06)
2026-05-13 03:18:40,227 [INFO] [INFO   ] nadia_ai.scrapers.defunciones: Defunción: Vicenta Monzon Perez [Zaragoza] (id=0d664e31bb83)
2026-05-13 03:18:40,227 [INFO] [INFO   ] nadia_ai.scrapers.defunciones: defunciones.es page 5: 10 new records
2026-05-13 03:18:41,427 [INFO] [INFO   ] nadia_ai.scrapers.defunciones: Defunción: Isabel Juarez Prieto [Zaragoza] (id=8f50035418fa)
2026-05-13 03:18:41,427 [INFO] [INFO   ] nadia_ai.scrapers.defunciones: Defunción: Angel Arto Berges [Zaragoza] (id=30429e10012a)
2026-05-13 03:18:41,427 [INFO] [INFO   ] nadia_ai.scrapers.defunciones: defunciones.es page 6: 2 new records
2026-05-13 03:18:42,626 [INFO] [INFO   ] nadia_ai.scrapers.defunciones: defunciones.es: no results on page 7, stopping
2026-05-13 03:18:42,626 [INFO] [INFO   ] nadia_ai.scrapers.defunciones: defunciones.es scrape complete: 51 records
2026-05-13 03:18:42,626 [INFO] [INFO   ] nadia_ai.run: Defunciones: 51 new records
2026-05-13 03:18:47,751 [INFO] [ERROR  ] nadia_ai.scrapers.bop: BOP query 'declaracion herederos' failed: HTTPConnectionPool(host='bop.dpz.es', port=80): Max retries exceeded with url: /BOPZ/portalBuscarEdictos.do?busqueda=declaracion+herederos&fechaDesde=12%2F02%2F2026&fechaHasta=13%2F05%2F2026 (Caused by ConnectTimeoutError(<HTTPConnection(host='bop.dpz.es', port=80) at 0x2f57febdfd0>, 'Connection to bop.dpz.es timed out. (connect timeout=60)'))
2026-05-13 03:19:08,817 [INFO] [ERROR  ] nadia_ai.scrapers.bop: BOP query 'herencia abintestato' failed: HTTPConnectionPool(host='bop.dpz.es', port=80): Max retries exceeded with url: /BOPZ/portalBuscarEdictos.do?busqueda=herencia+abintestato&fechaDesde=12%2F02%2F2026&fechaHasta=13%2F05%2F2026 (Caused by ConnectTimeoutError(<HTTPConnection(host='bop.dpz.es', port=80) at 0x2f57fc460d0>, 'Connection to bop.dpz.es timed out. (connect timeout=60)'))
2026-05-13 03:19:29,861 [INFO] [ERROR  ] nadia_ai.scrapers.bop: BOP query 'herencia yacente' failed: HTTPConnectionPool(host='bop.dpz.es', port=80): Max retries exceeded with url: /BOPZ/portalBuscarEdictos.do?busqueda=herencia+yacente&fechaDesde=12%2F02%2F2026&fechaHasta=13%2F05%2F2026 (Caused by ConnectTimeoutError(<HTTPConnection(host='bop.dpz.es', port=80) at 0x2f500527750>, 'Connection to bop.dpz.es timed out. (connect timeout=60)'))
2026-05-13 03:19:50,921 [INFO] [ERROR  ] nadia_ai.scrapers.bop: BOP query 'acta de notoriedad herederos' failed: HTTPConnectionPool(host='bop.dpz.es', port=80): Max retries exceeded with url: /BOPZ/portalBuscarEdictos.do?busqueda=acta+de+notoriedad+herederos&fechaDesde=12%2F02%2F2026&fechaHasta=13%2F05%2F2026 (Caused by ConnectTimeoutError(<HTTPConnection(host='bop.dpz.es', port=80) at 0x2f5017d0d60>, 'Connection to bop.dpz.es timed out. (connect timeout=60)'))
2026-05-13 03:19:50,922 [INFO] [INFO   ] nadia_ai.scrapers.bop: BOP scrape complete: 0 unique records
2026-05-13 03:19:50,922 [INFO] [INFO   ] nadia_ai.run: Bop: 0 new records
2026-05-13 03:38:50,065 [INFO] [INFO   ] nadia_ai.scrapers.boe: Total unique BOE leads found: 1175
2026-05-13 03:38:50,065 [INFO] [INFO   ] nadia_ai.run: Boe: 1175 new records
2026-05-13 03:38:50,131 [INFO] [INFO   ] nadia_ai.run: Enriched 0 records via Catastro
2026-05-13 03:38:50,483 [INFO] [INFO   ] nadia_ai.merge: Lead merge: 19 created, 1281 merged, 0 skipped
2026-05-13 03:38:50,483 [INFO] [INFO   ] nadia_ai.run: Merge: 19 created, 1281 merged, 0 skipped
2026-05-13 03:38:50,488 [INFO] [INFO   ] nadia_ai.scrapers.boe: Extracting text from: https://www.boe.es/diario_boe/txt.php?id=BOE-N-2026-104490
2026-05-13 03:39:03,031 [INFO] [INFO   ] nadia_ai.utils.extraction: Lead 1062: Tier B, heirs=0
2026-05-13 03:39:03,031 [INFO] [INFO   ] nadia_ai.scrapers.boe: Extracting text from: https://www.boe.es/diario_boe/txt.php?id=BOE-N-2026-104497
2026-05-13 03:39:08,697 [INFO] [INFO   ] nadia_ai.utils.extraction: Lead 1063: Tier B, heirs=0
2026-05-13 03:39:08,698 [INFO] [INFO   ] nadia_ai.scrapers.boe: Extracting text from: https://www.boe.es/diario_boe/txt.php?id=BOE-N-2026-104544
2026-05-13 03:39:14,362 [INFO] [INFO   ] nadia_ai.utils.extraction: Lead 1069: Tier B, heirs=0
2026-05-13 03:39:14,362 [INFO] [INFO   ] nadia_ai.scrapers.boe: Extracting text from: https://www.boe.es/diario_boe/txt.php?id=BOE-N-2026-104545
2026-05-13 03:39:19,981 [INFO] [INFO   ] nadia_ai.utils.extraction: Lead 1070: Tier B, heirs=0
2026-05-13 03:39:19,981 [INFO] [INFO   ] nadia_ai.scrapers.boe: Extracting text from: https://www.boe.es/diario_boe/txt.php?id=BOE-N-2026-362020
2026-05-13 03:39:25,610 [INFO] [INFO   ] nadia_ai.utils.extraction: Lead 1167: Tier B, heirs=0
2026-05-13 03:39:25,611 [INFO] [INFO   ] nadia_ai.scrapers.boe: Extracting text from: https://www.boe.es/diario_boe/txt.php?id=BOE-N-2026-349369
2026-05-13 03:39:31,270 [INFO] [INFO   ] nadia_ai.utils.extraction: Lead 116: Tier B, heirs=0
2026-05-13 03:39:31,270 [INFO] [INFO   ] nadia_ai.scrapers.boe: Extracting text from: https://www.boe.es/diario_boe/txt.php?id=BOE-N-2026-349957
2026-05-13 03:39:36,893 [INFO] [INFO   ] nadia_ai.utils.extraction: Lead 117: Tier B, heirs=0
2026-05-13 03:39:36,894 [INFO] [INFO   ] nadia_ai.scrapers.boe: Extracting text from: https://www.boe.es/diario_boe/txt.php?id=BOE-N-2026-349999
2026-05-13 03:39:42,541 [INFO] [INFO   ] nadia_ai.utils.extraction: Lead 121: Tier B, heirs=0
2026-05-13 03:39:42,541 [INFO] [INFO   ] nadia_ai.scrapers.boe: Extracting text from: https://www.boe.es/diario_boe/txt.php?id=BOE-N-2026-350009
2026-05-13 03:39:48,268 [INFO] [INFO   ] nadia_ai.utils.extraction: Lead 124: Tier B, heirs=0
2026-05-13 03:39:48,268 [INFO] [INFO   ] nadia_ai.scrapers.boe: Extracting text from: https://www.boe.es/diario_boe/txt.php?id=BOE-N-2026-350023
2026-05-13 03:39:53,981 [INFO] [INFO   ] nadia_ai.utils.extraction: Lead 126: Tier B, heirs=0
2026-05-13 03:39:53,981 [INFO] [INFO   ] nadia_ai.scrapers.boe: Extracting text from: https://www.boe.es/diario_boe/txt.php?id=BOE-N-2026-350045
2026-05-13 03:39:59,688 [INFO] [INFO   ] nadia_ai.utils.extraction: Lead 128: Tier B, heirs=0
2026-05-13 03:39:59,688 [INFO] [INFO   ] nadia_ai.scrapers.boe: Extracting text from: https://www.boe.es/diario_boe/txt.php?id=BOE-N-2026-345065
2026-05-13 03:40:05,387 [INFO] [INFO   ] nadia_ai.utils.extraction: Lead 140: Tier B, heirs=0
2026-05-13 03:40:05,387 [INFO] [INFO   ] nadia_ai.scrapers.boe: Extracting text from: https://www.boe.es/diario_boe/txt.php?id=BOE-N-2026-345079
2026-05-13 03:40:11,134 [INFO] [INFO   ] nadia_ai.utils.extraction: Lead 143: Tier B, heirs=0
2026-05-13 03:40:11,134 [INFO] [INFO   ] nadia_ai.scrapers.boe: Extracting text from: https://www.boe.es/diario_boe/txt.php?id=BOE-N-2026-345096
2026-05-13 03:40:17,984 [INFO] [INFO   ] nadia_ai.utils.extraction: Lead 146: Tier B, heirs=0
2026-05-13 03:40:17,984 [INFO] [INFO   ] nadia_ai.scrapers.boe: Extracting text from: https://www.boe.es/diario_boe/txt.php?id=BOE-N-2026-341735
2026-05-13 03:40:23,638 [INFO] [INFO   ] nadia_ai.utils.extraction: Lead 153: Tier B, heirs=0
2026-05-13 03:40:23,638 [INFO] [INFO   ] nadia_ai.scrapers.boe: Extracting text from: https://www.boe.es/diario_boe/txt.php?id=BOE-N-2026-341736
2026-05-13 03:40:29,464 [INFO] [INFO   ] nadia_ai.utils.extraction: Lead 154: Tier B, heirs=0
2026-05-13 03:40:29,465 [INFO] [INFO   ] nadia_ai.scrapers.boe: Extracting text from: https://www.boe.es/diario_boe/txt.php?id=BOE-N-2026-341784
2026-05-13 03:40:35,125 [INFO] [INFO   ] nadia_ai.utils.extraction: Lead 164: Tier B, heirs=0
2026-05-13 03:40:35,125 [INFO] [INFO   ] nadia_ai.scrapers.boe: Extracting text from: https://www.boe.es/diario_boe/txt.php?id=BOE-N-2026-341785
2026-05-13 03:40:40,925 [INFO] [INFO   ] nadia_ai.utils.extraction: Lead 165: Tier B, heirs=0
2026-05-13 03:40:40,925 [INFO] [INFO   ] nadia_ai.scrapers.boe: Extracting text from: https://www.boe.es/diario_boe/txt.php?id=BOE-N-2026-341804
2026-05-13 03:40:46,603 [INFO] [INFO   ] nadia_ai.utils.extraction: Lead 167: Tier B, heirs=0
2026-05-13 03:40:46,603 [INFO] [INFO   ] nadia_ai.scrapers.boe: Extracting text from: https://www.boe.es/diario_boe/txt.php?id=BOE-N-2026-336273
2026-05-13 03:40:52,417 [INFO] [INFO   ] nadia_ai.utils.extraction: Lead 172: Tier B, heirs=0
2026-05-13 03:40:52,417 [INFO] [INFO   ] nadia_ai.scrapers.boe: Extracting text from: https://www.boe.es/diario_boe/txt.php?id=BOE-N-2026-336277
2026-05-13 03:40:58,082 [INFO] [INFO   ] nadia_ai.utils.extraction: Lead 173: Tier B, heirs=0
2026-05-13 03:40:58,082 [INFO] [INFO   ] nadia_ai.scrapers.boe: Extracting text from: https://www.boe.es/diario_boe/txt.php?id=BOE-N-2026-336285
2026-05-13 03:41:03,917 [INFO] [INFO   ] nadia_ai.utils.extraction: Lead 176: Tier B, heirs=0
2026-05-13 03:41:03,917 [INFO] [INFO   ] nadia_ai.scrapers.boe: Extracting text from: https://www.boe.es/diario_boe/txt.php?id=BOE-N-2026-336317
2026-05-13 03:41:09,663 [INFO] [INFO   ] nadia_ai.utils.extraction: Lead 181: Tier B, heirs=0
2026-05-13 03:41:09,663 [INFO] [INFO   ] nadia_ai.scrapers.boe: Extracting text from: https://www.boe.es/diario_boe/txt.php?id=BOE-N-2026-333201
2026-05-13 03:41:15,413 [INFO] [INFO   ] nadia_ai.utils.extraction: Lead 196: Tier B, heirs=0
2026-05-13 03:41:15,413 [INFO] [INFO   ] nadia_ai.scrapers.boe: Extracting text from: https://www.boe.es/diario_boe/txt.php?id=BOE-N-2026-328266
2026-05-13 03:41:21,202 [INFO] [INFO   ] nadia_ai.utils.extraction: Lead 210: Tier B, heirs=0
2026-05-13 03:41:21,202 [INFO] [INFO   ] nadia_ai.scrapers.boe: Extracting text from: https://www.boe.es/diario_boe/txt.php?id=BOE-N-2026-325205
2026-05-13 03:41:27,935 [INFO] [INFO   ] nadia_ai.utils.extraction: Lead 222: Tier B, heirs=0
2026-05-13 03:41:27,936 [INFO] [INFO   ] nadia_ai.scrapers.boe: Extracting text from: https://www.boe.es/diario_boe/txt.php?id=BOE-N-2026-325219
2026-05-13 03:41:33,732 [INFO] [INFO   ] nadia_ai.utils.extraction: Lead 225: Tier B, heirs=0
2026-05-13 03:41:33,733 [INFO] [INFO   ] nadia_ai.scrapers.boe: Extracting text from: https://www.boe.es/diario_boe/txt.php?id=BOE-N-2026-319808
2026-05-13 03:41:39,574 [INFO] [INFO   ] nadia_ai.utils.extraction: Lead 235: Tier B, heirs=0
2026-05-13 03:41:39,574 [INFO] [INFO   ] nadia_ai.scrapers.boe: Extracting text from: https://www.boe.es/diario_boe/txt.php?id=BOE-N-2026-319820
2026-05-13 03:41:45,354 [INFO] [INFO   ] nadia_ai.utils.extraction: Lead 236: Tier B, heirs=0
2026-05-13 03:41:45,354 [INFO] [INFO   ] nadia_ai.scrapers.boe: Extracting text from: https://www.boe.es/diario_boe/txt.php?id=BOE-N-2026-319854
2026-05-13 03:41:51,066 [INFO] [INFO   ] nadia_ai.utils.extraction: Lead 238: Tier B, heirs=0
2026-05-13 03:41:51,066 [INFO] [INFO   ] nadia_ai.scrapers.boe: Extracting text from: https://www.boe.es/diario_boe/txt.php?id=BOE-N-2026-316374
2026-05-13 03:41:56,874 [INFO] [INFO   ] nadia_ai.utils.extraction: Lead 241: Tier B, heirs=0
2026-05-13 03:41:56,875 [INFO] [INFO   ] nadia_ai.scrapers.boe: Extracting text from: https://www.boe.es/diario_boe/txt.php?id=BOE-N-2026-316379
2026-05-13 03:42:02,633 [INFO] [INFO   ] nadia_ai.utils.extraction: Lead 244: Tier B, heirs=0
2026-05-13 03:42:02,633 [INFO] [INFO   ] nadia_ai.scrapers.boe: Extracting text from: https://www.boe.es/diario_boe/txt.php?id=BOE-N-2026-316435
2026-05-13 03:42:08,398 [INFO] [INFO   ] nadia_ai.utils.extraction: Lead 251: Tier B, heirs=0
2026-05-13 03:42:08,398 [INFO] [INFO   ] nadia_ai.scrapers.boe: Extracting text from: https://www.boe.es/diario_boe/txt.php?id=BOE-N-2026-311735
2026-05-13 03:42:14,185 [INFO] [INFO   ] nadia_ai.utils.extraction: Lead 274: Tier B, heirs=0
2026-05-13 03:42:14,185 [INFO] [INFO   ] nadia_ai.scrapers.boe: Extracting text from: https://www.boe.es/diario_boe/txt.php?id=BOE-N-2026-306829
2026-05-13 03:42:20,038 [INFO] [INFO   ] nadia_ai.utils.extraction: Lead 281: Tier B, heirs=0
2026-05-13 03:42:20,038 [INFO] [INFO   ] nadia_ai.scrapers.boe: Extracting text from: https://www.boe.es/diario_boe/txt.php?id=BOE-N-2026-303293
2026-05-13 03:42:25,846 [INFO] [INFO   ] nadia_ai.utils.extraction: Lead 293: Tier B, heirs=0
2026-05-13 03:42:25,846 [INFO] [INFO   ] nadia_ai.scrapers.boe: Extracting text from: https://www.boe.es/diario_boe/txt.php?id=BOE-N-2026-303296
2026-05-13 03:42:31,643 [INFO] [INFO   ] nadia_ai.utils.extraction: Lead 294: Tier B, heirs=0
2026-05-13 03:42:31,643 [INFO] [INFO   ] nadia_ai.scrapers.boe: Extracting text from: https://www.boe.es/diario_boe/txt.php?id=BOE-N-2026-303316
2026-05-13 03:42:37,574 [INFO] [INFO   ] nadia_ai.utils.extraction: Lead 296: Tier B, heirs=0
2026-05-13 03:42:37,574 [INFO] [INFO   ] nadia_ai.scrapers.boe: Extracting text from: https://www.boe.es/diario_boe/txt.php?id=BOE-N-2026-303332
2026-05-13 03:42:43,387 [INFO] [INFO   ] nadia_ai.utils.extraction: Lead 299: Tier B, heirs=0
2026-05-13 03:42:43,387 [INFO] [INFO   ] nadia_ai.scrapers.boe: Extracting text from: https://www.boe.es/diario_boe/txt.php?id=BOE-N-2026-303333
2026-05-13 03:42:49,235 [INFO] [INFO   ] nadia_ai.utils.extraction: Lead 300: Tier B, heirs=0
2026-05-13 03:42:49,235 [INFO] [INFO   ] nadia_ai.scrapers.boe: Extracting text from: https://www.boe.es/diario_boe/txt.php?id=BOE-N-2026-298228
2026-05-13 03:42:55,116 [INFO] [INFO   ] nadia_ai.utils.extraction: Lead 314: Tier B, heirs=0
2026-05-13 03:42:55,116 [INFO] [INFO   ] nadia_ai.scrapers.boe: Extracting text from: https://www.boe.es/diario_boe/txt.php?id=BOE-N-2026-298229
2026-05-13 03:43:00,941 [INFO] [INFO   ] nadia_ai.utils.extraction: Lead 315: Tier B, heirs=0
2026-05-13 03:43:00,941 [INFO] [INFO   ] nadia_ai.scrapers.boe: Extracting text from: https://www.boe.es/diario_boe/txt.php?id=BOE-N-2026-295242
2026-05-13 03:43:06,769 [INFO] [INFO   ] nadia_ai.utils.extraction: Lead 340: Tier B, heirs=0
2026-05-13 03:43:06,770 [INFO] [INFO   ] nadia_ai.scrapers.boe: Extracting text from: https://www.boe.es/diario_boe/txt.php?id=BOE-N-2026-286034
2026-05-13 03:43:12,631 [INFO] [INFO   ] nadia_ai.utils.extraction: Lead 354: Tier B, heirs=0
2026-05-13 03:43:12,631 [INFO] [INFO   ] nadia_ai.scrapers.boe: Extracting text from: https://www.boe.es/diario_boe/txt.php?id=BOE-N-2026-286078
2026-05-13 03:43:18,448 [INFO] [INFO   ] nadia_ai.utils.extraction: Lead 356: Tier B, heirs=0
2026-05-13 03:43:18,449 [INFO] [INFO   ] nadia_ai.scrapers.boe: Extracting text from: https://www.boe.es/diario_boe/txt.php?id=BOE-N-2026-277679
2026-05-13 03:43:24,293 [INFO] [INFO   ] nadia_ai.utils.extraction: Lead 378: Tier B, heirs=0
2026-05-13 03:43:24,294 [INFO] [INFO   ] nadia_ai.scrapers.boe: Extracting text from: https://www.boe.es/diario_boe/txt.php?id=BOE-N-2026-277689
2026-05-13 03:43:30,174 [INFO] [INFO   ] nadia_ai.utils.extraction: Lead 380: Tier B, heirs=0
2026-05-13 03:43:30,174 [INFO] [INFO   ] nadia_ai.scrapers.boe: Extracting text from: https://www.boe.es/diario_boe/txt.php?id=BOE-N-2026-277738
2026-05-13 03:43:36,005 [INFO] [INFO   ] nadia_ai.utils.extraction: Lead 391: Tier B, heirs=0
2026-05-13 03:43:36,005 [INFO] [INFO   ] nadia_ai.scrapers.boe: Extracting text from: https://www.boe.es/diario_boe/txt.php?id=BOE-N-2026-274012
2026-05-13 03:43:41,816 [INFO] [INFO   ] nadia_ai.utils.extraction: Lead 409: Tier B, heirs=0
2026-05-13 03:43:41,816 [INFO] [INFO   ] nadia_ai.scrapers.boe: Extracting text from: https://www.boe.es/diario_boe/txt.php?id=BOE-N-2026-274051
2026-05-13 03:43:47,652 [INFO] [INFO   ] nadia_ai.utils.extraction: Lead 414: Tier B, heirs=0
2026-05-13 03:43:47,652 [INFO] [INFO   ] nadia_ai.scrapers.boe: Extracting text from: https://www.boe.es/diario_boe/txt.php?id=BOE-N-2026-274063
2026-05-13 03:43:53,462 [INFO] [INFO   ] nadia_ai.utils.extraction: Lead 415: Tier B, heirs=0
2026-05-13 03:43:53,462 [INFO] [INFO   ] nadia_ai.scrapers.boe: Extracting text from: https://www.boe.es/diario_boe/txt.php?id=BOE-N-2026-274082
2026-05-13 03:43:59,273 [INFO] [INFO   ] nadia_ai.utils.extraction: Lead 418: Tier B, heirs=0
2026-05-13 03:43:59,273 [INFO] [INFO   ] nadia_ai.scrapers.boe: Extracting text from: https://www.boe.es/diario_boe/txt.php?id=BOE-N-2026-269547
2026-05-13 03:44:05,205 [INFO] [INFO   ] nadia_ai.utils.extraction: Lead 426: Tier B, heirs=0
2026-05-13 03:44:05,206 [INFO] [INFO   ] nadia_ai.scrapers.boe: Extracting text from: https://www.boe.es/diario_boe/txt.php?id=BOE-N-2026-260174
2026-05-13 03:44:11,108 [INFO] [INFO   ] nadia_ai.utils.extraction: Lead 445: Tier B, heirs=0
2026-05-13 03:44:11,108 [INFO] [INFO   ] nadia_ai.scrapers.boe: Extracting text from: https://www.boe.es/diario_boe/txt.php?id=BOE-N-2026-261517
2026-05-13 03:44:16,879 [INFO] [INFO   ] nadia_ai.utils.extraction: Lead 448: Tier B, heirs=0
2026-05-13 03:44:16,879 [INFO] [INFO   ] nadia_ai.scrapers.boe: Extracting text from: https://www.boe.es/diario_boe/txt.php?id=BOE-N-2026-261591
2026-05-13 03:44:22,689 [INFO] [INFO   ] nadia_ai.utils.extraction: Lead 453: Tier B, heirs=0
2026-05-13 03:44:22,689 [INFO] [INFO   ] nadia_ai.scrapers.boe: Extracting text from: https://www.boe.es/diario_boe/txt.php?id=BOE-N-2026-261605
2026-05-13 03:44:28,586 [INFO] [INFO   ] nadia_ai.utils.extraction: Lead 457: Tier B, heirs=0
2026-05-13 03:44:28,586 [INFO] [INFO   ] nadia_ai.scrapers.boe: Extracting text from: https://www.boe.es/diario_boe/txt.php?id=BOE-N-2026-255297
2026-05-13 03:44:34,386 [INFO] [INFO   ] nadia_ai.utils.extraction: Lead 461: Tier B, heirs=0
2026-05-13 03:44:34,386 [INFO] [INFO   ] nadia_ai.scrapers.boe: Extracting text from: https://www.boe.es/diario_boe/txt.php?id=BOE-N-2026-255315
2026-05-13 03:44:40,218 [INFO] [INFO   ] nadia_ai.utils.extraction: Lead 464: Tier B, heirs=0
2026-05-13 03:44:40,218 [INFO] [INFO   ] nadia_ai.scrapers.boe: Extracting text from: https://www.boe.es/diario_boe/txt.php?id=BOE-N-2026-252393
2026-05-13 03:44:46,122 [INFO] [INFO   ] nadia_ai.utils.extraction: Lead 478: Tier B, heirs=0
2026-05-13 03:44:46,122 [INFO] [INFO   ] nadia_ai.scrapers.boe: Extracting text from: https://www.boe.es/diario_boe/txt.php?id=BOE-N-2026-248829
2026-05-13 03:44:51,905 [INFO] [INFO   ] nadia_ai.utils.extraction: Lead 486: Tier B, heirs=0
2026-05-13 03:44:51,905 [INFO] [INFO   ] nadia_ai.scrapers.boe: Extracting text from: https://www.boe.es/diario_boe/txt.php?id=BOE-N-2026-248859
2026-05-13 03:44:57,745 [INFO] [INFO   ] nadia_ai.utils.extraction: Lead 489: Tier B, heirs=0
2026-05-13 03:44:57,745 [INFO] [INFO   ] nadia_ai.scrapers.boe: Extracting text from: https://www.boe.es/diario_boe/txt.php?id=BOE-N-2026-248865
2026-05-13 03:45:03,672 [INFO] [INFO   ] nadia_ai.utils.extraction: Lead 490: Tier B, heirs=0
2026-05-13 03:45:03,672 [INFO] [INFO   ] nadia_ai.scrapers.boe: Extracting text from: https://www.boe.es/diario_boe/txt.php?id=BOE-N-2026-243550
2026-05-13 03:45:09,452 [INFO] [INFO   ] nadia_ai.utils.extraction: Lead 510: Tier B, heirs=0
2026-05-13 03:45:09,452 [INFO] [INFO   ] nadia_ai.scrapers.boe: Extracting text from: https://www.boe.es/diario_boe/txt.php?id=BOE-N-2026-243559
2026-05-13 03:45:15,282 [INFO] [INFO   ] nadia_ai.utils.extraction: Lead 511: Tier B, heirs=0
2026-05-13 03:45:15,283 [INFO] [INFO   ] nadia_ai.scrapers.boe: Extracting text from: https://www.boe.es/diario_boe/txt.php?id=BOE-N-2026-243560
2026-05-13 03:45:21,189 [INFO] [INFO   ] nadia_ai.utils.extraction: Lead 512: Tier B, heirs=0
2026-05-13 03:45:21,189 [INFO] [INFO   ] nadia_ai.scrapers.boe: Extracting text from: https://www.boe.es/diario_boe/txt.php?id=BOE-N-2026-243577
2026-05-13 03:45:28,136 [INFO] [INFO   ] nadia_ai.utils.extraction: Lead 515: Tier B, heirs=0
2026-05-13 03:45:28,136 [INFO] [INFO   ] nadia_ai.scrapers.boe: Extracting text from: https://www.boe.es/diario_boe/txt.php?id=BOE-N-2026-240425
2026-05-13 03:45:33,992 [INFO] [INFO   ] nadia_ai.utils.extraction: Lead 529: Tier B, heirs=0
2026-05-13 03:45:33,992 [INFO] [INFO   ] nadia_ai.scrapers.boe: Extracting text from: https://www.boe.es/diario_boe/txt.php?id=BOE-N-2026-235759
2026-05-13 03:45:39,903 [INFO] [INFO   ] nadia_ai.utils.extraction: Lead 534: Tier B, heirs=0
2026-05-13 03:45:39,903 [INFO] [INFO   ] nadia_ai.scrapers.boe: Extracting text from: https://www.boe.es/diario_boe/txt.php?id=BOE-N-2026-235762
2026-05-13 03:45:45,832 [INFO] [INFO   ] nadia_ai.utils.extraction: Lead 535: Tier B, heirs=0
2026-05-13 03:45:45,832 [INFO] [INFO   ] nadia_ai.scrapers.boe: Extracting text from: https://www.boe.es/diario_boe/txt.php?id=BOE-N-2026-235765
2026-05-13 03:45:51,701 [INFO] [INFO   ] nadia_ai.utils.extraction: Lead 537: Tier B, heirs=0
2026-05-13 03:45:51,701 [INFO] [INFO   ] nadia_ai.scrapers.boe: Extracting text from: https://www.boe.es/diario_boe/txt.php?id=BOE-N-2026-235777
2026-05-13 03:45:57,574 [INFO] [INFO   ] nadia_ai.utils.extraction: Lead 538: Tier B, heirs=0
2026-05-13 03:45:57,574 [INFO] [INFO   ] nadia_ai.scrapers.boe: Extracting text from: https://www.boe.es/diario_boe/txt.php?id=BOE-N-2026-235809
2026-05-13 03:46:03,576 [INFO] [INFO   ] nadia_ai.utils.extraction: Lead 544: Tier B, heirs=0
2026-05-13 03:46:03,576 [INFO] [INFO   ] nadia_ai.scrapers.boe: Extracting text from: https://www.boe.es/diario_boe/txt.php?id=BOE-N-2026-235820
2026-05-13 03:46:09,452 [INFO] [INFO   ] nadia_ai.utils.extraction: Lead 548: Tier B, heirs=0
2026-05-13 03:46:09,452 [INFO] [INFO   ] nadia_ai.scrapers.boe: Extracting text from: https://www.boe.es/diario_boe/txt.php?id=BOE-N-2026-235821
2026-05-13 03:46:15,305 [INFO] [INFO   ] nadia_ai.utils.extraction: Lead 549: Tier B, heirs=0
2026-05-13 03:46:15,305 [INFO] [INFO   ] nadia_ai.scrapers.boe: Extracting text from: https://www.boe.es/diario_boe/txt.php?id=BOE-N-2026-235822
2026-05-13 03:46:21,144 [INFO] [INFO   ] nadia_ai.utils.extraction: Lead 550: Tier B, heirs=0
2026-05-13 03:46:21,144 [INFO] [INFO   ] nadia_ai.scrapers.boe: Extracting text from: https://www.boe.es/diario_boe/txt.php?id=BOE-N-2026-235848
2026-05-13 03:46:28,026 [INFO] [INFO   ] nadia_ai.utils.extraction: Lead 553: Tier B, heirs=0
2026-05-13 03:46:28,026 [INFO] [INFO   ] nadia_ai.scrapers.boe: Extracting text from: https://www.boe.es/diario_boe/txt.php?id=BOE-N-2026-235858
2026-05-13 03:46:33,848 [INFO] [INFO   ] nadia_ai.utils.extraction: Lead 555: Tier B, heirs=0
2026-05-13 03:46:33,848 [INFO] [INFO   ] nadia_ai.scrapers.boe: Extracting text from: https://www.boe.es/diario_boe/txt.php?id=BOE-N-2026-230517
2026-05-13 03:46:39,927 [INFO] [INFO   ] nadia_ai.utils.extraction: Lead 561: Tier B, heirs=0
2026-05-13 03:46:39,927 [INFO] [INFO   ] nadia_ai.scrapers.boe: Extracting text from: https://www.boe.es/diario_boe/txt.php?id=BOE-N-2026-222245
2026-05-13 03:46:45,906 [INFO] [INFO   ] nadia_ai.utils.extraction: Lead 582: Tier B, heirs=0
2026-05-13 03:46:45,906 [INFO] [INFO   ] nadia_ai.scrapers.boe: Extracting text from: https://www.boe.es/diario_boe/txt.php?id=BOE-N-2026-222286
2026-05-13 03:46:51,821 [INFO] [INFO   ] nadia_ai.utils.extraction: Lead 591: Tier B, heirs=0
2026-05-13 03:46:51,821 [INFO] [INFO   ] nadia_ai.scrapers.boe: Extracting text from: https://www.boe.es/diario_boe/txt.php?id=BOE-N-2026-219315
2026-05-13 03:46:57,718 [INFO] [INFO   ] nadia_ai.utils.extraction: Lead 605: Tier B, heirs=0
2026-05-13 03:46:57,718 [INFO] [INFO   ] nadia_ai.scrapers.boe: Extracting text from: https://www.boe.es/diario_boe/txt.php?id=BOE-N-2026-214863
2026-05-13 03:47:03,603 [INFO] [INFO   ] nadia_ai.utils.extraction: Lead 612: Tier B, heirs=0
2026-05-13 03:47:03,603 [INFO] [INFO   ] nadia_ai.scrapers.boe: Extracting text from: https://www.boe.es/diario_boe/txt.php?id=BOE-N-2026-214872
2026-05-13 03:47:09,470 [INFO] [INFO   ] nadia_ai.utils.extraction: Lead 614: Tier B, heirs=0
2026-05-13 03:47:09,470 [INFO] [INFO   ] nadia_ai.scrapers.boe: Extracting text from: https://www.boe.es/diario_boe/txt.php?id=BOE-N-2026-214878
2026-05-13 03:47:15,336 [INFO] [INFO   ] nadia_ai.utils.extraction: Lead 617: Tier B, heirs=0
2026-05-13 03:47:15,336 [INFO] [INFO   ] nadia_ai.scrapers.boe: Extracting text from: https://www.boe.es/diario_boe/txt.php?id=BOE-N-2026-214938
2026-05-13 03:47:21,232 [INFO] [INFO   ] nadia_ai.utils.extraction: Lead 631: Tier B, heirs=0
2026-05-13 03:47:21,232 [INFO] [INFO   ] nadia_ai.scrapers.boe: Extracting text from: https://www.boe.es/diario_boe/txt.php?id=BOE-N-2026-210128
2026-05-13 03:47:27,147 [INFO] [INFO   ] nadia_ai.utils.extraction: Lead 640: Tier B, heirs=0
2026-05-13 03:47:27,147 [INFO] [INFO   ] nadia_ai.scrapers.boe: Extracting text from: https://www.boe.es/diario_boe/txt.php?id=BOE-N-2026-210176
2026-05-13 03:47:32,993 [INFO] [INFO   ] nadia_ai.utils.extraction: Lead 646: Tier B, heirs=0
2026-05-13 03:47:32,993 [INFO] [INFO   ] nadia_ai.scrapers.boe: Extracting text from: https://www.boe.es/diario_boe/txt.php?id=BOE-N-2026-206871
2026-05-13 03:47:38,901 [INFO] [INFO   ] nadia_ai.utils.extraction: Lead 658: Tier B, heirs=0
2026-05-13 03:47:38,901 [INFO] [INFO   ] nadia_ai.scrapers.boe: Extracting text from: https://www.boe.es/diario_boe/txt.php?id=BOE-N-2026-206872
2026-05-13 03:47:44,697 [INFO] [INFO   ] nadia_ai.utils.extraction: Lead 659: Tier B, heirs=0
2026-05-13 03:47:44,697 [INFO] [INFO   ] nadia_ai.scrapers.boe: Extracting text from: https://www.boe.es/diario_boe/txt.php?id=BOE-N-2026-206875
2026-05-13 03:47:50,526 [INFO] [INFO   ] nadia_ai.utils.extraction: Lead 660: Tier B, heirs=0
2026-05-13 03:47:50,526 [INFO] [INFO   ] nadia_ai.scrapers.boe: Extracting text from: https://www.boe.es/diario_boe/txt.php?id=BOE-N-2026-206876
2026-05-13 03:47:56,449 [INFO] [INFO   ] nadia_ai.utils.extraction: Lead 661: Tier B, heirs=0
2026-05-13 03:47:56,449 [INFO] [INFO   ] nadia_ai.scrapers.boe: Extracting text from: https://www.boe.es/diario_boe/txt.php?id=BOE-N-2026-206909
2026-05-13 03:48:02,325 [INFO] [INFO   ] nadia_ai.utils.extraction: Lead 665: Tier B, heirs=0
2026-05-13 03:48:02,326 [INFO] [INFO   ] nadia_ai.scrapers.boe: Extracting text from: https://www.boe.es/diario_boe/txt.php?id=BOE-N-2026-201208
2026-05-13 03:48:08,231 [INFO] [INFO   ] nadia_ai.utils.extraction: Lead 678: Tier B, heirs=0
2026-05-13 03:48:08,231 [INFO] [INFO   ] nadia_ai.scrapers.boe: Extracting text from: https://www.boe.es/diario_boe/txt.php?id=BOE-N-2026-201241
2026-05-13 03:48:14,073 [INFO] [INFO   ] nadia_ai.utils.extraction: Lead 686: Tier B, heirs=0
2026-05-13 03:48:14,073 [INFO] [INFO   ] nadia_ai.scrapers.boe: Extracting text from: https://www.boe.es/diario_boe/txt.php?id=BOE-N-2026-201264
2026-05-13 03:48:19,927 [INFO] [INFO   ] nadia_ai.utils.extraction: Lead 693: Tier B, heirs=0
2026-05-13 03:48:19,927 [INFO] [INFO   ] nadia_ai.scrapers.boe: Extracting text from: https://www.boe.es/diario_boe/txt.php?id=BOE-N-2026-201279
2026-05-13 03:48:25,751 [INFO] [INFO   ] nadia_ai.utils.extraction: Lead 695: Tier B, heirs=0
2026-05-13 03:48:25,752 [INFO] [INFO   ] nadia_ai.scrapers.boe: Extracting text from: https://www.boe.es/diario_boe/txt.php?id=BOE-N-2026-197708
2026-05-13 03:48:32,787 [INFO] [INFO   ] nadia_ai.utils.extraction: Lead 704: Tier B, heirs=0
2026-05-13 03:48:32,787 [INFO] [INFO   ] nadia_ai.scrapers.boe: Extracting text from: https://www.boe.es/diario_boe/txt.php?id=BOE-N-2026-197709
2026-05-13 03:48:38,643 [INFO] [INFO   ] nadia_ai.utils.extraction: Lead 705: Tier B, heirs=0
2026-05-13 03:48:38,643 [INFO] [INFO   ] nadia_ai.scrapers.boe: Extracting text from: https://www.boe.es/diario_boe/txt.php?id=BOE-N-2026-197728
2026-05-13 03:48:44,583 [INFO] [INFO   ] nadia_ai.utils.extraction: Lead 709: Tier B, heirs=0
2026-05-13 03:48:44,583 [INFO] [INFO   ] nadia_ai.scrapers.boe: Extracting text from: https://www.boe.es/diario_boe/txt.php?id=BOE-N-2026-193166
2026-05-13 03:48:50,491 [INFO] [INFO   ] nadia_ai.utils.extraction: Lead 718: Tier B, heirs=0
2026-05-13 03:48:50,491 [INFO] [INFO   ] nadia_ai.scrapers.boe: Extracting text from: https://www.boe.es/diario_boe/txt.php?id=BOE-N-2026-193239
2026-05-13 03:48:56,359 [INFO] [INFO   ] nadia_ai.utils.extraction: Lead 726: Tier B, heirs=0
2026-05-13 03:48:56,359 [INFO] [INFO   ] nadia_ai.scrapers.boe: Extracting text from: https://www.boe.es/diario_boe/txt.php?id=BOE-N-2026-188347
2026-05-13 03:49:02,208 [INFO] [INFO   ] nadia_ai.utils.extraction: Lead 736: Tier B, heirs=0
2026-05-13 03:49:02,208 [INFO] [INFO   ] nadia_ai.scrapers.boe: Extracting text from: https://www.boe.es/diario_boe/txt.php?id=BOE-N-2026-188377
2026-05-13 03:49:08,036 [INFO] [INFO   ] nadia_ai.utils.extraction: Lead 740: Tier B, heirs=0
2026-05-13 03:49:08,036 [INFO] [INFO   ] nadia_ai.scrapers.boe: Extracting text from: https://www.boe.es/diario_boe/txt.php?id=BOE-N-2026-184707
2026-05-13 03:49:13,871 [INFO] [INFO   ] nadia_ai.utils.extraction: Lead 750: Tier B, heirs=0
2026-05-13 03:49:13,871 [INFO] [INFO   ] nadia_ai.scrapers.boe: Extracting text from: https://www.boe.es/diario_boe/txt.php?id=BOE-N-2026-185299
2026-05-13 03:49:19,794 [INFO] [INFO   ] nadia_ai.utils.extraction: Lead 752: Tier B, heirs=0
2026-05-13 03:49:19,795 [INFO] [INFO   ] nadia_ai.scrapers.boe: Extracting text from: https://www.boe.es/diario_boe/txt.php?id=BOE-N-2026-185300
2026-05-13 03:49:25,706 [INFO] [INFO   ] nadia_ai.utils.extraction: Lead 753: Tier B, heirs=0
2026-05-13 03:49:25,706 [INFO] [INFO   ] nadia_ai.scrapers.boe: Extracting text from: https://www.boe.es/diario_boe/txt.php?id=BOE-N-2026-185301
2026-05-13 03:49:32,587 [INFO] [INFO   ] nadia_ai.utils.extraction: Lead 754: Tier B, heirs=0
2026-05-13 03:49:32,587 [INFO] [INFO   ] nadia_ai.scrapers.boe: Extracting text from: https://www.boe.es/diario_boe/txt.php?id=BOE-N-2026-185310
2026-05-13 03:49:38,432 [INFO] [INFO   ] nadia_ai.utils.extraction: Lead 755: Tier B, heirs=0
2026-05-13 03:49:38,432 [INFO] [INFO   ] nadia_ai.scrapers.boe: Extracting text from: https://www.boe.es/diario_boe/txt.php?id=BOE-N-2026-185311
2026-05-13 03:49:44,284 [INFO] [INFO   ] nadia_ai.utils.extraction: Lead 756: Tier B, heirs=0
2026-05-13 03:49:44,284 [INFO] [INFO   ] nadia_ai.run: LLM heir extraction: 110 leads enriched
2026-05-13 03:49:44,286 [INFO] [INFO   ] nadia_ai.enrichment: Enrichment schema initialized
2026-05-13 03:49:44,286 [INFO] [INFO   ] nadia_ai.enrichment: Enrichment schema initialized
2026-05-13 03:49:44,286 [INFO] [INFO   ] nadia_ai.enrichment: Fetching subastas JV page 1: https://subastas.boe.es/subastas_ava.php?provincia=50&tipoSubasta=JV
2026-05-13 03:49:45,574 [INFO] [INFO   ] nadia_ai.enrichment: Subastas JV page 1: 0 results
2026-05-13 03:49:45,574 [INFO] [INFO   ] nadia_ai.enrichment: Fetching subastas NV page 1: https://subastas.boe.es/subastas_ava.php?provincia=50&tipoSubasta=NV
2026-05-13 03:49:45,869 [INFO] [INFO   ] nadia_ai.enrichment: Subastas NV page 1: 0 results
2026-05-13 03:49:45,869 [INFO] [INFO   ] nadia_ai.enrichment: Subastas fetch complete: 0 new entries
2026-05-13 03:49:45,870 [INFO] [INFO   ] nadia_ai.enrichment: Enrichment schema initialized
2026-05-13 03:49:45,870 [INFO] [INFO   ] nadia_ai.enrichment: Fetching obras licencias from Zaragoza Open Data
2026-05-13 03:50:00,018 [INFO] [INFO   ] nadia_ai.enrichment: Obras: 500 records received
2026-05-13 03:50:00,026 [INFO] [INFO   ] nadia_ai.enrichment: Obras fetch complete: 500 new entries
2026-05-13 03:50:00,027 [INFO] [INFO   ] nadia_ai.enrichment: Enrichment schema initialized
2026-05-13 03:50:00,029 [INFO] [INFO   ] nadia_ai.enrichment: Subastas enrichment: 0 leads enriched
2026-05-13 03:50:00,029 [INFO] [INFO   ] nadia_ai.enrichment: Enrichment schema initialized
2026-05-13 03:50:00,030 [INFO] [INFO   ] nadia_ai.enrichment: Obras enrichment: 0 leads enriched
2026-05-13 03:50:00,030 [INFO] [INFO   ] nadia_ai.run: Enrichment: 0 obras matched, 0 subastas matched
2026-05-13 03:50:00,048 [INFO] [INFO   ] nadia_ai.export_for_enrichment: Found 26 leads for social enrichment
2026-05-13 03:50:00,048 [INFO] nadia_ai.export_for_enrichment — Found 26 leads for social enrichment
2026-05-13 03:50:00,049 [INFO] [INFO   ] nadia_ai.export_for_enrichment: Exported 26 leads to exports\phantombuster_input_2026-05-13.csv
2026-05-13 03:50:00,050 [INFO] nadia_ai.export_for_enrichment — Exported 26 leads to exports\phantombuster_input_2026-05-13.csv
2026-05-13 03:50:00,989 [INFO] CSV exported: exports\phantombuster_input_2026-05-13.csv
2026-05-13 03:50:00,989 [INFO] [INFO   ] nadia_ai.export_for_enrichment: Phantombuster: 0 agents available
2026-05-13 03:50:00,989 [INFO] nadia_ai.export_for_enrichment — Phantombuster: 0 agents available
2026-05-13 03:50:00,990 [INFO] [ERROR  ] nadia_ai.run: Phantombuster export failed: 'charmap' codec can't encode character '\U0001f3e2' in position 231: character maps to <undefined>
2026-05-13 03:50:00,990 [INFO] nadia_ai.run — Phantombuster export failed: 'charmap' codec can't encode character '\U0001f3e2' in position 231: character maps to <undefined>
2026-05-13 03:50:01,047 [INFO] [INFO   ] nadia_ai.delivery: Today's leads: 19 (A=0, B=4, C=15, X=0)
2026-05-13 03:50:01,047 [INFO] nadia_ai.delivery — Today's leads: 19 (A=0, B=4, C=15, X=0)
2026-05-13 03:50:01,047 [INFO] [INFO   ] nadia_ai.run: Today's leads: 19 (A=0, B=4)
2026-05-13 03:50:01,047 [INFO] nadia_ai.run — Today's leads: 19 (A=0, B=4)
2026-05-13 03:50:01,528 [INFO] [ERROR  ] nadia_ai.delivery: Google Sheets write failed: [Errno 2] No such file or directory: 'path/to/service-account.json'
2026-05-13 03:50:01,528 [INFO] nadia_ai.delivery — Google Sheets write failed: [Errno 2] No such file or directory: 'path/to/service-account.json'
2026-05-13 03:50:01,529 [INFO] [INFO   ] nadia_ai.delivery: CSV fallback written to leads_2026-05-13.csv
2026-05-13 03:50:01,529 [INFO] nadia_ai.delivery — CSV fallback written to leads_2026-05-13.csv
2026-05-13 03:50:01,828 [INFO] [ERROR  ] nadia_ai.delivery: Email send failed: (535, b'5.7.8 Username and Password not accepted. For more information, go to\n5.7.8  https://support.google.com/mail/?p=BadCredentials af79cd13be357-907b977274csm1554666885a.6 - gsmtp')
2026-05-13 03:50:01,828 [INFO] nadia_ai.delivery — Email send failed: (535, b'5.7.8 Username and Password not accepted. For more information, go to\n5.7.8  https://support.google.com/mail/?p=BadCredentials af79cd13be357-907b977274csm1554666885a.6 - gsmtp')
2026-05-13 03:50:01,828 [INFO] [INFO   ] nadia_ai.run: Pipeline finished in 1895.58s — 19 leads, 3 errors
2026-05-13 03:50:01,828 [INFO] nadia_ai.run — Pipeline finished in 1895.58s — 19 leads, 3 errors
2026-05-13 03:50:01,958 [INFO] --- FINISHED: Main Pipeline in 1895.85s ---
2026-05-13 03:50:01,958 [INFO] --- STARTING: Extraction Loop ---
2026-05-13 03:50:02,625 [INFO] 2026-05-13 03:50:02,624 [INFO] nadia_ai.extraction_loop: Starting extraction batch...
2026-05-13 03:50:02,628 [INFO] 2026-05-13 03:50:02,628 [INFO] nadia_ai.scrapers.boe: Extracting text from: https://www.boe.es/diario_boe/txt.php?id=BOE-N-2026-185312
2026-05-13 03:50:09,124 [INFO] 2026-05-13 03:50:09,124 [INFO] nadia_ai.utils.extraction: Lead 757: Tier B, heirs=0
2026-05-13 03:50:09,124 [INFO] 2026-05-13 03:50:09,124 [INFO] nadia_ai.scrapers.boe: Extracting text from: https://www.boe.es/diario_boe/txt.php?id=BOE-N-2026-185338
2026-05-13 03:50:14,915 [INFO] 2026-05-13 03:50:14,915 [INFO] nadia_ai.utils.extraction: Lead 759: Tier B, heirs=0
2026-05-13 03:50:14,916 [INFO] 2026-05-13 03:50:14,915 [INFO] nadia_ai.scrapers.boe: Extracting text from: https://www.boe.es/diario_boe/txt.php?id=BOE-N-2026-179639
2026-05-13 03:50:20,740 [INFO] 2026-05-13 03:50:20,740 [INFO] nadia_ai.utils.extraction: Lead 773: Tier B, heirs=0
2026-05-13 03:50:20,740 [INFO] 2026-05-13 03:50:20,740 [INFO] nadia_ai.scrapers.boe: Extracting text from: https://www.boe.es/diario_boe/txt.php?id=BOE-N-2026-179698
2026-05-13 03:50:26,580 [INFO] 2026-05-13 03:50:26,580 [INFO] nadia_ai.utils.extraction: Lead 779: Tier B, heirs=0
2026-05-13 03:50:26,580 [INFO] 2026-05-13 03:50:26,580 [INFO] nadia_ai.scrapers.boe: Extracting text from: https://www.boe.es/diario_boe/txt.php?id=BOE-N-2026-179700
2026-05-13 03:50:32,416 [INFO] 2026-05-13 03:50:32,416 [INFO] nadia_ai.utils.extraction: Lead 780: Tier B, heirs=0
2026-05-13 03:50:32,416 [INFO] 2026-05-13 03:50:32,416 [INFO] nadia_ai.scrapers.boe: Extracting text from: https://www.boe.es/diario_boe/txt.php?id=BOE-N-2026-176462
2026-05-13 03:50:38,271 [INFO] 2026-05-13 03:50:38,271 [INFO] nadia_ai.utils.extraction: Lead 786: Tier B, heirs=0
2026-05-13 03:50:38,271 [INFO] 2026-05-13 03:50:38,271 [INFO] nadia_ai.scrapers.boe: Extracting text from: https://www.boe.es/diario_boe/txt.php?id=BOE-N-2026-176467
2026-05-13 03:50:44,116 [INFO] 2026-05-13 03:50:44,115 [INFO] nadia_ai.utils.extraction: Lead 787: Tier B, heirs=0
2026-05-13 03:50:44,116 [INFO] 2026-05-13 03:50:44,116 [INFO] nadia_ai.scrapers.boe: Extracting text from: https://www.boe.es/diario_boe/txt.php?id=BOE-N-2026-176471
2026-05-13 03:50:49,965 [INFO] 2026-05-13 03:50:49,965 [INFO] nadia_ai.utils.extraction: Lead 788: Tier B, heirs=0
2026-05-13 03:50:49,965 [INFO] 2026-05-13 03:50:49,965 [INFO] nadia_ai.scrapers.boe: Extracting text from: https://www.boe.es/diario_boe/txt.php?id=BOE-N-2026-176534
2026-05-13 03:50:55,812 [INFO] 2026-05-13 03:50:55,812 [INFO] nadia_ai.utils.extraction: Lead 797: Tier B, heirs=0
2026-05-13 03:50:55,812 [INFO] 2026-05-13 03:50:55,812 [INFO] nadia_ai.scrapers.boe: Extracting text from: https://www.boe.es/diario_boe/txt.php?id=BOE-N-2026-176571
2026-05-13 03:51:01,683 [INFO] 2026-05-13 03:51:01,683 [INFO] nadia_ai.utils.extraction: Lead 800: Tier B, heirs=0
2026-05-13 03:51:01,683 [INFO] 2026-05-13 03:51:01,683 [INFO] nadia_ai.scrapers.boe: Extracting text from: https://www.boe.es/diario_boe/txt.php?id=BOE-N-2026-171828
2026-05-13 03:51:07,524 [INFO] 2026-05-13 03:51:07,523 [INFO] nadia_ai.utils.extraction: Lead 804: Tier B, heirs=0
2026-05-13 03:51:07,524 [INFO] 2026-05-13 03:51:07,523 [INFO] nadia_ai.scrapers.boe: Extracting text from: https://www.boe.es/diario_boe/txt.php?id=BOE-N-2026-171883
2026-05-13 03:51:13,339 [INFO] 2026-05-13 03:51:13,339 [INFO] nadia_ai.utils.extraction: Lead 814: Tier B, heirs=0
2026-05-13 03:51:13,340 [INFO] 2026-05-13 03:51:13,339 [INFO] nadia_ai.scrapers.boe: Extracting text from: https://www.boe.es/diario_boe/txt.php?id=BOE-N-2026-166494
2026-05-13 03:51:19,267 [INFO] 2026-05-13 03:51:19,267 [INFO] nadia_ai.utils.extraction: Lead 830: Tier B, heirs=0
2026-05-13 03:51:19,268 [INFO] 2026-05-13 03:51:19,267 [INFO] nadia_ai.scrapers.boe: Extracting text from: https://www.boe.es/diario_boe/txt.php?id=BOE-N-2026-163510
2026-05-13 03:51:25,107 [INFO] 2026-05-13 03:51:25,107 [INFO] nadia_ai.utils.extraction: Lead 836: Tier B, heirs=0
2026-05-13 03:51:25,107 [INFO] 2026-05-13 03:51:25,107 [INFO] nadia_ai.scrapers.boe: Extracting text from: https://www.boe.es/diario_boe/txt.php?id=BOE-N-2026-163546
2026-05-13 03:51:30,885 [INFO] 2026-05-13 03:51:30,885 [INFO] nadia_ai.utils.extraction: Lead 838: Tier B, heirs=0
2026-05-13 03:51:30,886 [INFO] 2026-05-13 03:51:30,885 [INFO] nadia_ai.scrapers.boe: Extracting text from: https://www.boe.es/diario_boe/txt.php?id=BOE-N-2026-163547
2026-05-13 03:51:36,744 [INFO] 2026-05-13 03:51:36,744 [INFO] nadia_ai.utils.extraction: Lead 839: Tier B, heirs=0
2026-05-13 03:51:36,744 [INFO] 2026-05-13 03:51:36,744 [INFO] nadia_ai.scrapers.boe: Extracting text from: https://www.boe.es/diario_boe/txt.php?id=BOE-N-2026-163571
2026-05-13 03:51:42,642 [INFO] 2026-05-13 03:51:42,642 [INFO] nadia_ai.utils.extraction: Lead 843: Tier B, heirs=0
2026-05-13 03:51:42,643 [INFO] 2026-05-13 03:51:42,642 [INFO] nadia_ai.scrapers.boe: Extracting text from: https://www.boe.es/diario_boe/txt.php?id=BOE-N-2026-163580
2026-05-13 03:51:48,498 [INFO] 2026-05-13 03:51:48,497 [INFO] nadia_ai.utils.extraction: Lead 845: Tier B, heirs=0
2026-05-13 03:51:48,498 [INFO] 2026-05-13 03:51:48,498 [INFO] nadia_ai.scrapers.boe: Extracting text from: https://www.boe.es/diario_boe/txt.php?id=BOE-N-2026-163581
2026-05-13 03:51:54,468 [INFO] 2026-05-13 03:51:54,468 [INFO] nadia_ai.utils.extraction: Lead 846: Tier B, heirs=0
2026-05-13 03:51:54,468 [INFO] 2026-05-13 03:51:54,468 [INFO] nadia_ai.scrapers.boe: Extracting text from: https://www.boe.es/diario_boe/txt.php?id=BOE-N-2026-157945
2026-05-13 03:52:00,482 [INFO] 2026-05-13 03:52:00,482 [INFO] nadia_ai.utils.extraction: Lead 851: Tier B, heirs=0
2026-05-13 03:52:00,483 [INFO] 2026-05-13 03:52:00,482 [INFO] nadia_ai.scrapers.boe: Extracting text from: https://www.boe.es/diario_boe/txt.php?id=BOE-N-2026-158003
2026-05-13 03:52:06,332 [INFO] 2026-05-13 03:52:06,332 [INFO] nadia_ai.utils.extraction: Lead 860: Tier B, heirs=0
2026-05-13 03:52:06,332 [INFO] 2026-05-13 03:52:06,332 [INFO] nadia_ai.scrapers.boe: Extracting text from: https://www.boe.es/diario_boe/txt.php?id=BOE-N-2026-151535
2026-05-13 03:52:13,298 [INFO] 2026-05-13 03:52:13,297 [INFO] nadia_ai.utils.extraction: Lead 879: Tier B, heirs=0
2026-05-13 03:52:13,298 [INFO] 2026-05-13 03:52:13,297 [INFO] nadia_ai.scrapers.boe: Extracting text from: https://www.boe.es/diario_boe/txt.php?id=BOE-N-2026-144174
2026-05-13 03:52:19,386 [INFO] 2026-05-13 03:52:19,386 [INFO] nadia_ai.utils.extraction: Lead 904: Tier B, heirs=0
2026-05-13 03:52:19,386 [INFO] 2026-05-13 03:52:19,386 [INFO] nadia_ai.scrapers.boe: Extracting text from: https://www.boe.es/diario_boe/txt.php?id=BOE-N-2026-141956
2026-05-13 03:52:25,295 [INFO] 2026-05-13 03:52:25,295 [INFO] nadia_ai.utils.extraction: Lead 930: Tier B, heirs=0
2026-05-13 03:52:25,295 [INFO] 2026-05-13 03:52:25,295 [INFO] nadia_ai.scrapers.boe: Extracting text from: https://www.boe.es/diario_boe/txt.php?id=BOE-N-2026-141965
2026-05-13 03:52:31,130 [INFO] 2026-05-13 03:52:31,130 [INFO] nadia_ai.utils.extraction: Lead 932: Tier B, heirs=0
2026-05-13 03:52:31,131 [INFO] 2026-05-13 03:52:31,130 [INFO] nadia_ai.scrapers.boe: Extracting text from: https://www.boe.es/diario_boe/txt.php?id=BOE-N-2026-136743
2026-05-13 03:52:37,033 [INFO] 2026-05-13 03:52:37,033 [INFO] nadia_ai.utils.extraction: Lead 944: Tier B, heirs=0
2026-05-13 03:52:37,033 [INFO] 2026-05-13 03:52:37,033 [INFO] nadia_ai.scrapers.boe: Extracting text from: https://www.boe.es/diario_boe/txt.php?id=BOE-N-2026-136768
2026-05-13 03:52:42,947 [INFO] 2026-05-13 03:52:42,947 [INFO] nadia_ai.utils.extraction: Lead 947: Tier B, heirs=0
2026-05-13 03:52:42,948 [INFO] 2026-05-13 03:52:42,947 [INFO] nadia_ai.scrapers.boe: Extracting text from: https://www.boe.es/diario_boe/txt.php?id=BOE-N-2026-133538
2026-05-13 03:52:48,842 [INFO] 2026-05-13 03:52:48,842 [INFO] nadia_ai.utils.extraction: Lead 958: Tier B, heirs=0
2026-05-13 03:52:48,842 [INFO] 2026-05-13 03:52:48,842 [INFO] nadia_ai.scrapers.boe: Extracting text from: https://www.boe.es/diario_boe/txt.php?id=BOE-N-2026-133542
2026-05-13 03:52:54,756 [INFO] 2026-05-13 03:52:54,756 [INFO] nadia_ai.utils.extraction: Lead 959: Tier B, heirs=0
2026-05-13 03:52:54,756 [INFO] 2026-05-13 03:52:54,756 [INFO] nadia_ai.scrapers.boe: Extracting text from: https://www.boe.es/diario_boe/txt.php?id=BOE-N-2026-133547
2026-05-13 03:53:00,694 [INFO] 2026-05-13 03:53:00,693 [INFO] nadia_ai.utils.extraction: Lead 960: Tier B, heirs=0
2026-05-13 03:53:00,694 [INFO] 2026-05-13 03:53:00,694 [INFO] nadia_ai.scrapers.boe: Extracting text from: https://www.boe.es/diario_boe/txt.php?id=BOE-N-2026-133623
2026-05-13 03:53:07,657 [INFO] 2026-05-13 03:53:07,657 [INFO] nadia_ai.utils.extraction: Lead 971: Tier B, heirs=0
2026-05-13 03:53:07,657 [INFO] 2026-05-13 03:53:07,657 [INFO] nadia_ai.scrapers.boe: Extracting text from: https://www.boe.es/diario_boe/txt.php?id=BOE-N-2026-129559
2026-05-13 03:53:13,578 [INFO] 2026-05-13 03:53:13,578 [INFO] nadia_ai.utils.extraction: Lead 980: Tier B, heirs=0
2026-05-13 03:53:13,578 [INFO] 2026-05-13 03:53:13,578 [INFO] nadia_ai.scrapers.boe: Extracting text from: https://www.boe.es/diario_boe/txt.php?id=BOE-N-2026-129571
2026-05-13 03:53:19,532 [INFO] 2026-05-13 03:53:19,532 [INFO] nadia_ai.utils.extraction: Lead 982: Tier B, heirs=0
2026-05-13 03:53:19,532 [INFO] 2026-05-13 03:53:19,532 [INFO] nadia_ai.scrapers.boe: Extracting text from: https://www.boe.es/diario_boe/txt.php?id=BOE-N-2026-129593
2026-05-13 03:53:25,476 [INFO] 2026-05-13 03:53:25,476 [INFO] nadia_ai.utils.extraction: Lead 985: Tier B, heirs=0
2026-05-13 03:53:25,476 [INFO] 2026-05-13 03:53:25,476 [INFO] nadia_ai.scrapers.boe: Extracting text from: https://www.boe.es/diario_boe/txt.php?id=BOE-N-2026-122097
2026-05-13 03:53:31,411 [INFO] 2026-05-13 03:53:31,410 [INFO] nadia_ai.utils.extraction: Lead 1004: Tier B, heirs=0
2026-05-13 03:53:31,411 [INFO] 2026-05-13 03:53:31,411 [INFO] nadia_ai.scrapers.boe: Extracting text from: https://www.boe.es/diario_boe/txt.php?id=BOE-N-2026-116393
2026-05-13 03:53:37,337 [INFO] 2026-05-13 03:53:37,337 [INFO] nadia_ai.utils.extraction: Lead 1010: Tier B, heirs=0
2026-05-13 03:53:37,337 [INFO] 2026-05-13 03:53:37,337 [INFO] nadia_ai.scrapers.boe: Extracting text from: https://www.boe.es/diario_boe/txt.php?id=BOE-N-2026-113274
2026-05-13 03:53:43,272 [INFO] 2026-05-13 03:53:43,271 [INFO] nadia_ai.utils.extraction: Lead 1021: Tier B, heirs=0
2026-05-13 03:53:43,272 [INFO] 2026-05-13 03:53:43,271 [INFO] nadia_ai.scrapers.boe: Extracting text from: https://www.boe.es/diario_boe/txt.php?id=BOE-N-2026-113295
2026-05-13 03:53:49,212 [INFO] 2026-05-13 03:53:49,212 [INFO] nadia_ai.utils.extraction: Lead 1026: Tier B, heirs=0
2026-05-13 03:53:49,212 [INFO] 2026-05-13 03:53:49,212 [INFO] nadia_ai.scrapers.boe: Extracting text from: https://www.boe.es/diario_boe/txt.php?id=BOE-N-2026-113331
2026-05-13 03:53:55,198 [INFO] 2026-05-13 03:53:55,198 [INFO] nadia_ai.utils.extraction: Lead 1031: Tier B, heirs=0
2026-05-13 03:53:55,199 [INFO] 2026-05-13 03:53:55,198 [INFO] nadia_ai.scrapers.boe: Extracting text from: https://www.boe.es/diario_boe/txt.php?id=BOE-N-2026-108975
2026-05-13 03:54:01,105 [INFO] 2026-05-13 03:54:01,105 [INFO] nadia_ai.utils.extraction: Lead 1038: Tier B, heirs=0
2026-05-13 03:54:01,105 [INFO] 2026-05-13 03:54:01,105 [INFO] nadia_ai.scrapers.boe: Extracting text from: https://www.boe.es/diario_boe/txt.php?id=BOE-N-2026-108979
2026-05-13 03:54:06,941 [INFO] 2026-05-13 03:54:06,941 [INFO] nadia_ai.utils.extraction: Lead 1040: Tier B, heirs=0
2026-05-13 03:54:06,941 [INFO] 2026-05-13 03:54:06,941 [INFO] nadia_ai.scrapers.boe: Extracting text from: https://www.boe.es/diario_boe/txt.php?id=BOE-N-2026-108984
2026-05-13 03:54:12,807 [INFO] 2026-05-13 03:54:12,807 [INFO] nadia_ai.utils.extraction: Lead 1041: Tier B, heirs=0
2026-05-13 03:54:12,807 [INFO] 2026-05-13 03:54:12,807 [INFO] nadia_ai.scrapers.boe: Extracting text from: https://www.boe.es/diario_boe/txt.php?id=BOE-N-2026-108985
2026-05-13 03:54:18,790 [INFO] 2026-05-13 03:54:18,790 [INFO] nadia_ai.utils.extraction: Lead 1042: Tier B, heirs=0
2026-05-13 03:54:18,790 [INFO] 2026-05-13 03:54:18,790 [INFO] nadia_ai.scrapers.boe: Extracting text from: https://www.boe.es/diario_boe/txt.php?id=BOE-N-2026-109043
2026-05-13 03:54:24,692 [INFO] 2026-05-13 03:54:24,691 [INFO] nadia_ai.utils.extraction: Lead 1051: Tier B, heirs=0
2026-05-13 03:54:24,692 [INFO] 2026-05-13 03:54:24,691 [INFO] nadia_ai.scrapers.boe: Extracting text from: https://www.boe.es/diario_boe/txt.php?id=BOE-N-2026-109052
2026-05-13 03:54:30,637 [INFO] 2026-05-13 03:54:30,637 [INFO] nadia_ai.utils.extraction: Lead 1053: Tier B, heirs=0
2026-05-13 03:54:30,637 [INFO] 2026-05-13 03:54:30,637 [INFO] nadia_ai.scrapers.boe: Extracting text from: https://www.boe.es/diario_boe/txt.php?id=BOE-N-2026-109089
2026-05-13 03:54:36,561 [INFO] 2026-05-13 03:54:36,560 [INFO] nadia_ai.utils.extraction: Lead 1059: Tier B, heirs=0
2026-05-13 03:54:36,561 [INFO] 2026-05-13 03:54:36,561 [INFO] nadia_ai.scrapers.boe: Extracting text from: https://www.boe.es/diario_boe/txt.php?id=BOE-N-2026-104485
2026-05-13 03:54:42,523 [INFO] 2026-05-13 03:54:42,523 [INFO] nadia_ai.utils.extraction: Lead 1061: Tier B, heirs=0
2026-05-13 03:54:42,523 [INFO] 2026-05-13 03:54:42,523 [INFO] nadia_ai.scrapers.boe: Extracting text from: https://www.boe.es/diario_boe/txt.php?id=BOE-N-2026-104498
2026-05-13 03:54:46,288 [INFO] 2026-05-13 03:54:46,288 [INFO] nadia_ai.utils.extraction: Lead 1064: Tier B, heirs=0
2026-05-13 03:54:46,288 [INFO] 2026-05-13 03:54:46,288 [INFO] nadia_ai.scrapers.boe: Extracting text from: https://www.boe.es/diario_boe/txt.php?id=BOE-N-2026-104504
2026-05-13 03:54:49,997 [INFO] 2026-05-13 03:54:49,997 [INFO] nadia_ai.utils.extraction: Lead 1065: Tier B, heirs=0
2026-05-13 03:54:49,997 [INFO] 2026-05-13 03:54:49,997 [INFO] nadia_ai.scrapers.boe: Extracting text from: https://www.boe.es/diario_boe/txt.php?id=BOE-N-2026-104515
2026-05-13 03:54:53,618 [INFO] 2026-05-13 03:54:53,618 [INFO] nadia_ai.utils.extraction: Lead 1066: Tier B, heirs=0
2026-05-13 03:54:53,618 [INFO] 2026-05-13 03:54:53,618 [INFO] nadia_ai.scrapers.boe: Extracting text from: https://www.boe.es/diario_boe/txt.php?id=BOE-N-2026-104516
2026-05-13 03:54:57,240 [INFO] 2026-05-13 03:54:57,240 [INFO] nadia_ai.utils.extraction: Lead 1067: Tier B, heirs=0
2026-05-13 03:54:57,240 [INFO] 2026-05-13 03:54:57,240 [INFO] nadia_ai.scrapers.boe: Extracting text from: https://www.boe.es/diario_boe/txt.php?id=BOE-N-2026-104518
2026-05-13 03:55:00,953 [INFO] 2026-05-13 03:55:00,953 [INFO] nadia_ai.utils.extraction: Lead 1068: Tier B, heirs=0
2026-05-13 03:55:00,953 [INFO] 2026-05-13 03:55:00,953 [INFO] nadia_ai.scrapers.boe: Extracting text from: https://www.boe.es/diario_boe/txt.php?id=BOE-N-2026-104546
2026-05-13 03:55:04,671 [INFO] 2026-05-13 03:55:04,671 [INFO] nadia_ai.utils.extraction: Lead 1071: Tier B, heirs=0
2026-05-13 03:55:04,671 [INFO] 2026-05-13 03:55:04,671 [INFO] nadia_ai.scrapers.boe: Extracting text from: https://www.boe.es/diario_boe/txt.php?id=BOE-N-2026-104552
2026-05-13 03:55:08,420 [INFO] 2026-05-13 03:55:08,420 [INFO] nadia_ai.utils.extraction: Lead 1072: Tier B, heirs=0
2026-05-13 03:55:08,420 [INFO] 2026-05-13 03:55:08,420 [INFO] nadia_ai.scrapers.boe: Extracting text from: https://www.boe.es/diario_boe/txt.php?id=BOE-N-2026-104896
2026-05-13 03:55:12,243 [INFO] 2026-05-13 03:55:12,242 [INFO] nadia_ai.utils.extraction: Lead 1073: Tier B, heirs=0
2026-05-13 03:55:12,243 [INFO] 2026-05-13 03:55:12,243 [INFO] nadia_ai.scrapers.boe: Extracting text from: https://www.boe.es/diario_boe/txt.php?id=BOE-N-2026-104897
2026-05-13 03:55:15,924 [INFO] 2026-05-13 03:55:15,924 [INFO] nadia_ai.utils.extraction: Lead 1074: Tier B, heirs=0
2026-05-13 03:55:15,924 [INFO] 2026-05-13 03:55:15,924 [INFO] nadia_ai.scrapers.boe: Extracting text from: https://www.boe.es/diario_boe/txt.php?id=BOE-N-2026-104899
2026-05-13 03:55:19,585 [INFO] 2026-05-13 03:55:19,585 [INFO] nadia_ai.utils.extraction: Lead 1075: Tier B, heirs=0
2026-05-13 03:55:19,585 [INFO] 2026-05-13 03:55:19,585 [INFO] nadia_ai.scrapers.boe: Extracting text from: https://www.boe.es/boe/dias/2026/05/07/pdfs/BOE-B-2026-14455.pdf
2026-05-13 03:55:24,771 [INFO] 2026-05-13 03:55:24,771 [INFO] nadia_ai.utils.extraction: Lead 5: Tier B, heirs=1
2026-05-13 03:55:24,771 [INFO] 2026-05-13 03:55:24,771 [INFO] nadia_ai.scrapers.boe: Extracting text from: https://www.boe.es/boe/dias/2026/05/06/pdfs/BOE-B-2026-14340.pdf
2026-05-13 03:55:29,777 [INFO] 2026-05-13 03:55:29,777 [INFO] nadia_ai.utils.extraction: Lead 6: Tier B, heirs=1
2026-05-13 03:55:29,777 [INFO] 2026-05-13 03:55:29,777 [INFO] nadia_ai.scrapers.boe: Extracting text from: https://www.boe.es/boe/dias/2026/05/05/pdfs/BOE-B-2026-14179.pdf
2026-05-13 03:55:34,588 [INFO] 2026-05-13 03:55:34,587 [INFO] nadia_ai.utils.extraction: Lead 9: Tier B, heirs=1
2026-05-13 03:55:34,588 [INFO] 2026-05-13 03:55:34,587 [INFO] nadia_ai.scrapers.boe: Extracting text from: https://www.boe.es/boe/dias/2026/05/05/pdfs/BOE-B-2026-14180.pdf
2026-05-13 03:55:39,238 [INFO] 2026-05-13 03:55:39,238 [INFO] nadia_ai.utils.extraction: Lead 10: Tier B, heirs=1
2026-05-13 03:55:39,238 [INFO] 2026-05-13 03:55:39,238 [INFO] nadia_ai.scrapers.boe: Extracting text from: https://www.boe.es/boe/dias/2026/05/04/pdfs/BOE-B-2026-14029.pdf
2026-05-13 03:55:44,094 [INFO] 2026-05-13 03:55:44,094 [INFO] nadia_ai.utils.extraction: Lead 13: Tier B, heirs=1
2026-05-13 03:55:44,094 [INFO] 2026-05-13 03:55:44,094 [INFO] nadia_ai.scrapers.boe: Extracting text from: https://www.boe.es/boe/dias/2026/05/04/pdfs/BOE-B-2026-14030.pdf
2026-05-13 03:55:48,948 [INFO] 2026-05-13 03:55:48,948 [INFO] nadia_ai.utils.extraction: Lead 14: Tier B, heirs=1
2026-05-13 03:55:48,948 [INFO] 2026-05-13 03:55:48,948 [INFO] nadia_ai.scrapers.boe: Extracting text from: https://www.boe.es/boe/dias/2026/04/20/pdfs/BOE-B-2026-12328.pdf
2026-05-13 03:55:54,286 [INFO] 2026-05-13 03:55:54,286 [INFO] nadia_ai.utils.extraction: Lead 18: Tier B, heirs=3
2026-05-13 03:55:54,286 [INFO] 2026-05-13 03:55:54,286 [INFO] nadia_ai.scrapers.boe: Extracting text from: https://www.boe.es/boe/dias/2026/04/20/pdfs/BOE-B-2026-12330.pdf
2026-05-13 03:56:00,358 [INFO] 2026-05-13 03:56:00,358 [INFO] nadia_ai.utils.extraction: Lead 19: Tier B, heirs=0
2026-05-13 03:56:00,358 [INFO] 2026-05-13 03:56:00,358 [INFO] nadia_ai.scrapers.boe: Extracting text from: https://www.boe.es/boe/dias/2026/04/20/pdfs/BOE-B-2026-12332.pdf
2026-05-13 03:56:48,558 [INFO] 2026-05-13 03:56:48,558 [INFO] nadia_ai.utils.extraction: Lead 20: Tier B, heirs=0
2026-05-13 03:56:48,558 [INFO] 2026-05-13 03:56:48,558 [INFO] nadia_ai.scrapers.boe: Extracting text from: https://www.boe.es/boe/dias/2026/04/17/pdfs/BOE-B-2026-11878.pdf
2026-05-13 03:56:54,380 [INFO] 2026-05-13 03:56:54,380 [INFO] nadia_ai.utils.extraction: Lead 25: Tier A, heirs=0
2026-05-13 03:56:54,381 [INFO] 2026-05-13 03:56:54,380 [INFO] nadia_ai.scrapers.boe: Extracting text from: https://www.boe.es/boe/dias/2026/04/16/pdfs/BOE-B-2026-11730.pdf
2026-05-13 03:57:01,719 [INFO] 2026-05-13 03:57:01,719 [INFO] nadia_ai.utils.extraction: Lead 26: Tier B, heirs=0
2026-05-13 03:57:01,719 [INFO] 2026-05-13 03:57:01,719 [INFO] nadia_ai.scrapers.boe: Extracting text from: https://www.boe.es/boe/dias/2026/04/16/pdfs/BOE-B-2026-11732.pdf
2026-05-13 03:57:23,241 [INFO] 2026-05-13 03:57:23,241 [INFO] nadia_ai.utils.extraction: Lead 27: Tier B, heirs=0
2026-05-13 03:57:23,241 [INFO] 2026-05-13 03:57:23,241 [INFO] nadia_ai.scrapers.boe: Extracting text from: https://www.boe.es/boe/dias/2026/04/16/pdfs/BOE-B-2026-11733.pdf
2026-05-13 03:57:46,920 [INFO] 2026-05-13 03:57:46,919 [INFO] nadia_ai.utils.extraction: Lead 28: Tier B, heirs=0
2026-05-13 03:57:46,920 [INFO] 2026-05-13 03:57:46,919 [INFO] nadia_ai.scrapers.boe: Extracting text from: https://www.boe.es/boe/dias/2026/04/15/pdfs/BOE-B-2026-11617.pdf
2026-05-13 03:57:51,725 [INFO] 2026-05-13 03:57:51,724 [INFO] nadia_ai.utils.extraction: Lead 29: Tier B, heirs=1
2026-05-13 03:57:51,725 [INFO] 2026-05-13 03:57:51,725 [INFO] nadia_ai.scrapers.boe: Extracting text from: https://www.boe.es/boe/dias/2026/04/15/pdfs/BOE-B-2026-11618.pdf
2026-05-13 03:57:56,647 [INFO] 2026-05-13 03:57:56,647 [INFO] nadia_ai.utils.extraction: Lead 30: Tier B, heirs=1
2026-05-13 03:57:56,647 [INFO] 2026-05-13 03:57:56,647 [INFO] nadia_ai.scrapers.boe: Extracting text from: https://www.boe.es/boe/dias/2026/04/09/pdfs/BOE-B-2026-10879.pdf
2026-05-13 03:58:01,682 [INFO] 2026-05-13 03:58:01,682 [INFO] nadia_ai.utils.extraction: Lead 34: Tier B, heirs=1
2026-05-13 03:58:01,682 [INFO] 2026-05-13 03:58:01,682 [INFO] nadia_ai.scrapers.boe: Extracting text from: https://www.boe.es/boe/dias/2026/04/06/pdfs/BOE-B-2026-10412.pdf
2026-05-13 03:58:06,721 [INFO] 2026-05-13 03:58:06,721 [INFO] nadia_ai.utils.extraction: Lead 35: Tier B, heirs=1
2026-05-13 03:58:06,721 [INFO] 2026-05-13 03:58:06,721 [INFO] nadia_ai.scrapers.boe: Extracting text from: https://www.boe.es/boe/dias/2026/03/27/pdfs/BOE-B-2026-9548.pdf
2026-05-13 03:58:11,435 [INFO] 2026-05-13 03:58:11,434 [INFO] nadia_ai.utils.extraction: Lead 40: Tier B, heirs=0
2026-05-13 03:58:11,435 [INFO] 2026-05-13 03:58:11,434 [INFO] nadia_ai.scrapers.boe: Extracting text from: https://www.boe.es/boe/dias/2026/03/25/pdfs/BOE-B-2026-9249.pdf
2026-05-13 03:58:16,469 [INFO] 2026-05-13 03:58:16,469 [INFO] nadia_ai.utils.extraction: Lead 41: Tier B, heirs=1
2026-05-13 03:58:16,469 [INFO] 2026-05-13 03:58:16,469 [INFO] nadia_ai.scrapers.boe: Extracting text from: https://www.boe.es/boe/dias/2026/03/25/pdfs/BOE-B-2026-9250.pdf
2026-05-13 03:58:21,865 [INFO] 2026-05-13 03:58:21,865 [INFO] nadia_ai.utils.extraction: Lead 42: Tier B, heirs=3
2026-05-13 03:58:21,865 [INFO] 2026-05-13 03:58:21,865 [INFO] nadia_ai.scrapers.boe: Extracting text from: https://www.boe.es/boe/dias/2026/03/23/pdfs/BOE-B-2026-8998.pdf
2026-05-13 03:58:26,801 [INFO] 2026-05-13 03:58:26,801 [INFO] nadia_ai.utils.extraction: Lead 44: Tier B, heirs=1
2026-05-13 03:58:26,801 [INFO] 2026-05-13 03:58:26,801 [INFO] nadia_ai.scrapers.boe: Extracting text from: https://www.boe.es/boe/dias/2026/03/20/pdfs/BOE-B-2026-8557.pdf
2026-05-13 03:58:31,723 [INFO] 2026-05-13 03:58:31,723 [INFO] nadia_ai.utils.extraction: Lead 46: Tier B, heirs=1
2026-05-13 03:58:31,724 [INFO] 2026-05-13 03:58:31,723 [INFO] nadia_ai.scrapers.boe: Extracting text from: https://www.boe.es/boe/dias/2026/03/17/pdfs/BOE-B-2026-8256.pdf
2026-05-13 03:58:36,733 [INFO] 2026-05-13 03:58:36,733 [INFO] nadia_ai.utils.extraction: Lead 48: Tier B, heirs=1
2026-05-13 03:58:36,734 [INFO] 2026-05-13 03:58:36,733 [INFO] nadia_ai.scrapers.boe: Extracting text from: https://www.boe.es/boe/dias/2026/03/11/pdfs/BOE-B-2026-7457.pdf
2026-05-13 03:58:41,656 [INFO] 2026-05-13 03:58:41,656 [INFO] nadia_ai.utils.extraction: Lead 56: Tier B, heirs=1
2026-05-13 03:58:41,656 [INFO] 2026-05-13 03:58:41,656 [INFO] nadia_ai.scrapers.boe: Extracting text from: https://www.boe.es/boe/dias/2026/03/05/pdfs/BOE-B-2026-6702.pdf
2026-05-13 03:58:46,848 [INFO] 2026-05-13 03:58:46,848 [INFO] nadia_ai.utils.extraction: Lead 61: Tier B, heirs=2
2026-05-13 03:58:46,848 [INFO] 2026-05-13 03:58:46,848 [INFO] nadia_ai.scrapers.boe: Extracting text from: https://www.boe.es/boe/dias/2026/02/19/pdfs/BOE-B-2026-4955.pdf
2026-05-13 03:58:51,971 [INFO] 2026-05-13 03:58:51,970 [INFO] nadia_ai.utils.extraction: Lead 83: Tier B, heirs=1
2026-05-13 03:58:51,971 [INFO] 2026-05-13 03:58:51,971 [INFO] nadia_ai.scrapers.boe: Extracting text from: https://www.boe.es/boe/dias/2026/02/17/pdfs/BOE-B-2026-4822.pdf
2026-05-13 03:58:56,618 [INFO] 2026-05-13 03:58:56,618 [INFO] nadia_ai.utils.extraction: Lead 85: Tier B, heirs=0
2026-05-13 03:58:56,618 [INFO] 2026-05-13 03:58:56,618 [INFO] nadia_ai.scrapers.boe: Extracting text from: https://www.boe.es/boe/dias/2026/02/16/pdfs/BOE-B-2026-4610.pdf
2026-05-13 03:59:03,852 [INFO] 2026-05-13 03:59:03,851 [INFO] nadia_ai.utils.extraction: Lead 86: Tier B, heirs=0
2026-05-13 03:59:03,852 [INFO] 2026-05-13 03:59:03,852 [INFO] nadia_ai.scrapers.boe: Extracting text from: https://www.boe.es/diario_boe/txt.php?id=BOE-N-2026-356907
2026-05-13 03:59:09,752 [INFO] 2026-05-13 03:59:09,752 [INFO] nadia_ai.utils.extraction: Lead 97: Tier B, heirs=0
2026-05-13 03:59:09,752 [INFO] 2026-05-13 03:59:09,752 [INFO] nadia_ai.scrapers.boe: Extracting text from: https://www.boe.es/diario_boe/txt.php?id=BOE-N-2026-356908
2026-05-13 03:59:15,661 [INFO] 2026-05-13 03:59:15,661 [INFO] nadia_ai.utils.extraction: Lead 98: Tier B, heirs=0
2026-05-13 03:59:15,662 [INFO] 2026-05-13 03:59:15,661 [INFO] nadia_ai.scrapers.boe: Extracting text from: https://www.boe.es/diario_boe/txt.php?id=BOE-N-2026-356909
2026-05-13 03:59:21,544 [INFO] 2026-05-13 03:59:21,544 [INFO] nadia_ai.utils.extraction: Lead 99: Tier B, heirs=0
2026-05-13 03:59:21,544 [INFO] 2026-05-13 03:59:21,544 [INFO] nadia_ai.scrapers.boe: Extracting text from: https://www.boe.es/diario_boe/txt.php?id=BOE-N-2026-356910
2026-05-13 03:59:27,362 [INFO] 2026-05-13 03:59:27,362 [INFO] nadia_ai.utils.extraction: Lead 100: Tier B, heirs=0
2026-05-13 03:59:27,362 [INFO] 2026-05-13 03:59:27,362 [INFO] nadia_ai.scrapers.boe: Extracting text from: https://www.boe.es/diario_boe/txt.php?id=BOE-N-2026-356919
2026-05-13 03:59:33,225 [INFO] 2026-05-13 03:59:33,225 [INFO] nadia_ai.utils.extraction: Lead 102: Tier B, heirs=0
2026-05-13 03:59:33,225 [INFO] 2026-05-13 03:59:33,225 [INFO] nadia_ai.scrapers.boe: Extracting text from: https://www.boe.es/diario_boe/txt.php?id=BOE-N-2026-362073
2026-05-13 03:59:39,122 [INFO] 2026-05-13 03:59:39,122 [INFO] nadia_ai.utils.extraction: Lead 1168: Tier B, heirs=0
2026-05-13 03:59:39,122 [INFO] 2026-05-13 03:59:39,122 [INFO] nadia_ai.scrapers.boe: Extracting text from: https://www.boe.es/diario_boe/txt.php?id=BOE-N-2026-362074
2026-05-13 03:59:42,830 [INFO] 2026-05-13 03:59:42,829 [INFO] nadia_ai.utils.extraction: Lead 1169: Tier B, heirs=0
2026-05-13 03:59:42,830 [INFO] 2026-05-13 03:59:42,830 [INFO] nadia_ai.scrapers.boe: Extracting text from: https://www.boe.es/diario_boe/txt.php?id=BOE-N-2026-362078
2026-05-13 03:59:46,493 [INFO] 2026-05-13 03:59:46,493 [INFO] nadia_ai.utils.extraction: Lead 1170: Tier B, heirs=0
2026-05-13 03:59:46,493 [INFO] 2026-05-13 03:59:46,493 [INFO] nadia_ai.scrapers.boe: Extracting text from: https://www.boe.es/diario_boe/txt.php?id=BOE-N-2026-362079
2026-05-13 03:59:50,198 [INFO] 2026-05-13 03:59:50,198 [INFO] nadia_ai.utils.extraction: Lead 1171: Tier B, heirs=0
2026-05-13 03:59:50,198 [INFO] 2026-05-13 03:59:50,198 [INFO] nadia_ai.scrapers.boe: Extracting text from: https://www.boe.es/diario_boe/txt.php?id=BOE-N-2026-362081
2026-05-13 03:59:53,885 [INFO] 2026-05-13 03:59:53,885 [INFO] nadia_ai.utils.extraction: Lead 1172: Tier B, heirs=0
2026-05-13 03:59:53,885 [INFO] 2026-05-13 03:59:53,885 [INFO] nadia_ai.scrapers.boe: Extracting text from: https://www.boe.es/diario_boe/txt.php?id=BOE-N-2026-362089
2026-05-13 03:59:57,547 [INFO] 2026-05-13 03:59:57,547 [INFO] nadia_ai.utils.extraction: Lead 1173: Tier B, heirs=0
2026-05-13 03:59:57,547 [INFO] 2026-05-13 03:59:57,547 [INFO] nadia_ai.scrapers.boe: Extracting text from: https://www.boe.es/diario_boe/txt.php?id=BOE-N-2026-362104
2026-05-13 04:00:01,260 [INFO] 2026-05-13 04:00:01,260 [INFO] nadia_ai.utils.extraction: Lead 1174: Tier B, heirs=0
2026-05-13 04:00:01,260 [INFO] 2026-05-13 04:00:01,260 [INFO] nadia_ai.scrapers.boe: Extracting text from: https://www.boe.es/diario_boe/txt.php?id=BOE-N-2026-362105
2026-05-13 04:00:04,978 [INFO] 2026-05-13 04:00:04,978 [INFO] nadia_ai.utils.extraction: Lead 1175: Tier B, heirs=0
2026-05-13 04:00:04,978 [INFO] 2026-05-13 04:00:04,978 [INFO] nadia_ai.scrapers.boe: Extracting text from: https://www.boe.es/diario_boe/txt.php?id=BOE-N-2026-362106
2026-05-13 04:00:08,647 [INFO] 2026-05-13 04:00:08,647 [INFO] nadia_ai.utils.extraction: Lead 1176: Tier B, heirs=0
2026-05-13 04:00:08,647 [INFO] 2026-05-13 04:00:08,647 [INFO] nadia_ai.scrapers.boe: Extracting text from: https://www.boe.es/diario_boe/txt.php?id=BOE-N-2026-362107
2026-05-13 04:00:12,302 [INFO] 2026-05-13 04:00:12,302 [INFO] nadia_ai.utils.extraction: Lead 1177: Tier B, heirs=0
2026-05-13 04:00:12,302 [INFO] 2026-05-13 04:00:12,302 [INFO] nadia_ai.scrapers.boe: Extracting text from: https://www.boe.es/diario_boe/txt.php?id=BOE-N-2026-362114
2026-05-13 04:00:16,086 [INFO] 2026-05-13 04:00:16,086 [INFO] nadia_ai.utils.extraction: Lead 1178: Tier B, heirs=0
2026-05-13 04:00:16,086 [INFO] 2026-05-13 04:00:16,086 [INFO] nadia_ai.scrapers.boe: Extracting text from: https://www.boe.es/diario_boe/txt.php?id=BOE-N-2026-362119
2026-05-13 04:00:19,755 [INFO] 2026-05-13 04:00:19,755 [INFO] nadia_ai.utils.extraction: Lead 1179: Tier B, heirs=0
2026-05-13 04:00:19,755 [INFO] 2026-05-13 04:00:19,755 [INFO] nadia_ai.scrapers.boe: Extracting text from: https://www.boe.es/diario_boe/txt.php?id=BOE-N-2026-362120
2026-05-13 04:00:23,421 [INFO] 2026-05-13 04:00:23,421 [INFO] nadia_ai.utils.extraction: Lead 1180: Tier B, heirs=0
2026-05-13 04:00:23,422 [INFO] 2026-05-13 04:00:23,421 [INFO] nadia_ai.scrapers.boe: Extracting text from: https://www.boe.es/diario_boe/txt.php?id=BOE-N-2026-362127
2026-05-13 04:00:27,127 [INFO] 2026-05-13 04:00:27,127 [INFO] nadia_ai.utils.extraction: Lead 1181: Tier B, heirs=0
2026-05-13 04:00:27,128 [INFO] 2026-05-13 04:00:27,127 [INFO] nadia_ai.scrapers.boe: Extracting text from: https://www.boe.es/diario_boe/txt.php?id=BOE-N-2026-362130
2026-05-13 04:00:30,756 [INFO] 2026-05-13 04:00:30,756 [INFO] nadia_ai.utils.extraction: Lead 1182: Tier B, heirs=0
2026-05-13 04:00:30,757 [INFO] 2026-05-13 04:00:30,756 [INFO] nadia_ai.scrapers.boe: Extracting text from: https://www.boe.es/diario_boe/txt.php?id=BOE-N-2026-354131
2026-05-13 04:00:34,378 [INFO] 2026-05-13 04:00:34,378 [INFO] nadia_ai.utils.extraction: Lead 111: Tier B, heirs=0
2026-05-13 04:00:34,378 [INFO] 2026-05-13 04:00:34,378 [INFO] nadia_ai.scrapers.boe: Extracting text from: https://www.boe.es/diario_boe/txt.php?id=BOE-N-2026-354141
2026-05-13 04:00:37,984 [INFO] 2026-05-13 04:00:37,984 [INFO] nadia_ai.utils.extraction: Lead 112: Tier B, heirs=0
2026-05-13 04:00:37,984 [INFO] 2026-05-13 04:00:37,984 [INFO] nadia_ai.scrapers.boe: Extracting text from: https://www.boe.es/diario_boe/txt.php?id=BOE-N-2026-354489
2026-05-13 04:00:41,606 [INFO] 2026-05-13 04:00:41,606 [INFO] nadia_ai.utils.extraction: Lead 113: Tier B, heirs=0
2026-05-13 04:00:41,606 [INFO] 2026-05-13 04:00:41,606 [INFO] nadia_ai.scrapers.boe: Extracting text from: https://www.boe.es/diario_boe/txt.php?id=BOE-N-2026-354505
2026-05-13 04:00:45,239 [INFO] 2026-05-13 04:00:45,239 [INFO] nadia_ai.utils.extraction: Lead 114: Tier B, heirs=0
2026-05-13 04:00:45,239 [INFO] 2026-05-13 04:00:45,239 [INFO] nadia_ai.extraction_loop: Enriched 109 leads in this batch. Total so far: 109
2026-05-13 04:00:45,240 [INFO] 2026-05-13 04:00:45,239 [INFO] nadia_ai.extraction_loop: Starting extraction batch...
2026-05-13 04:00:45,241 [INFO] 2026-05-13 04:00:45,241 [INFO] nadia_ai.scrapers.boe: Extracting text from: https://www.boe.es/diario_boe/txt.php?id=BOE-N-2026-348273
2026-05-13 04:00:48,875 [INFO] 2026-05-13 04:00:48,874 [INFO] nadia_ai.utils.extraction: Lead 115: Tier B, heirs=0
2026-05-13 04:00:48,875 [INFO] 2026-05-13 04:00:48,874 [INFO] nadia_ai.scrapers.boe: Extracting text from: https://www.boe.es/diario_boe/txt.php?id=BOE-N-2026-349960
2026-05-13 04:00:52,528 [INFO] 2026-05-13 04:00:52,528 [INFO] nadia_ai.utils.extraction: Lead 118: Tier B, heirs=0
2026-05-13 04:00:52,528 [INFO] 2026-05-13 04:00:52,528 [INFO] nadia_ai.scrapers.boe: Extracting text from: https://www.boe.es/diario_boe/txt.php?id=BOE-N-2026-349962
2026-05-13 04:00:56,119 [INFO] 2026-05-13 04:00:56,119 [INFO] nadia_ai.utils.extraction: Lead 119: Tier B, heirs=0
2026-05-13 04:00:56,119 [INFO] 2026-05-13 04:00:56,119 [INFO] nadia_ai.scrapers.boe: Extracting text from: https://www.boe.es/diario_boe/txt.php?id=BOE-N-2026-349963
2026-05-13 04:00:59,717 [INFO] 2026-05-13 04:00:59,717 [INFO] nadia_ai.utils.extraction: Lead 120: Tier B, heirs=0
2026-05-13 04:00:59,718 [INFO] 2026-05-13 04:00:59,717 [INFO] nadia_ai.scrapers.boe: Extracting text from: https://www.boe.es/diario_boe/txt.php?id=BOE-N-2026-350003
2026-05-13 04:01:03,367 [INFO] 2026-05-13 04:01:03,367 [INFO] nadia_ai.utils.extraction: Lead 122: Tier B, heirs=0
2026-05-13 04:01:03,367 [INFO] 2026-05-13 04:01:03,367 [INFO] nadia_ai.scrapers.boe: Extracting text from: https://www.boe.es/diario_boe/txt.php?id=BOE-N-2026-350007
2026-05-13 04:01:06,982 [INFO] 2026-05-13 04:01:06,982 [INFO] nadia_ai.utils.extraction: Lead 123: Tier B, heirs=0
2026-05-13 04:01:06,982 [INFO] 2026-05-13 04:01:06,982 [INFO] nadia_ai.scrapers.boe: Extracting text from: https://www.boe.es/diario_boe/txt.php?id=BOE-N-2026-350011
2026-05-13 04:01:16,697 [INFO] 2026-05-13 04:01:16,697 [INFO] nadia_ai.utils.extraction: Lead 125: Tier B, heirs=0
2026-05-13 04:01:16,697 [INFO] 2026-05-13 04:01:16,697 [INFO] nadia_ai.scrapers.boe: Extracting text from: https://www.boe.es/diario_boe/txt.php?id=BOE-N-2026-350034
2026-05-13 04:01:20,379 [INFO] 2026-05-13 04:01:20,379 [INFO] nadia_ai.utils.extraction: Lead 127: Tier B, heirs=0
2026-05-13 04:01:20,379 [INFO] 2026-05-13 04:01:20,379 [INFO] nadia_ai.scrapers.boe: Extracting text from: https://www.boe.es/diario_boe/txt.php?id=BOE-N-2026-350049
2026-05-13 04:01:24,058 [INFO] 2026-05-13 04:01:24,058 [INFO] nadia_ai.utils.extraction: Lead 129: Tier B, heirs=0
2026-05-13 04:01:24,058 [INFO] 2026-05-13 04:01:24,058 [INFO] nadia_ai.scrapers.boe: Extracting text from: https://www.boe.es/diario_boe/txt.php?id=BOE-N-2026-350051
2026-05-13 04:01:27,746 [INFO] 2026-05-13 04:01:27,746 [INFO] nadia_ai.utils.extraction: Lead 130: Tier B, heirs=0
2026-05-13 04:01:27,746 [INFO] 2026-05-13 04:01:27,746 [INFO] nadia_ai.scrapers.boe: Extracting text from: https://www.boe.es/diario_boe/txt.php?id=BOE-N-2026-350052
2026-05-13 04:01:31,538 [INFO] 2026-05-13 04:01:31,537 [INFO] nadia_ai.utils.extraction: Lead 131: Tier B, heirs=0
2026-05-13 04:01:31,538 [INFO] 2026-05-13 04:01:31,537 [INFO] nadia_ai.scrapers.boe: Extracting text from: https://www.boe.es/diario_boe/txt.php?id=BOE-N-2026-350054
2026-05-13 04:01:35,156 [INFO] 2026-05-13 04:01:35,156 [INFO] nadia_ai.utils.extraction: Lead 132: Tier B, heirs=0
2026-05-13 04:01:35,156 [INFO] 2026-05-13 04:01:35,156 [INFO] nadia_ai.scrapers.boe: Extracting text from: https://www.boe.es/diario_boe/txt.php?id=BOE-N-2026-344397
2026-05-13 04:01:38,775 [INFO] 2026-05-13 04:01:38,774 [INFO] nadia_ai.utils.extraction: Lead 133: Tier B, heirs=0
2026-05-13 04:01:38,775 [INFO] 2026-05-13 04:01:38,775 [INFO] nadia_ai.scrapers.boe: Extracting text from: https://www.boe.es/diario_boe/txt.php?id=BOE-N-2026-345014
2026-05-13 04:01:42,452 [INFO] 2026-05-13 04:01:42,452 [INFO] nadia_ai.utils.extraction: Lead 134: Tier B, heirs=0
2026-05-13 04:01:42,453 [INFO] 2026-05-13 04:01:42,452 [INFO] nadia_ai.scrapers.boe: Extracting text from: https://www.boe.es/diario_boe/txt.php?id=BOE-N-2026-345034
2026-05-13 04:01:46,083 [INFO] 2026-05-13 04:01:46,083 [INFO] nadia_ai.utils.extraction: Lead 135: Tier B, heirs=0
2026-05-13 04:01:46,083 [INFO] 2026-05-13 04:01:46,083 [INFO] nadia_ai.scrapers.boe: Extracting text from: https://www.boe.es/diario_boe/txt.php?id=BOE-N-2026-345035
2026-05-13 04:01:49,762 [INFO] 2026-05-13 04:01:49,762 [INFO] nadia_ai.utils.extraction: Lead 136: Tier B, heirs=0
2026-05-13 04:01:49,762 [INFO] 2026-05-13 04:01:49,762 [INFO] nadia_ai.scrapers.boe: Extracting text from: https://www.boe.es/diario_boe/txt.php?id=BOE-N-2026-345036
2026-05-13 04:01:53,418 [INFO] 2026-05-13 04:01:53,418 [INFO] nadia_ai.utils.extraction: Lead 137: Tier B, heirs=0
2026-05-13 04:01:53,418 [INFO] 2026-05-13 04:01:53,418 [INFO] nadia_ai.scrapers.boe: Extracting text from: https://www.boe.es/diario_boe/txt.php?id=BOE-N-2026-345060
2026-05-13 04:01:57,065 [INFO] 2026-05-13 04:01:57,065 [INFO] nadia_ai.utils.extraction: Lead 138: Tier B, heirs=0
2026-05-13 04:01:57,065 [INFO] 2026-05-13 04:01:57,065 [INFO] nadia_ai.scrapers.boe: Extracting text from: https://www.boe.es/diario_boe/txt.php?id=BOE-N-2026-345064
2026-05-13 04:02:00,687 [INFO] 2026-05-13 04:02:00,687 [INFO] nadia_ai.utils.extraction: Lead 139: Tier B, heirs=0
2026-05-13 04:02:00,687 [INFO] 2026-05-13 04:02:00,687 [INFO] nadia_ai.scrapers.boe: Extracting text from: https://www.boe.es/diario_boe/txt.php?id=BOE-N-2026-345067
2026-05-13 04:02:04,311 [INFO] 2026-05-13 04:02:04,311 [INFO] nadia_ai.utils.extraction: Lead 141: Tier B, heirs=0
2026-05-13 04:02:04,311 [INFO] 2026-05-13 04:02:04,311 [INFO] nadia_ai.scrapers.boe: Extracting text from: https://www.boe.es/diario_boe/txt.php?id=BOE-N-2026-345074
2026-05-13 04:02:08,016 [INFO] 2026-05-13 04:02:08,015 [INFO] nadia_ai.utils.extraction: Lead 142: Tier B, heirs=0
2026-05-13 04:02:08,016 [INFO] 2026-05-13 04:02:08,015 [INFO] nadia_ai.scrapers.boe: Extracting text from: https://www.boe.es/diario_boe/txt.php?id=BOE-N-2026-345082
2026-05-13 04:02:11,702 [INFO] 2026-05-13 04:02:11,702 [INFO] nadia_ai.utils.extraction: Lead 144: Tier B, heirs=0
2026-05-13 04:02:11,703 [INFO] 2026-05-13 04:02:11,702 [INFO] nadia_ai.scrapers.boe: Extracting text from: https://www.boe.es/diario_boe/txt.php?id=BOE-N-2026-345095
2026-05-13 04:02:15,407 [INFO] 2026-05-13 04:02:15,407 [INFO] nadia_ai.utils.extraction: Lead 145: Tier B, heirs=0
2026-05-13 04:02:15,407 [INFO] 2026-05-13 04:02:15,407 [INFO] nadia_ai.scrapers.boe: Extracting text from: https://www.boe.es/diario_boe/txt.php?id=BOE-N-2026-345366
2026-05-13 04:02:19,198 [INFO] 2026-05-13 04:02:19,198 [INFO] nadia_ai.utils.extraction: Lead 147: Tier B, heirs=0
2026-05-13 04:02:19,199 [INFO] 2026-05-13 04:02:19,198 [INFO] nadia_ai.scrapers.boe: Extracting text from: https://www.boe.es/diario_boe/txt.php?id=BOE-N-2026-345443
2026-05-13 04:02:22,796 [INFO] 2026-05-13 04:02:22,796 [INFO] nadia_ai.utils.extraction: Lead 148: Tier B, heirs=0
2026-05-13 04:02:22,796 [INFO] 2026-05-13 04:02:22,796 [INFO] nadia_ai.scrapers.boe: Extracting text from: https://www.boe.es/diario_boe/txt.php?id=BOE-N-2026-346046
2026-05-13 04:02:26,500 [INFO] 2026-05-13 04:02:26,500 [INFO] nadia_ai.utils.extraction: Lead 149: Tier B, heirs=0
2026-05-13 04:02:26,500 [INFO] 2026-05-13 04:02:26,500 [INFO] nadia_ai.scrapers.boe: Extracting text from: https://www.boe.es/diario_boe/txt.php?id=BOE-N-2026-341725
2026-05-13 04:02:30,175 [INFO] 2026-05-13 04:02:30,175 [INFO] nadia_ai.utils.extraction: Lead 150: Tier B, heirs=0
2026-05-13 04:02:30,175 [INFO] 2026-05-13 04:02:30,175 [INFO] nadia_ai.scrapers.boe: Extracting text from: https://www.boe.es/diario_boe/txt.php?id=BOE-N-2026-341726
2026-05-13 04:02:33,825 [INFO] 2026-05-13 04:02:33,825 [INFO] nadia_ai.utils.extraction: Lead 151: Tier B, heirs=0
2026-05-13 04:02:33,825 [INFO] 2026-05-13 04:02:33,825 [INFO] nadia_ai.scrapers.boe: Extracting text from: https://www.boe.es/diario_boe/txt.php?id=BOE-N-2026-341728
2026-05-13 04:02:37,448 [INFO] 2026-05-13 04:02:37,448 [INFO] nadia_ai.utils.extraction: Lead 152: Tier B, heirs=0
2026-05-13 04:02:37,448 [INFO] 2026-05-13 04:02:37,448 [INFO] nadia_ai.scrapers.boe: Extracting text from: https://www.boe.es/diario_boe/txt.php?id=BOE-N-2026-341737
2026-05-13 04:02:41,098 [INFO] 2026-05-13 04:02:41,098 [INFO] nadia_ai.utils.extraction: Lead 155: Tier B, heirs=0
2026-05-13 04:02:41,098 [INFO] 2026-05-13 04:02:41,098 [INFO] nadia_ai.scrapers.boe: Extracting text from: https://www.boe.es/diario_boe/txt.php?id=BOE-N-2026-341749
2026-05-13 04:02:44,717 [INFO] 2026-05-13 04:02:44,717 [INFO] nadia_ai.utils.extraction: Lead 156: Tier B, heirs=0
2026-05-13 04:02:44,717 [INFO] 2026-05-13 04:02:44,717 [INFO] nadia_ai.scrapers.boe: Extracting text from: https://www.boe.es/diario_boe/txt.php?id=BOE-N-2026-341755
2026-05-13 04:02:48,321 [INFO] 2026-05-13 04:02:48,321 [INFO] nadia_ai.utils.extraction: Lead 157: Tier B, heirs=0
2026-05-13 04:02:48,321 [INFO] 2026-05-13 04:02:48,321 [INFO] nadia_ai.scrapers.boe: Extracting text from: https://www.boe.es/diario_boe/txt.php?id=BOE-N-2026-341757
2026-05-13 04:02:51,951 [INFO] 2026-05-13 04:02:51,951 [INFO] nadia_ai.utils.extraction: Lead 158: Tier B, heirs=0
2026-05-13 04:02:51,951 [INFO] 2026-05-13 04:02:51,951 [INFO] nadia_ai.scrapers.boe: Extracting text from: https://www.boe.es/diario_boe/txt.php?id=BOE-N-2026-341773
2026-05-13 04:02:55,583 [INFO] 2026-05-13 04:02:55,583 [INFO] nadia_ai.utils.extraction: Lead 159: Tier B, heirs=0
2026-05-13 04:02:55,583 [INFO] 2026-05-13 04:02:55,583 [INFO] nadia_ai.scrapers.boe: Extracting text from: https://www.boe.es/diario_boe/txt.php?id=BOE-N-2026-341774
2026-05-13 04:02:59,270 [INFO] 2026-05-13 04:02:59,270 [INFO] nadia_ai.utils.extraction: Lead 160: Tier B, heirs=0
2026-05-13 04:02:59,270 [INFO] 2026-05-13 04:02:59,270 [INFO] nadia_ai.scrapers.boe: Extracting text from: https://www.boe.es/diario_boe/txt.php?id=BOE-N-2026-341778
2026-05-13 04:03:02,901 [INFO] 2026-05-13 04:03:02,901 [INFO] nadia_ai.utils.extraction: Lead 161: Tier B, heirs=0
2026-05-13 04:03:02,901 [INFO] 2026-05-13 04:03:02,901 [INFO] nadia_ai.scrapers.boe: Extracting text from: https://www.boe.es/diario_boe/txt.php?id=BOE-N-2026-341781
2026-05-13 04:03:06,573 [INFO] 2026-05-13 04:03:06,573 [INFO] nadia_ai.utils.extraction: Lead 162: Tier B, heirs=0
2026-05-13 04:03:06,573 [INFO] 2026-05-13 04:03:06,573 [INFO] nadia_ai.scrapers.boe: Extracting text from: https://www.boe.es/diario_boe/txt.php?id=BOE-N-2026-341783
2026-05-13 04:03:10,284 [INFO] 2026-05-13 04:03:10,283 [INFO] nadia_ai.utils.extraction: Lead 163: Tier B, heirs=0
2026-05-13 04:03:10,284 [INFO] 2026-05-13 04:03:10,284 [INFO] nadia_ai.scrapers.boe: Extracting text from: https://www.boe.es/diario_boe/txt.php?id=BOE-N-2026-341800
2026-05-13 04:03:14,095 [INFO] 2026-05-13 04:03:14,094 [INFO] nadia_ai.utils.extraction: Lead 166: Tier B, heirs=0
2026-05-13 04:03:14,095 [INFO] 2026-05-13 04:03:14,095 [INFO] nadia_ai.scrapers.boe: Extracting text from: https://www.boe.es/diario_boe/txt.php?id=BOE-N-2026-341818
2026-05-13 04:03:17,779 [INFO] 2026-05-13 04:03:17,779 [INFO] nadia_ai.utils.extraction: Lead 168: Tier B, heirs=0
2026-05-13 04:03:17,779 [INFO] 2026-05-13 04:03:17,779 [INFO] nadia_ai.scrapers.boe: Extracting text from: https://www.boe.es/diario_boe/txt.php?id=BOE-N-2026-334560
2026-05-13 04:03:21,426 [INFO] 2026-05-13 04:03:21,426 [INFO] nadia_ai.utils.extraction: Lead 169: Tier B, heirs=0
2026-05-13 04:03:21,427 [INFO] 2026-05-13 04:03:21,426 [INFO] nadia_ai.scrapers.boe: Extracting text from: https://www.boe.es/diario_boe/txt.php?id=BOE-N-2026-334563
2026-05-13 04:03:25,093 [INFO] 2026-05-13 04:03:25,093 [INFO] nadia_ai.utils.extraction: Lead 170: Tier B, heirs=0
2026-05-13 04:03:25,094 [INFO] 2026-05-13 04:03:25,093 [INFO] nadia_ai.scrapers.boe: Extracting text from: https://www.boe.es/diario_boe/txt.php?id=BOE-N-2026-334573
2026-05-13 04:03:28,726 [INFO] 2026-05-13 04:03:28,726 [INFO] nadia_ai.utils.extraction: Lead 171: Tier B, heirs=0
2026-05-13 04:03:28,726 [INFO] 2026-05-13 04:03:28,726 [INFO] nadia_ai.scrapers.boe: Extracting text from: https://www.boe.es/diario_boe/txt.php?id=BOE-N-2026-336278
2026-05-13 04:03:32,381 [INFO] 2026-05-13 04:03:32,381 [INFO] nadia_ai.utils.extraction: Lead 174: Tier B, heirs=0
2026-05-13 04:03:32,382 [INFO] 2026-05-13 04:03:32,381 [INFO] nadia_ai.scrapers.boe: Extracting text from: https://www.boe.es/diario_boe/txt.php?id=BOE-N-2026-336279
2026-05-13 04:03:36,079 [INFO] 2026-05-13 04:03:36,079 [INFO] nadia_ai.utils.extraction: Lead 175: Tier B, heirs=0
2026-05-13 04:03:36,079 [INFO] 2026-05-13 04:03:36,079 [INFO] nadia_ai.scrapers.boe: Extracting text from: https://www.boe.es/diario_boe/txt.php?id=BOE-N-2026-336296
2026-05-13 04:03:39,760 [INFO] 2026-05-13 04:03:39,760 [INFO] nadia_ai.utils.extraction: Lead 177: Tier B, heirs=0
2026-05-13 04:03:39,760 [INFO] 2026-05-13 04:03:39,760 [INFO] nadia_ai.scrapers.boe: Extracting text from: https://www.boe.es/diario_boe/txt.php?id=BOE-N-2026-336302
2026-05-13 04:03:43,449 [INFO] 2026-05-13 04:03:43,449 [INFO] nadia_ai.utils.extraction: Lead 178: Tier B, heirs=0
2026-05-13 04:03:43,449 [INFO] 2026-05-13 04:03:43,449 [INFO] nadia_ai.scrapers.boe: Extracting text from: https://www.boe.es/diario_boe/txt.php?id=BOE-N-2026-336303
2026-05-13 04:03:47,116 [INFO] 2026-05-13 04:03:47,115 [INFO] nadia_ai.utils.extraction: Lead 179: Tier B, heirs=0
2026-05-13 04:03:47,116 [INFO] 2026-05-13 04:03:47,115 [INFO] nadia_ai.scrapers.boe: Extracting text from: https://www.boe.es/diario_boe/txt.php?id=BOE-N-2026-336316
2026-05-13 04:03:50,894 [INFO] 2026-05-13 04:03:50,893 [INFO] nadia_ai.utils.extraction: Lead 180: Tier B, heirs=0
2026-05-13 04:03:50,894 [INFO] 2026-05-13 04:03:50,893 [INFO] nadia_ai.scrapers.boe: Extracting text from: https://www.boe.es/diario_boe/txt.php?id=BOE-N-2026-336318
2026-05-13 04:03:54,581 [INFO] 2026-05-13 04:03:54,581 [INFO] nadia_ai.utils.extraction: Lead 182: Tier B, heirs=0
2026-05-13 04:03:54,581 [INFO] 2026-05-13 04:03:54,581 [INFO] nadia_ai.scrapers.boe: Extracting text from: https://www.boe.es/diario_boe/txt.php?id=BOE-N-2026-336319
2026-05-13 04:03:58,248 [INFO] 2026-05-13 04:03:58,248 [INFO] nadia_ai.utils.extraction: Lead 183: Tier B, heirs=0
2026-05-13 04:03:58,248 [INFO] 2026-05-13 04:03:58,248 [INFO] nadia_ai.scrapers.boe: Extracting text from: https://www.boe.es/diario_boe/txt.php?id=BOE-N-2026-336321
2026-05-13 04:04:01,911 [INFO] 2026-05-13 04:04:01,911 [INFO] nadia_ai.utils.extraction: Lead 184: Tier B, heirs=0
2026-05-13 04:04:01,911 [INFO] 2026-05-13 04:04:01,911 [INFO] nadia_ai.scrapers.boe: Extracting text from: https://www.boe.es/diario_boe/txt.php?id=BOE-N-2026-336322
2026-05-13 04:04:05,532 [INFO] 2026-05-13 04:04:05,532 [INFO] nadia_ai.utils.extraction: Lead 185: Tier B, heirs=0
2026-05-13 04:04:05,532 [INFO] 2026-05-13 04:04:05,532 [INFO] nadia_ai.scrapers.boe: Extracting text from: https://www.boe.es/diario_boe/txt.php?id=BOE-N-2026-336341
2026-05-13 04:04:09,284 [INFO] 2026-05-13 04:04:09,284 [INFO] nadia_ai.utils.extraction: Lead 186: Tier B, heirs=0
2026-05-13 04:04:09,284 [INFO] 2026-05-13 04:04:09,284 [INFO] nadia_ai.scrapers.boe: Extracting text from: https://www.boe.es/diario_boe/txt.php?id=BOE-N-2026-336344
2026-05-13 04:04:12,934 [INFO] 2026-05-13 04:04:12,934 [INFO] nadia_ai.utils.extraction: Lead 187: Tier B, heirs=0
2026-05-13 04:04:12,934 [INFO] 2026-05-13 04:04:12,934 [INFO] nadia_ai.scrapers.boe: Extracting text from: https://www.boe.es/diario_boe/txt.php?id=BOE-N-2026-336372
2026-05-13 04:04:16,627 [INFO] 2026-05-13 04:04:16,627 [INFO] nadia_ai.utils.extraction: Lead 188: Tier B, heirs=0
2026-05-13 04:04:16,627 [INFO] 2026-05-13 04:04:16,627 [INFO] nadia_ai.scrapers.boe: Extracting text from: https://www.boe.es/diario_boe/txt.php?id=BOE-N-2026-336487
2026-05-13 04:04:20,274 [INFO] 2026-05-13 04:04:20,274 [INFO] nadia_ai.utils.extraction: Lead 189: Tier B, heirs=0
2026-05-13 04:04:20,274 [INFO] 2026-05-13 04:04:20,274 [INFO] nadia_ai.scrapers.boe: Extracting text from: https://www.boe.es/diario_boe/txt.php?id=BOE-N-2026-336753
2026-05-13 04:04:24,071 [INFO] 2026-05-13 04:04:24,071 [INFO] nadia_ai.utils.extraction: Lead 190: Tier B, heirs=0
2026-05-13 04:04:24,071 [INFO] 2026-05-13 04:04:24,071 [INFO] nadia_ai.scrapers.boe: Extracting text from: https://www.boe.es/diario_boe/txt.php?id=BOE-N-2026-336754
2026-05-13 04:04:27,770 [INFO] 2026-05-13 04:04:27,770 [INFO] nadia_ai.utils.extraction: Lead 191: Tier B, heirs=0
2026-05-13 04:04:27,770 [INFO] 2026-05-13 04:04:27,770 [INFO] nadia_ai.scrapers.boe: Extracting text from: https://www.boe.es/diario_boe/txt.php?id=BOE-N-2026-332821
2026-05-13 04:04:31,425 [INFO] 2026-05-13 04:04:31,425 [INFO] nadia_ai.utils.extraction: Lead 192: Tier B, heirs=0
2026-05-13 04:04:31,425 [INFO] 2026-05-13 04:04:31,425 [INFO] nadia_ai.scrapers.boe: Extracting text from: https://www.boe.es/diario_boe/txt.php?id=BOE-N-2026-333184
2026-05-13 04:04:35,062 [INFO] 2026-05-13 04:04:35,061 [INFO] nadia_ai.utils.extraction: Lead 193: Tier B, heirs=0
2026-05-13 04:04:35,062 [INFO] 2026-05-13 04:04:35,061 [INFO] nadia_ai.scrapers.boe: Extracting text from: https://www.boe.es/diario_boe/txt.php?id=BOE-N-2026-333188
2026-05-13 04:04:38,697 [INFO] 2026-05-13 04:04:38,697 [INFO] nadia_ai.utils.extraction: Lead 194: Tier B, heirs=0
2026-05-13 04:04:38,697 [INFO] 2026-05-13 04:04:38,697 [INFO] nadia_ai.scrapers.boe: Extracting text from: https://www.boe.es/diario_boe/txt.php?id=BOE-N-2026-333199
2026-05-13 04:04:42,322 [INFO] 2026-05-13 04:04:42,322 [INFO] nadia_ai.utils.extraction: Lead 195: Tier B, heirs=0
2026-05-13 04:04:42,322 [INFO] 2026-05-13 04:04:42,322 [INFO] nadia_ai.scrapers.boe: Extracting text from: https://www.boe.es/diario_boe/txt.php?id=BOE-N-2026-333202
2026-05-13 04:04:45,954 [INFO] 2026-05-13 04:04:45,954 [INFO] nadia_ai.utils.extraction: Lead 197: Tier B, heirs=0
2026-05-13 04:04:45,954 [INFO] 2026-05-13 04:04:45,954 [INFO] nadia_ai.scrapers.boe: Extracting text from: https://www.boe.es/diario_boe/txt.php?id=BOE-N-2026-333208
2026-05-13 04:04:49,582 [INFO] 2026-05-13 04:04:49,582 [INFO] nadia_ai.utils.extraction: Lead 198: Tier B, heirs=0
2026-05-13 04:04:49,582 [INFO] 2026-05-13 04:04:49,582 [INFO] nadia_ai.scrapers.boe: Extracting text from: https://www.boe.es/diario_boe/txt.php?id=BOE-N-2026-333211
2026-05-13 04:04:53,276 [INFO] 2026-05-13 04:04:53,276 [INFO] nadia_ai.utils.extraction: Lead 199: Tier B, heirs=0
2026-05-13 04:04:53,276 [INFO] 2026-05-13 04:04:53,276 [INFO] nadia_ai.scrapers.boe: Extracting text from: https://www.boe.es/diario_boe/txt.php?id=BOE-N-2026-333221
2026-05-13 04:04:56,933 [INFO] 2026-05-13 04:04:56,933 [INFO] nadia_ai.utils.extraction: Lead 200: Tier B, heirs=0
2026-05-13 04:04:56,933 [INFO] 2026-05-13 04:04:56,933 [INFO] nadia_ai.scrapers.boe: Extracting text from: https://www.boe.es/diario_boe/txt.php?id=BOE-N-2026-333226
2026-05-13 04:05:00,603 [INFO] 2026-05-13 04:05:00,602 [INFO] nadia_ai.utils.extraction: Lead 201: Tier B, heirs=0
2026-05-13 04:05:00,603 [INFO] 2026-05-13 04:05:00,602 [INFO] nadia_ai.scrapers.boe: Extracting text from: https://www.boe.es/diario_boe/txt.php?id=BOE-N-2026-333233
2026-05-13 04:05:05,328 [INFO] 2026-05-13 04:05:05,328 [INFO] nadia_ai.utils.extraction: Lead 202: Tier B, heirs=0
2026-05-13 04:05:05,328 [INFO] 2026-05-13 04:05:05,328 [INFO] nadia_ai.scrapers.boe: Extracting text from: https://www.boe.es/diario_boe/txt.php?id=BOE-N-2026-333243
2026-05-13 04:05:09,002 [INFO] 2026-05-13 04:05:09,002 [INFO] nadia_ai.utils.extraction: Lead 203: Tier B, heirs=0
2026-05-13 04:05:09,003 [INFO] 2026-05-13 04:05:09,002 [INFO] nadia_ai.scrapers.boe: Extracting text from: https://www.boe.es/diario_boe/txt.php?id=BOE-N-2026-333250
2026-05-13 04:05:12,642 [INFO] 2026-05-13 04:05:12,642 [INFO] nadia_ai.utils.extraction: Lead 204: Tier B, heirs=0
2026-05-13 04:05:12,643 [INFO] 2026-05-13 04:05:12,642 [INFO] nadia_ai.scrapers.boe: Extracting text from: https://www.boe.es/diario_boe/txt.php?id=BOE-N-2026-333556
2026-05-13 04:05:16,420 [INFO] 2026-05-13 04:05:16,420 [INFO] nadia_ai.utils.extraction: Lead 205: Tier B, heirs=0
2026-05-13 04:05:16,420 [INFO] 2026-05-13 04:05:16,420 [INFO] nadia_ai.scrapers.boe: Extracting text from: https://www.boe.es/diario_boe/txt.php?id=BOE-N-2026-333602
2026-05-13 04:05:21,184 [INFO] 2026-05-13 04:05:21,184 [INFO] nadia_ai.utils.extraction: Lead 206: Tier B, heirs=0
2026-05-13 04:05:21,184 [INFO] 2026-05-13 04:05:21,184 [INFO] nadia_ai.scrapers.boe: Extracting text from: https://www.boe.es/diario_boe/txt.php?id=BOE-N-2026-330340
2026-05-13 04:05:24,913 [INFO] 2026-05-13 04:05:24,912 [INFO] nadia_ai.utils.extraction: Lead 207: Tier B, heirs=0
2026-05-13 04:05:24,913 [INFO] 2026-05-13 04:05:24,913 [INFO] nadia_ai.scrapers.boe: Extracting text from: https://www.boe.es/diario_boe/txt.php?id=BOE-N-2026-326241
2026-05-13 04:05:28,534 [INFO] 2026-05-13 04:05:28,534 [INFO] nadia_ai.utils.extraction: Lead 208: Tier B, heirs=0
2026-05-13 04:05:28,534 [INFO] 2026-05-13 04:05:28,534 [INFO] nadia_ai.scrapers.boe: Extracting text from: https://www.boe.es/diario_boe/txt.php?id=BOE-N-2026-328260
2026-05-13 04:05:32,195 [INFO] 2026-05-13 04:05:32,194 [INFO] nadia_ai.utils.extraction: Lead 209: Tier B, heirs=0
2026-05-13 04:05:32,195 [INFO] 2026-05-13 04:05:32,195 [INFO] nadia_ai.scrapers.boe: Extracting text from: https://www.boe.es/diario_boe/txt.php?id=BOE-N-2026-328272
2026-05-13 04:05:35,825 [INFO] 2026-05-13 04:05:35,824 [INFO] nadia_ai.utils.extraction: Lead 211: Tier B, heirs=0
2026-05-13 04:05:35,825 [INFO] 2026-05-13 04:05:35,825 [INFO] nadia_ai.scrapers.boe: Extracting text from: https://www.boe.es/diario_boe/txt.php?id=BOE-N-2026-328276
2026-05-13 04:05:39,463 [INFO] 2026-05-13 04:05:39,463 [INFO] nadia_ai.utils.extraction: Lead 212: Tier B, heirs=0
2026-05-13 04:05:39,463 [INFO] 2026-05-13 04:05:39,463 [INFO] nadia_ai.scrapers.boe: Extracting text from: https://www.boe.es/diario_boe/txt.php?id=BOE-N-2026-328290
2026-05-13 04:05:43,089 [INFO] 2026-05-13 04:05:43,089 [INFO] nadia_ai.utils.extraction: Lead 213: Tier B, heirs=0
2026-05-13 04:05:43,089 [INFO] 2026-05-13 04:05:43,089 [INFO] nadia_ai.scrapers.boe: Extracting text from: https://www.boe.es/diario_boe/txt.php?id=BOE-N-2026-328314
2026-05-13 04:05:46,716 [INFO] 2026-05-13 04:05:46,716 [INFO] nadia_ai.utils.extraction: Lead 214: Tier B, heirs=0
2026-05-13 04:05:46,716 [INFO] 2026-05-13 04:05:46,716 [INFO] nadia_ai.scrapers.boe: Extracting text from: https://www.boe.es/diario_boe/txt.php?id=BOE-N-2026-328324
2026-05-13 04:05:50,329 [INFO] 2026-05-13 04:05:50,328 [INFO] nadia_ai.utils.extraction: Lead 215: Tier B, heirs=0
2026-05-13 04:05:50,329 [INFO] 2026-05-13 04:05:50,329 [INFO] nadia_ai.scrapers.boe: Extracting text from: https://www.boe.es/diario_boe/txt.php?id=BOE-N-2026-328413
2026-05-13 04:05:53,950 [INFO] 2026-05-13 04:05:53,950 [INFO] nadia_ai.utils.extraction: Lead 216: Tier B, heirs=0
2026-05-13 04:05:53,950 [INFO] 2026-05-13 04:05:53,950 [INFO] nadia_ai.scrapers.boe: Extracting text from: https://www.boe.es/diario_boe/txt.php?id=BOE-N-2026-325175
2026-05-13 04:05:57,567 [INFO] 2026-05-13 04:05:57,567 [INFO] nadia_ai.utils.extraction: Lead 217: Tier B, heirs=0
2026-05-13 04:05:57,567 [INFO] 2026-05-13 04:05:57,567 [INFO] nadia_ai.scrapers.boe: Extracting text from: https://www.boe.es/diario_boe/txt.php?id=BOE-N-2026-325187
2026-05-13 04:06:01,186 [INFO] 2026-05-13 04:06:01,186 [INFO] nadia_ai.utils.extraction: Lead 218: Tier B, heirs=0
2026-05-13 04:06:01,187 [INFO] 2026-05-13 04:06:01,186 [INFO] nadia_ai.scrapers.boe: Extracting text from: https://www.boe.es/diario_boe/txt.php?id=BOE-N-2026-325201
2026-05-13 04:06:04,807 [INFO] 2026-05-13 04:06:04,806 [INFO] nadia_ai.utils.extraction: Lead 219: Tier B, heirs=0
2026-05-13 04:06:04,807 [INFO] 2026-05-13 04:06:04,807 [INFO] nadia_ai.scrapers.boe: Extracting text from: https://www.boe.es/diario_boe/txt.php?id=BOE-N-2026-325202
2026-05-13 04:06:08,428 [INFO] 2026-05-13 04:06:08,428 [INFO] nadia_ai.utils.extraction: Lead 220: Tier B, heirs=0
2026-05-13 04:06:08,428 [INFO] 2026-05-13 04:06:08,428 [INFO] nadia_ai.scrapers.boe: Extracting text from: https://www.boe.es/diario_boe/txt.php?id=BOE-N-2026-325203
2026-05-13 04:06:12,061 [INFO] 2026-05-13 04:06:12,061 [INFO] nadia_ai.utils.extraction: Lead 221: Tier B, heirs=0
2026-05-13 04:06:12,061 [INFO] 2026-05-13 04:06:12,061 [INFO] nadia_ai.scrapers.boe: Extracting text from: https://www.boe.es/diario_boe/txt.php?id=BOE-N-2026-325209
2026-05-13 04:06:15,671 [INFO] 2026-05-13 04:06:15,671 [INFO] nadia_ai.utils.extraction: Lead 223: Tier B, heirs=0
2026-05-13 04:06:15,671 [INFO] 2026-05-13 04:06:15,671 [INFO] nadia_ai.scrapers.boe: Extracting text from: https://www.boe.es/diario_boe/txt.php?id=BOE-N-2026-325218
2026-05-13 04:06:19,296 [INFO] 2026-05-13 04:06:19,296 [INFO] nadia_ai.utils.extraction: Lead 224: Tier B, heirs=0
2026-05-13 04:06:19,296 [INFO] 2026-05-13 04:06:19,296 [INFO] nadia_ai.scrapers.boe: Extracting text from: https://www.boe.es/diario_boe/txt.php?id=BOE-N-2026-325231
2026-05-13 04:06:22,913 [INFO] 2026-05-13 04:06:22,913 [INFO] nadia_ai.utils.extraction: Lead 226: Tier B, heirs=0
2026-05-13 04:06:22,913 [INFO] 2026-05-13 04:06:22,913 [INFO] nadia_ai.scrapers.boe: Extracting text from: https://www.boe.es/diario_boe/txt.php?id=BOE-N-2026-325243
2026-05-13 04:06:26,534 [INFO] 2026-05-13 04:06:26,534 [INFO] nadia_ai.utils.extraction: Lead 227: Tier B, heirs=0
2026-05-13 04:06:26,534 [INFO] 2026-05-13 04:06:26,534 [INFO] nadia_ai.scrapers.boe: Extracting text from: https://www.boe.es/diario_boe/txt.php?id=BOE-N-2026-325259
2026-05-13 04:06:30,158 [INFO] 2026-05-13 04:06:30,158 [INFO] nadia_ai.utils.extraction: Lead 228: Tier B, heirs=0
2026-05-13 04:06:30,158 [INFO] 2026-05-13 04:06:30,158 [INFO] nadia_ai.scrapers.boe: Extracting text from: https://www.boe.es/diario_boe/txt.php?id=BOE-N-2026-325260
2026-05-13 04:06:33,779 [INFO] 2026-05-13 04:06:33,779 [INFO] nadia_ai.utils.extraction: Lead 229: Tier B, heirs=0
2026-05-13 04:06:33,779 [INFO] 2026-05-13 04:06:33,779 [INFO] nadia_ai.scrapers.boe: Extracting text from: https://www.boe.es/diario_boe/txt.php?id=BOE-N-2026-325676
2026-05-13 04:06:37,477 [INFO] 2026-05-13 04:06:37,476 [INFO] nadia_ai.utils.extraction: Lead 230: Tier B, heirs=0
2026-05-13 04:06:37,477 [INFO] 2026-05-13 04:06:37,476 [INFO] nadia_ai.scrapers.boe: Extracting text from: https://www.boe.es/diario_boe/txt.php?id=BOE-N-2026-325677
2026-05-13 04:06:41,136 [INFO] 2026-05-13 04:06:41,135 [INFO] nadia_ai.utils.extraction: Lead 231: Tier B, heirs=0
2026-05-13 04:06:41,136 [INFO] 2026-05-13 04:06:41,136 [INFO] nadia_ai.scrapers.boe: Extracting text from: https://www.boe.es/diario_boe/txt.php?id=BOE-N-2026-325678
2026-05-13 04:06:44,810 [INFO] 2026-05-13 04:06:44,809 [INFO] nadia_ai.utils.extraction: Lead 232: Tier B, heirs=0
2026-05-13 04:06:44,810 [INFO] 2026-05-13 04:06:44,809 [INFO] nadia_ai.scrapers.boe: Extracting text from: https://www.boe.es/diario_boe/txt.php?id=BOE-N-2026-317795
2026-05-13 04:06:48,548 [INFO] 2026-05-13 04:06:48,548 [INFO] nadia_ai.utils.extraction: Lead 233: Tier B, heirs=0
2026-05-13 04:06:48,548 [INFO] 2026-05-13 04:06:48,548 [INFO] nadia_ai.scrapers.boe: Extracting text from: https://www.boe.es/diario_boe/txt.php?id=BOE-N-2026-318956
2026-05-13 04:06:52,167 [INFO] 2026-05-13 04:06:52,167 [INFO] nadia_ai.utils.extraction: Lead 234: Tier B, heirs=0
2026-05-13 04:06:52,168 [INFO] 2026-05-13 04:06:52,167 [INFO] nadia_ai.scrapers.boe: Extracting text from: https://www.boe.es/diario_boe/txt.php?id=BOE-N-2026-319824
2026-05-13 04:06:55,858 [INFO] 2026-05-13 04:06:55,858 [INFO] nadia_ai.utils.extraction: Lead 237: Tier B, heirs=0
2026-05-13 04:06:55,858 [INFO] 2026-05-13 04:06:55,858 [INFO] nadia_ai.scrapers.boe: Extracting text from: https://www.boe.es/diario_boe/txt.php?id=BOE-N-2026-319855
2026-05-13 04:06:59,527 [INFO] 2026-05-13 04:06:59,527 [INFO] nadia_ai.utils.extraction: Lead 239: Tier B, heirs=0
2026-05-13 04:06:59,527 [INFO] 2026-05-13 04:06:59,527 [INFO] nadia_ai.scrapers.boe: Extracting text from: https://www.boe.es/diario_boe/txt.php?id=BOE-N-2026-319883
2026-05-13 04:07:03,174 [INFO] 2026-05-13 04:07:03,174 [INFO] nadia_ai.utils.extraction: Lead 240: Tier B, heirs=0
2026-05-13 04:07:03,174 [INFO] 2026-05-13 04:07:03,174 [INFO] nadia_ai.scrapers.boe: Extracting text from: https://www.boe.es/diario_boe/txt.php?id=BOE-N-2026-316377
2026-05-13 04:07:06,837 [INFO] 2026-05-13 04:07:06,837 [INFO] nadia_ai.utils.extraction: Lead 242: Tier B, heirs=0
2026-05-13 04:07:06,837 [INFO] 2026-05-13 04:07:06,837 [INFO] nadia_ai.scrapers.boe: Extracting text from: https://www.boe.es/diario_boe/txt.php?id=BOE-N-2026-316378
2026-05-13 04:07:10,626 [INFO] 2026-05-13 04:07:10,625 [INFO] nadia_ai.utils.extraction: Lead 243: Tier B, heirs=0
2026-05-13 04:07:10,626 [INFO] 2026-05-13 04:07:10,626 [INFO] nadia_ai.scrapers.boe: Extracting text from: https://www.boe.es/diario_boe/txt.php?id=BOE-N-2026-316385
2026-05-13 04:07:14,332 [INFO] 2026-05-13 04:07:14,332 [INFO] nadia_ai.utils.extraction: Lead 245: Tier B, heirs=0
2026-05-13 04:07:14,333 [INFO] 2026-05-13 04:07:14,332 [INFO] nadia_ai.scrapers.boe: Extracting text from: https://www.boe.es/diario_boe/txt.php?id=BOE-N-2026-316404
2026-05-13 04:07:18,030 [INFO] 2026-05-13 04:07:18,030 [INFO] nadia_ai.utils.extraction: Lead 246: Tier B, heirs=0
2026-05-13 04:07:18,030 [INFO] 2026-05-13 04:07:18,030 [INFO] nadia_ai.scrapers.boe: Extracting text from: https://www.boe.es/diario_boe/txt.php?id=BOE-N-2026-316411
2026-05-13 04:07:21,652 [INFO] 2026-05-13 04:07:21,652 [INFO] nadia_ai.utils.extraction: Lead 247: Tier B, heirs=0
2026-05-13 04:07:21,652 [INFO] 2026-05-13 04:07:21,652 [INFO] nadia_ai.scrapers.boe: Extracting text from: https://www.boe.es/diario_boe/txt.php?id=BOE-N-2026-316412
2026-05-13 04:07:25,285 [INFO] 2026-05-13 04:07:25,284 [INFO] nadia_ai.utils.extraction: Lead 248: Tier B, heirs=0
2026-05-13 04:07:25,285 [INFO] 2026-05-13 04:07:25,284 [INFO] nadia_ai.scrapers.boe: Extracting text from: https://www.boe.es/diario_boe/txt.php?id=BOE-N-2026-316417
2026-05-13 04:07:28,898 [INFO] 2026-05-13 04:07:28,898 [INFO] nadia_ai.utils.extraction: Lead 249: Tier B, heirs=0
2026-05-13 04:07:28,898 [INFO] 2026-05-13 04:07:28,898 [INFO] nadia_ai.scrapers.boe: Extracting text from: https://www.boe.es/diario_boe/txt.php?id=BOE-N-2026-316429
2026-05-13 04:07:32,549 [INFO] 2026-05-13 04:07:32,548 [INFO] nadia_ai.utils.extraction: Lead 250: Tier B, heirs=0
2026-05-13 04:07:32,549 [INFO] 2026-05-13 04:07:32,548 [INFO] nadia_ai.extraction_loop: Enriched 109 leads in this batch. Total so far: 218
2026-05-13 04:07:32,549 [INFO] 2026-05-13 04:07:32,549 [INFO] nadia_ai.extraction_loop: Starting extraction batch...
2026-05-13 04:07:32,550 [INFO] 2026-05-13 04:07:32,550 [INFO] nadia_ai.scrapers.boe: Extracting text from: https://www.boe.es/diario_boe/txt.php?id=BOE-N-2026-316436
2026-05-13 04:07:36,169 [INFO] 2026-05-13 04:07:36,169 [INFO] nadia_ai.utils.extraction: Lead 252: Tier B, heirs=0
2026-05-13 04:07:36,169 [INFO] 2026-05-13 04:07:36,169 [INFO] nadia_ai.scrapers.boe: Extracting text from: https://www.boe.es/diario_boe/txt.php?id=BOE-N-2026-316437
2026-05-13 04:07:39,792 [INFO] 2026-05-13 04:07:39,792 [INFO] nadia_ai.utils.extraction: Lead 253: Tier B, heirs=0
2026-05-13 04:07:39,792 [INFO] 2026-05-13 04:07:39,792 [INFO] nadia_ai.scrapers.boe: Extracting text from: https://www.boe.es/diario_boe/txt.php?id=BOE-N-2026-316439
2026-05-13 04:07:43,430 [INFO] 2026-05-13 04:07:43,430 [INFO] nadia_ai.utils.extraction: Lead 254: Tier B, heirs=0
2026-05-13 04:07:43,430 [INFO] 2026-05-13 04:07:43,430 [INFO] nadia_ai.scrapers.boe: Extracting text from: https://www.boe.es/diario_boe/txt.php?id=BOE-N-2026-316441
2026-05-13 04:07:47,033 [INFO] 2026-05-13 04:07:47,033 [INFO] nadia_ai.utils.extraction: Lead 255: Tier B, heirs=0
2026-05-13 04:07:47,033 [INFO] 2026-05-13 04:07:47,033 [INFO] nadia_ai.scrapers.boe: Extracting text from: https://www.boe.es/diario_boe/txt.php?id=BOE-N-2026-316443
2026-05-13 04:07:50,649 [INFO] 2026-05-13 04:07:50,649 [INFO] nadia_ai.utils.extraction: Lead 256: Tier B, heirs=0
2026-05-13 04:07:50,649 [INFO] 2026-05-13 04:07:50,649 [INFO] nadia_ai.scrapers.boe: Extracting text from: https://www.boe.es/diario_boe/txt.php?id=BOE-N-2026-316452
2026-05-13 04:07:54,298 [INFO] 2026-05-13 04:07:54,298 [INFO] nadia_ai.utils.extraction: Lead 257: Tier B, heirs=0
2026-05-13 04:07:54,298 [INFO] 2026-05-13 04:07:54,298 [INFO] nadia_ai.scrapers.boe: Extracting text from: https://www.boe.es/diario_boe/txt.php?id=BOE-N-2026-308096
2026-05-13 04:07:57,928 [INFO] 2026-05-13 04:07:57,928 [INFO] nadia_ai.utils.extraction: Lead 258: Tier B, heirs=0
2026-05-13 04:07:57,929 [INFO] 2026-05-13 04:07:57,928 [INFO] nadia_ai.scrapers.boe: Extracting text from: https://www.boe.es/diario_boe/txt.php?id=BOE-N-2026-311630
2026-05-13 04:08:01,548 [INFO] 2026-05-13 04:08:01,548 [INFO] nadia_ai.utils.extraction: Lead 259: Tier B, heirs=0
2026-05-13 04:08:01,548 [INFO] 2026-05-13 04:08:01,548 [INFO] nadia_ai.scrapers.boe: Extracting text from: https://www.boe.es/diario_boe/txt.php?id=BOE-N-2026-311646
2026-05-13 04:08:05,149 [INFO] 2026-05-13 04:08:05,149 [INFO] nadia_ai.utils.extraction: Lead 260: Tier B, heirs=0
2026-05-13 04:08:05,149 [INFO] 2026-05-13 04:08:05,149 [INFO] nadia_ai.scrapers.boe: Extracting text from: https://www.boe.es/diario_boe/txt.php?id=BOE-N-2026-311647
2026-05-13 04:08:08,805 [INFO] 2026-05-13 04:08:08,805 [INFO] nadia_ai.utils.extraction: Lead 261: Tier B, heirs=0
2026-05-13 04:08:08,805 [INFO] 2026-05-13 04:08:08,805 [INFO] nadia_ai.scrapers.boe: Extracting text from: https://www.boe.es/diario_boe/txt.php?id=BOE-N-2026-311659
2026-05-13 04:08:12,420 [INFO] 2026-05-13 04:08:12,420 [INFO] nadia_ai.utils.extraction: Lead 262: Tier B, heirs=0
2026-05-13 04:08:12,420 [INFO] 2026-05-13 04:08:12,420 [INFO] nadia_ai.scrapers.boe: Extracting text from: https://www.boe.es/diario_boe/txt.php?id=BOE-N-2026-311664
2026-05-13 04:08:16,019 [INFO] 2026-05-13 04:08:16,019 [INFO] nadia_ai.utils.extraction: Lead 263: Tier B, heirs=0
2026-05-13 04:08:16,019 [INFO] 2026-05-13 04:08:16,019 [INFO] nadia_ai.scrapers.boe: Extracting text from: https://www.boe.es/diario_boe/txt.php?id=BOE-N-2026-311665
2026-05-13 04:08:19,643 [INFO] 2026-05-13 04:08:19,643 [INFO] nadia_ai.utils.extraction: Lead 264: Tier B, heirs=0
2026-05-13 04:08:19,643 [INFO] 2026-05-13 04:08:19,643 [INFO] nadia_ai.scrapers.boe: Extracting text from: https://www.boe.es/diario_boe/txt.php?id=BOE-N-2026-311674
2026-05-13 04:08:23,265 [INFO] 2026-05-13 04:08:23,265 [INFO] nadia_ai.utils.extraction: Lead 265: Tier B, heirs=0
2026-05-13 04:08:23,265 [INFO] 2026-05-13 04:08:23,265 [INFO] nadia_ai.scrapers.boe: Extracting text from: https://www.boe.es/diario_boe/txt.php?id=BOE-N-2026-311677
2026-05-13 04:08:26,870 [INFO] 2026-05-13 04:08:26,870 [INFO] nadia_ai.utils.extraction: Lead 266: Tier B, heirs=0
2026-05-13 04:08:26,870 [INFO] 2026-05-13 04:08:26,870 [INFO] nadia_ai.scrapers.boe: Extracting text from: https://www.boe.es/diario_boe/txt.php?id=BOE-N-2026-311681
2026-05-13 04:08:30,508 [INFO] 2026-05-13 04:08:30,508 [INFO] nadia_ai.utils.extraction: Lead 267: Tier B, heirs=0
2026-05-13 04:08:30,508 [INFO] 2026-05-13 04:08:30,508 [INFO] nadia_ai.scrapers.boe: Extracting text from: https://www.boe.es/diario_boe/txt.php?id=BOE-N-2026-311682
2026-05-13 04:08:34,128 [INFO] 2026-05-13 04:08:34,128 [INFO] nadia_ai.utils.extraction: Lead 268: Tier B, heirs=0
2026-05-13 04:08:34,128 [INFO] 2026-05-13 04:08:34,128 [INFO] nadia_ai.scrapers.boe: Extracting text from: https://www.boe.es/diario_boe/txt.php?id=BOE-N-2026-311710
2026-05-13 04:08:37,759 [INFO] 2026-05-13 04:08:37,758 [INFO] nadia_ai.utils.extraction: Lead 269: Tier B, heirs=0
2026-05-13 04:08:37,759 [INFO] 2026-05-13 04:08:37,758 [INFO] nadia_ai.scrapers.boe: Extracting text from: https://www.boe.es/diario_boe/txt.php?id=BOE-N-2026-311711
2026-05-13 04:08:41,370 [INFO] 2026-05-13 04:08:41,370 [INFO] nadia_ai.utils.extraction: Lead 270: Tier B, heirs=0
2026-05-13 04:08:41,370 [INFO] 2026-05-13 04:08:41,370 [INFO] nadia_ai.scrapers.boe: Extracting text from: https://www.boe.es/diario_boe/txt.php?id=BOE-N-2026-311716
2026-05-13 04:08:45,995 [INFO] 2026-05-13 04:08:45,995 [INFO] nadia_ai.utils.extraction: Lead 271: Tier B, heirs=0
2026-05-13 04:08:45,995 [INFO] 2026-05-13 04:08:45,995 [INFO] nadia_ai.scrapers.boe: Extracting text from: https://www.boe.es/diario_boe/txt.php?id=BOE-N-2026-311733
2026-05-13 04:08:49,637 [INFO] 2026-05-13 04:08:49,636 [INFO] nadia_ai.utils.extraction: Lead 272: Tier B, heirs=0
2026-05-13 04:08:49,637 [INFO] 2026-05-13 04:08:49,636 [INFO] nadia_ai.scrapers.boe: Extracting text from: https://www.boe.es/diario_boe/txt.php?id=BOE-N-2026-311734
2026-05-13 04:08:53,237 [INFO] 2026-05-13 04:08:53,237 [INFO] nadia_ai.utils.extraction: Lead 273: Tier B, heirs=0
2026-05-13 04:08:53,237 [INFO] 2026-05-13 04:08:53,237 [INFO] nadia_ai.scrapers.boe: Extracting text from: https://www.boe.es/diario_boe/txt.php?id=BOE-N-2026-312130
2026-05-13 04:08:56,864 [INFO] 2026-05-13 04:08:56,864 [INFO] nadia_ai.utils.extraction: Lead 275: Tier B, heirs=0
2026-05-13 04:08:56,864 [INFO] 2026-05-13 04:08:56,864 [INFO] nadia_ai.scrapers.boe: Extracting text from: https://www.boe.es/diario_boe/txt.php?id=BOE-N-2026-312658
2026-05-13 04:09:00,493 [INFO] 2026-05-13 04:09:00,493 [INFO] nadia_ai.utils.extraction: Lead 276: Tier B, heirs=0
2026-05-13 04:09:00,493 [INFO] 2026-05-13 04:09:00,493 [INFO] nadia_ai.scrapers.boe: Extracting text from: https://www.boe.es/diario_boe/txt.php?id=BOE-N-2026-306785
2026-05-13 04:09:04,117 [INFO] 2026-05-13 04:09:04,117 [INFO] nadia_ai.utils.extraction: Lead 277: Tier B, heirs=0
2026-05-13 04:09:04,117 [INFO] 2026-05-13 04:09:04,117 [INFO] nadia_ai.scrapers.boe: Extracting text from: https://www.boe.es/diario_boe/txt.php?id=BOE-N-2026-306802
2026-05-13 04:09:07,728 [INFO] 2026-05-13 04:09:07,728 [INFO] nadia_ai.utils.extraction: Lead 278: Tier B, heirs=0
2026-05-13 04:09:07,728 [INFO] 2026-05-13 04:09:07,728 [INFO] nadia_ai.scrapers.boe: Extracting text from: https://www.boe.es/diario_boe/txt.php?id=BOE-N-2026-306803
2026-05-13 04:09:11,347 [INFO] 2026-05-13 04:09:11,347 [INFO] nadia_ai.utils.extraction: Lead 279: Tier B, heirs=0
2026-05-13 04:09:11,347 [INFO] 2026-05-13 04:09:11,347 [INFO] nadia_ai.scrapers.boe: Extracting text from: https://www.boe.es/diario_boe/txt.php?id=BOE-N-2026-306805
2026-05-13 04:09:14,967 [INFO] 2026-05-13 04:09:14,967 [INFO] nadia_ai.utils.extraction: Lead 280: Tier B, heirs=0
2026-05-13 04:09:14,967 [INFO] 2026-05-13 04:09:14,967 [INFO] nadia_ai.scrapers.boe: Extracting text from: https://www.boe.es/diario_boe/txt.php?id=BOE-N-2026-306841
2026-05-13 04:09:18,582 [INFO] 2026-05-13 04:09:18,582 [INFO] nadia_ai.utils.extraction: Lead 282: Tier B, heirs=0
2026-05-13 04:09:18,582 [INFO] 2026-05-13 04:09:18,582 [INFO] nadia_ai.scrapers.boe: Extracting text from: https://www.boe.es/diario_boe/txt.php?id=BOE-N-2026-306843
2026-05-13 04:09:22,198 [INFO] 2026-05-13 04:09:22,198 [INFO] nadia_ai.utils.extraction: Lead 283: Tier B, heirs=0
2026-05-13 04:09:22,198 [INFO] 2026-05-13 04:09:22,198 [INFO] nadia_ai.scrapers.boe: Extracting text from: https://www.boe.es/diario_boe/txt.php?id=BOE-N-2026-306846
2026-05-13 04:09:25,837 [INFO] 2026-05-13 04:09:25,837 [INFO] nadia_ai.utils.extraction: Lead 284: Tier B, heirs=0
2026-05-13 04:09:25,837 [INFO] 2026-05-13 04:09:25,837 [INFO] nadia_ai.scrapers.boe: Extracting text from: https://www.boe.es/diario_boe/txt.php?id=BOE-N-2026-306873
2026-05-13 04:09:30,646 [INFO] 2026-05-13 04:09:30,646 [INFO] nadia_ai.utils.extraction: Lead 285: Tier B, heirs=0
2026-05-13 04:09:30,647 [INFO] 2026-05-13 04:09:30,646 [INFO] nadia_ai.scrapers.boe: Extracting text from: https://www.boe.es/diario_boe/txt.php?id=BOE-N-2026-307222
2026-05-13 04:09:34,279 [INFO] 2026-05-13 04:09:34,279 [INFO] nadia_ai.utils.extraction: Lead 286: Tier B, heirs=0
2026-05-13 04:09:34,279 [INFO] 2026-05-13 04:09:34,279 [INFO] nadia_ai.scrapers.boe: Extracting text from: https://www.boe.es/diario_boe/txt.php?id=BOE-N-2026-307234
2026-05-13 04:09:37,914 [INFO] 2026-05-13 04:09:37,913 [INFO] nadia_ai.utils.extraction: Lead 287: Tier B, heirs=0
2026-05-13 04:09:37,914 [INFO] 2026-05-13 04:09:37,914 [INFO] nadia_ai.scrapers.boe: Extracting text from: https://www.boe.es/diario_boe/txt.php?id=BOE-N-2026-307311
2026-05-13 04:09:41,533 [INFO] 2026-05-13 04:09:41,533 [INFO] nadia_ai.utils.extraction: Lead 288: Tier B, heirs=0
2026-05-13 04:09:41,533 [INFO] 2026-05-13 04:09:41,533 [INFO] nadia_ai.scrapers.boe: Extracting text from: https://www.boe.es/diario_boe/txt.php?id=BOE-N-2026-307738
2026-05-13 04:09:45,158 [INFO] 2026-05-13 04:09:45,158 [INFO] nadia_ai.utils.extraction: Lead 289: Tier B, heirs=0
2026-05-13 04:09:45,158 [INFO] 2026-05-13 04:09:45,158 [INFO] nadia_ai.scrapers.boe: Extracting text from: https://www.boe.es/diario_boe/txt.php?id=BOE-N-2026-307830
2026-05-13 04:09:48,784 [INFO] 2026-05-13 04:09:48,784 [INFO] nadia_ai.utils.extraction: Lead 290: Tier B, heirs=0
2026-05-13 04:09:48,784 [INFO] 2026-05-13 04:09:48,784 [INFO] nadia_ai.scrapers.boe: Extracting text from: https://www.boe.es/diario_boe/txt.php?id=BOE-N-2026-300945
2026-05-13 04:09:52,421 [INFO] 2026-05-13 04:09:52,421 [INFO] nadia_ai.utils.extraction: Lead 291: Tier B, heirs=0
2026-05-13 04:09:52,422 [INFO] 2026-05-13 04:09:52,421 [INFO] nadia_ai.scrapers.boe: Extracting text from: https://www.boe.es/diario_boe/txt.php?id=BOE-N-2026-300987
2026-05-13 04:09:56,053 [INFO] 2026-05-13 04:09:56,053 [INFO] nadia_ai.utils.extraction: Lead 292: Tier B, heirs=0
2026-05-13 04:09:56,053 [INFO] 2026-05-13 04:09:56,053 [INFO] nadia_ai.scrapers.boe: Extracting text from: https://www.boe.es/diario_boe/txt.php?id=BOE-N-2026-303303
2026-05-13 04:09:59,651 [INFO] 2026-05-13 04:09:59,651 [INFO] nadia_ai.utils.extraction: Lead 295: Tier B, heirs=0
2026-05-13 04:09:59,651 [INFO] 2026-05-13 04:09:59,651 [INFO] nadia_ai.scrapers.boe: Extracting text from: https://www.boe.es/diario_boe/txt.php?id=BOE-N-2026-303321
2026-05-13 04:10:03,286 [INFO] 2026-05-13 04:10:03,286 [INFO] nadia_ai.utils.extraction: Lead 297: Tier B, heirs=0
2026-05-13 04:10:03,287 [INFO] 2026-05-13 04:10:03,286 [INFO] nadia_ai.scrapers.boe: Extracting text from: https://www.boe.es/diario_boe/txt.php?id=BOE-N-2026-303322
2026-05-13 04:10:06,919 [INFO] 2026-05-13 04:10:06,919 [INFO] nadia_ai.utils.extraction: Lead 298: Tier B, heirs=0
2026-05-13 04:10:06,920 [INFO] 2026-05-13 04:10:06,919 [INFO] nadia_ai.scrapers.boe: Extracting text from: https://www.boe.es/diario_boe/txt.php?id=BOE-N-2026-303339
2026-05-13 04:10:10,548 [INFO] 2026-05-13 04:10:10,547 [INFO] nadia_ai.utils.extraction: Lead 301: Tier B, heirs=0
2026-05-13 04:10:10,548 [INFO] 2026-05-13 04:10:10,548 [INFO] nadia_ai.scrapers.boe: Extracting text from: https://www.boe.es/diario_boe/txt.php?id=BOE-N-2026-303369
2026-05-13 04:10:14,169 [INFO] 2026-05-13 04:10:14,169 [INFO] nadia_ai.utils.extraction: Lead 302: Tier B, heirs=0
2026-05-13 04:10:14,169 [INFO] 2026-05-13 04:10:14,169 [INFO] nadia_ai.scrapers.boe: Extracting text from: https://www.boe.es/diario_boe/txt.php?id=BOE-N-2026-303370
2026-05-13 04:10:17,802 [INFO] 2026-05-13 04:10:17,802 [INFO] nadia_ai.utils.extraction: Lead 303: Tier B, heirs=0
2026-05-13 04:10:17,802 [INFO] 2026-05-13 04:10:17,802 [INFO] nadia_ai.scrapers.boe: Extracting text from: https://www.boe.es/diario_boe/txt.php?id=BOE-N-2026-303737
2026-05-13 04:10:21,455 [INFO] 2026-05-13 04:10:21,455 [INFO] nadia_ai.utils.extraction: Lead 304: Tier B, heirs=0
2026-05-13 04:10:21,455 [INFO] 2026-05-13 04:10:21,455 [INFO] nadia_ai.scrapers.boe: Extracting text from: https://www.boe.es/diario_boe/txt.php?id=BOE-N-2026-296667
2026-05-13 04:10:25,079 [INFO] 2026-05-13 04:10:25,079 [INFO] nadia_ai.utils.extraction: Lead 305: Tier B, heirs=0
2026-05-13 04:10:25,079 [INFO] 2026-05-13 04:10:25,079 [INFO] nadia_ai.scrapers.boe: Extracting text from: https://www.boe.es/diario_boe/txt.php?id=BOE-N-2026-298160
2026-05-13 04:10:28,692 [INFO] 2026-05-13 04:10:28,692 [INFO] nadia_ai.utils.extraction: Lead 306: Tier B, heirs=0
2026-05-13 04:10:28,692 [INFO] 2026-05-13 04:10:28,692 [INFO] nadia_ai.scrapers.boe: Extracting text from: https://www.boe.es/diario_boe/txt.php?id=BOE-N-2026-298184
2026-05-13 04:10:32,324 [INFO] 2026-05-13 04:10:32,324 [INFO] nadia_ai.utils.extraction: Lead 307: Tier B, heirs=0
2026-05-13 04:10:32,324 [INFO] 2026-05-13 04:10:32,324 [INFO] nadia_ai.scrapers.boe: Extracting text from: https://www.boe.es/diario_boe/txt.php?id=BOE-N-2026-298188
2026-05-13 04:10:35,944 [INFO] 2026-05-13 04:10:35,943 [INFO] nadia_ai.utils.extraction: Lead 308: Tier B, heirs=0
2026-05-13 04:10:35,944 [INFO] 2026-05-13 04:10:35,944 [INFO] nadia_ai.scrapers.boe: Extracting text from: https://www.boe.es/diario_boe/txt.php?id=BOE-N-2026-298195
2026-05-13 04:10:39,555 [INFO] 2026-05-13 04:10:39,555 [INFO] nadia_ai.utils.extraction: Lead 309: Tier B, heirs=0
2026-05-13 04:10:39,555 [INFO] 2026-05-13 04:10:39,555 [INFO] nadia_ai.scrapers.boe: Extracting text from: https://www.boe.es/diario_boe/txt.php?id=BOE-N-2026-298199
2026-05-13 04:10:43,182 [INFO] 2026-05-13 04:10:43,182 [INFO] nadia_ai.utils.extraction: Lead 310: Tier B, heirs=0
2026-05-13 04:10:43,182 [INFO] 2026-05-13 04:10:43,182 [INFO] nadia_ai.scrapers.boe: Extracting text from: https://www.boe.es/diario_boe/txt.php?id=BOE-N-2026-298202
2026-05-13 04:10:46,824 [INFO] 2026-05-13 04:10:46,824 [INFO] nadia_ai.utils.extraction: Lead 311: Tier B, heirs=0
2026-05-13 04:10:46,824 [INFO] 2026-05-13 04:10:46,824 [INFO] nadia_ai.scrapers.boe: Extracting text from: https://www.boe.es/diario_boe/txt.php?id=BOE-N-2026-298204
2026-05-13 04:10:50,455 [INFO] 2026-05-13 04:10:50,454 [INFO] nadia_ai.utils.extraction: Lead 312: Tier B, heirs=0
2026-05-13 04:10:50,455 [INFO] 2026-05-13 04:10:50,455 [INFO] nadia_ai.scrapers.boe: Extracting text from: https://www.boe.es/diario_boe/txt.php?id=BOE-N-2026-298206
2026-05-13 04:10:54,089 [INFO] 2026-05-13 04:10:54,089 [INFO] nadia_ai.utils.extraction: Lead 313: Tier B, heirs=0
2026-05-13 04:10:54,089 [INFO] 2026-05-13 04:10:54,089 [INFO] nadia_ai.scrapers.boe: Extracting text from: https://www.boe.es/diario_boe/txt.php?id=BOE-N-2026-298240
2026-05-13 04:10:57,708 [INFO] 2026-05-13 04:10:57,708 [INFO] nadia_ai.utils.extraction: Lead 316: Tier B, heirs=0
2026-05-13 04:10:57,709 [INFO] 2026-05-13 04:10:57,708 [INFO] nadia_ai.scrapers.boe: Extracting text from: https://www.boe.es/diario_boe/txt.php?id=BOE-N-2026-298242
2026-05-13 04:11:01,317 [INFO] 2026-05-13 04:11:01,317 [INFO] nadia_ai.utils.extraction: Lead 317: Tier B, heirs=0
2026-05-13 04:11:01,317 [INFO] 2026-05-13 04:11:01,317 [INFO] nadia_ai.scrapers.boe: Extracting text from: https://www.boe.es/diario_boe/txt.php?id=BOE-N-2026-298250
2026-05-13 04:11:04,943 [INFO] 2026-05-13 04:11:04,943 [INFO] nadia_ai.utils.extraction: Lead 318: Tier B, heirs=0
2026-05-13 04:11:04,943 [INFO] 2026-05-13 04:11:04,943 [INFO] nadia_ai.scrapers.boe: Extracting text from: https://www.boe.es/diario_boe/txt.php?id=BOE-N-2026-298254
2026-05-13 04:11:08,573 [INFO] 2026-05-13 04:11:08,573 [INFO] nadia_ai.utils.extraction: Lead 319: Tier B, heirs=0
2026-05-13 04:11:08,573 [INFO] 2026-05-13 04:11:08,573 [INFO] nadia_ai.scrapers.boe: Extracting text from: https://www.boe.es/diario_boe/txt.php?id=BOE-N-2026-298261
2026-05-13 04:11:12,206 [INFO] 2026-05-13 04:11:12,206 [INFO] nadia_ai.utils.extraction: Lead 320: Tier B, heirs=0
2026-05-13 04:11:12,206 [INFO] 2026-05-13 04:11:12,206 [INFO] nadia_ai.scrapers.boe: Extracting text from: https://www.boe.es/diario_boe/txt.php?id=BOE-N-2026-298262
2026-05-13 04:11:15,837 [INFO] 2026-05-13 04:11:15,837 [INFO] nadia_ai.utils.extraction: Lead 321: Tier B, heirs=0
2026-05-13 04:11:15,837 [INFO] 2026-05-13 04:11:15,837 [INFO] nadia_ai.scrapers.boe: Extracting text from: https://www.boe.es/diario_boe/txt.php?id=BOE-N-2026-298265
2026-05-13 04:11:19,458 [INFO] 2026-05-13 04:11:19,458 [INFO] nadia_ai.utils.extraction: Lead 322: Tier B, heirs=0
2026-05-13 04:11:19,458 [INFO] 2026-05-13 04:11:19,458 [INFO] nadia_ai.scrapers.boe: Extracting text from: https://www.boe.es/diario_boe/txt.php?id=BOE-N-2026-298266
2026-05-13 04:11:23,109 [INFO] 2026-05-13 04:11:23,109 [INFO] nadia_ai.utils.extraction: Lead 323: Tier B, heirs=0
2026-05-13 04:11:23,109 [INFO] 2026-05-13 04:11:23,109 [INFO] nadia_ai.scrapers.boe: Extracting text from: https://www.boe.es/diario_boe/txt.php?id=BOE-N-2026-298267
2026-05-13 04:11:26,696 [INFO] 2026-05-13 04:11:26,696 [INFO] nadia_ai.utils.extraction: Lead 324: Tier B, heirs=0
2026-05-13 04:11:26,696 [INFO] 2026-05-13 04:11:26,696 [INFO] nadia_ai.scrapers.boe: Extracting text from: https://www.boe.es/diario_boe/txt.php?id=BOE-N-2026-298270
2026-05-13 04:11:30,330 [INFO] 2026-05-13 04:11:30,330 [INFO] nadia_ai.utils.extraction: Lead 325: Tier B, heirs=0
2026-05-13 04:11:30,331 [INFO] 2026-05-13 04:11:30,330 [INFO] nadia_ai.scrapers.boe: Extracting text from: https://www.boe.es/diario_boe/txt.php?id=BOE-N-2026-298536
2026-05-13 04:11:33,962 [INFO] 2026-05-13 04:11:33,961 [INFO] nadia_ai.utils.extraction: Lead 326: Tier B, heirs=0
2026-05-13 04:11:33,962 [INFO] 2026-05-13 04:11:33,961 [INFO] nadia_ai.scrapers.boe: Extracting text from: https://www.boe.es/diario_boe/txt.php?id=BOE-N-2026-298590
2026-05-13 04:11:37,584 [INFO] 2026-05-13 04:11:37,584 [INFO] nadia_ai.utils.extraction: Lead 327: Tier B, heirs=0
2026-05-13 04:11:37,584 [INFO] 2026-05-13 04:11:37,584 [INFO] nadia_ai.scrapers.boe: Extracting text from: https://www.boe.es/diario_boe/txt.php?id=BOE-N-2026-298627
2026-05-13 04:11:41,205 [INFO] 2026-05-13 04:11:41,205 [INFO] nadia_ai.utils.extraction: Lead 328: Tier B, heirs=0
2026-05-13 04:11:41,205 [INFO] 2026-05-13 04:11:41,205 [INFO] nadia_ai.scrapers.boe: Extracting text from: https://www.boe.es/diario_boe/txt.php?id=BOE-N-2026-295153
2026-05-13 04:11:44,835 [INFO] 2026-05-13 04:11:44,835 [INFO] nadia_ai.utils.extraction: Lead 329: Tier B, heirs=0
2026-05-13 04:11:44,835 [INFO] 2026-05-13 04:11:44,835 [INFO] nadia_ai.scrapers.boe: Extracting text from: https://www.boe.es/diario_boe/txt.php?id=BOE-N-2026-295159
2026-05-13 04:11:48,466 [INFO] 2026-05-13 04:11:48,466 [INFO] nadia_ai.utils.extraction: Lead 330: Tier B, heirs=0
2026-05-13 04:11:48,466 [INFO] 2026-05-13 04:11:48,466 [INFO] nadia_ai.scrapers.boe: Extracting text from: https://www.boe.es/diario_boe/txt.php?id=BOE-N-2026-295165
2026-05-13 04:11:52,087 [INFO] 2026-05-13 04:11:52,087 [INFO] nadia_ai.utils.extraction: Lead 331: Tier B, heirs=0
2026-05-13 04:11:52,087 [INFO] 2026-05-13 04:11:52,087 [INFO] nadia_ai.scrapers.boe: Extracting text from: https://www.boe.es/diario_boe/txt.php?id=BOE-N-2026-295179
2026-05-13 04:11:55,731 [INFO] 2026-05-13 04:11:55,731 [INFO] nadia_ai.utils.extraction: Lead 332: Tier B, heirs=0
2026-05-13 04:11:55,731 [INFO] 2026-05-13 04:11:55,731 [INFO] nadia_ai.scrapers.boe: Extracting text from: https://www.boe.es/diario_boe/txt.php?id=BOE-N-2026-295182
2026-05-13 04:11:59,364 [INFO] 2026-05-13 04:11:59,364 [INFO] nadia_ai.utils.extraction: Lead 333: Tier B, heirs=0
2026-05-13 04:11:59,364 [INFO] 2026-05-13 04:11:59,364 [INFO] nadia_ai.scrapers.boe: Extracting text from: https://www.boe.es/diario_boe/txt.php?id=BOE-N-2026-295189
2026-05-13 04:12:02,966 [INFO] 2026-05-13 04:12:02,966 [INFO] nadia_ai.utils.extraction: Lead 334: Tier B, heirs=0
2026-05-13 04:12:02,966 [INFO] 2026-05-13 04:12:02,966 [INFO] nadia_ai.scrapers.boe: Extracting text from: https://www.boe.es/diario_boe/txt.php?id=BOE-N-2026-295191
2026-05-13 04:12:06,582 [INFO] 2026-05-13 04:12:06,582 [INFO] nadia_ai.utils.extraction: Lead 335: Tier B, heirs=0
2026-05-13 04:12:06,582 [INFO] 2026-05-13 04:12:06,582 [INFO] nadia_ai.scrapers.boe: Extracting text from: https://www.boe.es/diario_boe/txt.php?id=BOE-N-2026-295194
2026-05-13 04:12:10,227 [INFO] 2026-05-13 04:12:10,227 [INFO] nadia_ai.utils.extraction: Lead 336: Tier B, heirs=0
2026-05-13 04:12:10,227 [INFO] 2026-05-13 04:12:10,227 [INFO] nadia_ai.scrapers.boe: Extracting text from: https://www.boe.es/diario_boe/txt.php?id=BOE-N-2026-295216
2026-05-13 04:12:13,859 [INFO] 2026-05-13 04:12:13,859 [INFO] nadia_ai.utils.extraction: Lead 337: Tier B, heirs=0
2026-05-13 04:12:13,859 [INFO] 2026-05-13 04:12:13,859 [INFO] nadia_ai.scrapers.boe: Extracting text from: https://www.boe.es/diario_boe/txt.php?id=BOE-N-2026-295217
2026-05-13 04:12:17,542 [INFO] 2026-05-13 04:12:17,542 [INFO] nadia_ai.utils.extraction: Lead 338: Tier B, heirs=0
2026-05-13 04:12:17,542 [INFO] 2026-05-13 04:12:17,542 [INFO] nadia_ai.scrapers.boe: Extracting text from: https://www.boe.es/diario_boe/txt.php?id=BOE-N-2026-295228
2026-05-13 04:12:21,188 [INFO] 2026-05-13 04:12:21,188 [INFO] nadia_ai.utils.extraction: Lead 339: Tier B, heirs=0
2026-05-13 04:12:21,188 [INFO] 2026-05-13 04:12:21,188 [INFO] nadia_ai.scrapers.boe: Extracting text from: https://www.boe.es/diario_boe/txt.php?id=BOE-N-2026-295499
2026-05-13 04:12:24,893 [INFO] 2026-05-13 04:12:24,892 [INFO] nadia_ai.utils.extraction: Lead 341: Tier B, heirs=0
2026-05-13 04:12:24,893 [INFO] 2026-05-13 04:12:24,892 [INFO] nadia_ai.scrapers.boe: Extracting text from: https://www.boe.es/diario_boe/txt.php?id=BOE-N-2026-288914
2026-05-13 04:12:28,526 [INFO] 2026-05-13 04:12:28,526 [INFO] nadia_ai.utils.extraction: Lead 342: Tier B, heirs=0
2026-05-13 04:12:28,526 [INFO] 2026-05-13 04:12:28,526 [INFO] nadia_ai.scrapers.boe: Extracting text from: https://www.boe.es/diario_boe/txt.php?id=BOE-N-2026-290804
2026-05-13 04:12:32,139 [INFO] 2026-05-13 04:12:32,139 [INFO] nadia_ai.utils.extraction: Lead 343: Tier B, heirs=0
2026-05-13 04:12:32,139 [INFO] 2026-05-13 04:12:32,139 [INFO] nadia_ai.scrapers.boe: Extracting text from: https://www.boe.es/diario_boe/txt.php?id=BOE-N-2026-290824
2026-05-13 04:12:35,782 [INFO] 2026-05-13 04:12:35,782 [INFO] nadia_ai.utils.extraction: Lead 344: Tier B, heirs=0
2026-05-13 04:12:35,782 [INFO] 2026-05-13 04:12:35,782 [INFO] nadia_ai.scrapers.boe: Extracting text from: https://www.boe.es/diario_boe/txt.php?id=BOE-N-2026-290830
2026-05-13 04:12:40,505 [INFO] 2026-05-13 04:12:40,505 [INFO] nadia_ai.utils.extraction: Lead 345: Tier B, heirs=0
2026-05-13 04:12:40,505 [INFO] 2026-05-13 04:12:40,505 [INFO] nadia_ai.scrapers.boe: Extracting text from: https://www.boe.es/diario_boe/txt.php?id=BOE-N-2026-290843
2026-05-13 04:12:44,183 [INFO] 2026-05-13 04:12:44,183 [INFO] nadia_ai.utils.extraction: Lead 346: Tier B, heirs=0
2026-05-13 04:12:44,183 [INFO] 2026-05-13 04:12:44,183 [INFO] nadia_ai.scrapers.boe: Extracting text from: https://www.boe.es/diario_boe/txt.php?id=BOE-N-2026-290845
2026-05-13 04:12:47,808 [INFO] 2026-05-13 04:12:47,807 [INFO] nadia_ai.utils.extraction: Lead 347: Tier B, heirs=0
2026-05-13 04:12:47,808 [INFO] 2026-05-13 04:12:47,808 [INFO] nadia_ai.scrapers.boe: Extracting text from: https://www.boe.es/diario_boe/txt.php?id=BOE-N-2026-290850
2026-05-13 04:12:51,438 [INFO] 2026-05-13 04:12:51,438 [INFO] nadia_ai.utils.extraction: Lead 348: Tier B, heirs=0
2026-05-13 04:12:51,438 [INFO] 2026-05-13 04:12:51,438 [INFO] nadia_ai.scrapers.boe: Extracting text from: https://www.boe.es/diario_boe/txt.php?id=BOE-N-2026-290885
2026-05-13 04:12:55,065 [INFO] 2026-05-13 04:12:55,065 [INFO] nadia_ai.utils.extraction: Lead 349: Tier B, heirs=0
2026-05-13 04:12:55,065 [INFO] 2026-05-13 04:12:55,065 [INFO] nadia_ai.scrapers.boe: Extracting text from: https://www.boe.es/diario_boe/txt.php?id=BOE-N-2026-291958
2026-05-13 04:12:58,686 [INFO] 2026-05-13 04:12:58,686 [INFO] nadia_ai.utils.extraction: Lead 350: Tier B, heirs=0
2026-05-13 04:12:58,686 [INFO] 2026-05-13 04:12:58,686 [INFO] nadia_ai.scrapers.boe: Extracting text from: https://www.boe.es/diario_boe/txt.php?id=BOE-N-2026-286027
2026-05-13 04:13:02,308 [INFO] 2026-05-13 04:13:02,308 [INFO] nadia_ai.utils.extraction: Lead 351: Tier B, heirs=0
2026-05-13 04:13:02,308 [INFO] 2026-05-13 04:13:02,308 [INFO] nadia_ai.scrapers.boe: Extracting text from: https://www.boe.es/diario_boe/txt.php?id=BOE-N-2026-286030
2026-05-13 04:13:05,949 [INFO] 2026-05-13 04:13:05,949 [INFO] nadia_ai.utils.extraction: Lead 352: Tier B, heirs=0
2026-05-13 04:13:05,949 [INFO] 2026-05-13 04:13:05,949 [INFO] nadia_ai.scrapers.boe: Extracting text from: https://www.boe.es/diario_boe/txt.php?id=BOE-N-2026-286031
2026-05-13 04:13:09,582 [INFO] 2026-05-13 04:13:09,582 [INFO] nadia_ai.utils.extraction: Lead 353: Tier B, heirs=0
2026-05-13 04:13:09,582 [INFO] 2026-05-13 04:13:09,582 [INFO] nadia_ai.scrapers.boe: Extracting text from: https://www.boe.es/diario_boe/txt.php?id=BOE-N-2026-286054
2026-05-13 04:13:13,202 [INFO] 2026-05-13 04:13:13,202 [INFO] nadia_ai.utils.extraction: Lead 355: Tier B, heirs=0
2026-05-13 04:13:13,202 [INFO] 2026-05-13 04:13:13,202 [INFO] nadia_ai.scrapers.boe: Extracting text from: https://www.boe.es/diario_boe/txt.php?id=BOE-N-2026-286079
2026-05-13 04:13:16,817 [INFO] 2026-05-13 04:13:16,817 [INFO] nadia_ai.utils.extraction: Lead 357: Tier B, heirs=0
2026-05-13 04:13:16,817 [INFO] 2026-05-13 04:13:16,817 [INFO] nadia_ai.scrapers.boe: Extracting text from: https://www.boe.es/diario_boe/txt.php?id=BOE-N-2026-286094
2026-05-13 04:13:20,598 [INFO] 2026-05-13 04:13:20,598 [INFO] nadia_ai.utils.extraction: Lead 358: Tier B, heirs=0
2026-05-13 04:13:20,599 [INFO] 2026-05-13 04:13:20,598 [INFO] nadia_ai.scrapers.boe: Extracting text from: https://www.boe.es/diario_boe/txt.php?id=BOE-N-2026-286101
2026-05-13 04:13:24,260 [INFO] 2026-05-13 04:13:24,260 [INFO] nadia_ai.utils.extraction: Lead 359: Tier B, heirs=0
2026-05-13 04:13:24,260 [INFO] 2026-05-13 04:13:24,260 [INFO] nadia_ai.scrapers.boe: Extracting text from: https://www.boe.es/diario_boe/txt.php?id=BOE-N-2026-286102
2026-05-13 04:13:27,900 [INFO] 2026-05-13 04:13:27,900 [INFO] nadia_ai.utils.extraction: Lead 360: Tier B, heirs=0
2026-05-13 04:13:27,900 [INFO] 2026-05-13 04:13:27,900 [INFO] nadia_ai.scrapers.boe: Extracting text from: https://www.boe.es/diario_boe/txt.php?id=BOE-N-2026-286104
2026-05-13 04:13:31,685 [INFO] 2026-05-13 04:13:31,685 [INFO] nadia_ai.utils.extraction: Lead 361: Tier B, heirs=0
2026-05-13 04:13:31,685 [INFO] 2026-05-13 04:13:31,685 [INFO] nadia_ai.scrapers.boe: Extracting text from: https://www.boe.es/diario_boe/txt.php?id=BOE-N-2026-286106
2026-05-13 04:13:35,356 [INFO] 2026-05-13 04:13:35,356 [INFO] nadia_ai.utils.extraction: Lead 362: Tier B, heirs=0
2026-05-13 04:13:35,356 [INFO] 2026-05-13 04:13:35,356 [INFO] nadia_ai.scrapers.boe: Extracting text from: https://www.boe.es/diario_boe/txt.php?id=BOE-N-2026-286162
2026-05-13 04:13:38,970 [INFO] 2026-05-13 04:13:38,970 [INFO] nadia_ai.utils.extraction: Lead 363: Tier B, heirs=0
2026-05-13 04:13:38,970 [INFO] 2026-05-13 04:13:38,970 [INFO] nadia_ai.scrapers.boe: Extracting text from: https://www.boe.es/diario_boe/txt.php?id=BOE-N-2026-286163
2026-05-13 04:13:42,593 [INFO] 2026-05-13 04:13:42,593 [INFO] nadia_ai.utils.extraction: Lead 364: Tier B, heirs=0
2026-05-13 04:13:42,593 [INFO] 2026-05-13 04:13:42,593 [INFO] nadia_ai.scrapers.boe: Extracting text from: https://www.boe.es/diario_boe/txt.php?id=BOE-N-2026-286270
2026-05-13 04:13:46,230 [INFO] 2026-05-13 04:13:46,229 [INFO] nadia_ai.utils.extraction: Lead 365: Tier B, heirs=0
2026-05-13 04:13:46,230 [INFO] 2026-05-13 04:13:46,229 [INFO] nadia_ai.scrapers.boe: Extracting text from: https://www.boe.es/diario_boe/txt.php?id=BOE-N-2026-281273
2026-05-13 04:13:49,852 [INFO] 2026-05-13 04:13:49,852 [INFO] nadia_ai.utils.extraction: Lead 366: Tier B, heirs=0
2026-05-13 04:13:49,852 [INFO] 2026-05-13 04:13:49,852 [INFO] nadia_ai.scrapers.boe: Extracting text from: https://www.boe.es/diario_boe/txt.php?id=BOE-N-2026-281333
2026-05-13 04:13:53,481 [INFO] 2026-05-13 04:13:53,481 [INFO] nadia_ai.utils.extraction: Lead 367: Tier B, heirs=0
2026-05-13 04:13:53,481 [INFO] 2026-05-13 04:13:53,481 [INFO] nadia_ai.scrapers.boe: Extracting text from: https://www.boe.es/diario_boe/txt.php?id=BOE-N-2026-283124
2026-05-13 04:13:57,121 [INFO] 2026-05-13 04:13:57,121 [INFO] nadia_ai.utils.extraction: Lead 368: Tier B, heirs=0
2026-05-13 04:13:57,122 [INFO] 2026-05-13 04:13:57,121 [INFO] nadia_ai.scrapers.boe: Extracting text from: https://www.boe.es/diario_boe/txt.php?id=BOE-N-2026-283128
2026-05-13 04:14:00,743 [INFO] 2026-05-13 04:14:00,743 [INFO] nadia_ai.utils.extraction: Lead 369: Tier B, heirs=0
2026-05-13 04:14:00,743 [INFO] 2026-05-13 04:14:00,743 [INFO] nadia_ai.scrapers.boe: Extracting text from: https://www.boe.es/diario_boe/txt.php?id=BOE-N-2026-283132
2026-05-13 04:14:04,373 [INFO] 2026-05-13 04:14:04,373 [INFO] nadia_ai.utils.extraction: Lead 370: Tier B, heirs=0
2026-05-13 04:14:04,373 [INFO] 2026-05-13 04:14:04,373 [INFO] nadia_ai.scrapers.boe: Extracting text from: https://www.boe.es/diario_boe/txt.php?id=BOE-N-2026-283133
2026-05-13 04:14:08,011 [INFO] 2026-05-13 04:14:08,011 [INFO] nadia_ai.utils.extraction: Lead 371: Tier B, heirs=0
2026-05-13 04:14:08,011 [INFO] 2026-05-13 04:14:08,011 [INFO] nadia_ai.scrapers.boe: Extracting text from: https://www.boe.es/diario_boe/txt.php?id=BOE-N-2026-283141
2026-05-13 04:14:11,629 [INFO] 2026-05-13 04:14:11,629 [INFO] nadia_ai.utils.extraction: Lead 372: Tier B, heirs=0
2026-05-13 04:14:11,629 [INFO] 2026-05-13 04:14:11,629 [INFO] nadia_ai.extraction_loop: Enriched 109 leads in this batch. Total so far: 327
2026-05-13 04:14:11,629 [INFO] 2026-05-13 04:14:11,629 [INFO] nadia_ai.extraction_loop: Starting extraction batch...
2026-05-13 04:14:11,630 [INFO] 2026-05-13 04:14:11,630 [INFO] nadia_ai.scrapers.boe: Extracting text from: https://www.boe.es/diario_boe/txt.php?id=BOE-N-2026-283142
2026-05-13 04:14:15,252 [INFO] 2026-05-13 04:14:15,252 [INFO] nadia_ai.utils.extraction: Lead 373: Tier B, heirs=0
2026-05-13 04:14:15,252 [INFO] 2026-05-13 04:14:15,252 [INFO] nadia_ai.scrapers.boe: Extracting text from: https://www.boe.es/diario_boe/txt.php?id=BOE-N-2026-283144
2026-05-13 04:14:18,887 [INFO] 2026-05-13 04:14:18,887 [INFO] nadia_ai.utils.extraction: Lead 374: Tier B, heirs=0
2026-05-13 04:14:18,887 [INFO] 2026-05-13 04:14:18,887 [INFO] nadia_ai.scrapers.boe: Extracting text from: https://www.boe.es/diario_boe/txt.php?id=BOE-N-2026-283161
2026-05-13 04:14:22,532 [INFO] 2026-05-13 04:14:22,532 [INFO] nadia_ai.utils.extraction: Lead 375: Tier B, heirs=0
2026-05-13 04:14:22,532 [INFO] 2026-05-13 04:14:22,532 [INFO] nadia_ai.scrapers.boe: Extracting text from: https://www.boe.es/diario_boe/txt.php?id=BOE-N-2026-283559
2026-05-13 04:14:26,134 [INFO] 2026-05-13 04:14:26,133 [INFO] nadia_ai.utils.extraction: Lead 376: Tier B, heirs=0
2026-05-13 04:14:26,134 [INFO] 2026-05-13 04:14:26,134 [INFO] nadia_ai.scrapers.boe: Extracting text from: https://www.boe.es/diario_boe/txt.php?id=BOE-N-2026-275367
2026-05-13 04:14:29,740 [INFO] 2026-05-13 04:14:29,740 [INFO] nadia_ai.utils.extraction: Lead 377: Tier B, heirs=0
2026-05-13 04:14:29,740 [INFO] 2026-05-13 04:14:29,740 [INFO] nadia_ai.scrapers.boe: Extracting text from: https://www.boe.es/diario_boe/txt.php?id=BOE-N-2026-277687
2026-05-13 04:14:33,362 [INFO] 2026-05-13 04:14:33,362 [INFO] nadia_ai.utils.extraction: Lead 379: Tier B, heirs=0
2026-05-13 04:14:33,362 [INFO] 2026-05-13 04:14:33,362 [INFO] nadia_ai.scrapers.boe: Extracting text from: https://www.boe.es/diario_boe/txt.php?id=BOE-N-2026-277690
2026-05-13 04:14:36,979 [INFO] 2026-05-13 04:14:36,979 [INFO] nadia_ai.utils.extraction: Lead 381: Tier B, heirs=0
2026-05-13 04:14:36,979 [INFO] 2026-05-13 04:14:36,979 [INFO] nadia_ai.scrapers.boe: Extracting text from: https://www.boe.es/diario_boe/txt.php?id=BOE-N-2026-277702
2026-05-13 04:14:40,625 [INFO] 2026-05-13 04:14:40,625 [INFO] nadia_ai.utils.extraction: Lead 382: Tier B, heirs=0
2026-05-13 04:14:40,626 [INFO] 2026-05-13 04:14:40,625 [INFO] nadia_ai.scrapers.boe: Extracting text from: https://www.boe.es/diario_boe/txt.php?id=BOE-N-2026-277703
2026-05-13 04:14:44,257 [INFO] 2026-05-13 04:14:44,256 [INFO] nadia_ai.utils.extraction: Lead 383: Tier B, heirs=0
2026-05-13 04:14:44,257 [INFO] 2026-05-13 04:14:44,256 [INFO] nadia_ai.scrapers.boe: Extracting text from: https://www.boe.es/diario_boe/txt.php?id=BOE-N-2026-277704
2026-05-13 04:14:47,899 [INFO] 2026-05-13 04:14:47,899 [INFO] nadia_ai.utils.extraction: Lead 384: Tier B, heirs=0
2026-05-13 04:14:47,900 [INFO] 2026-05-13 04:14:47,899 [INFO] nadia_ai.scrapers.boe: Extracting text from: https://www.boe.es/diario_boe/txt.php?id=BOE-N-2026-277708
2026-05-13 04:14:51,497 [INFO] 2026-05-13 04:14:51,497 [INFO] nadia_ai.utils.extraction: Lead 385: Tier B, heirs=0
2026-05-13 04:14:51,497 [INFO] 2026-05-13 04:14:51,497 [INFO] nadia_ai.scrapers.boe: Extracting text from: https://www.boe.es/diario_boe/txt.php?id=BOE-N-2026-277712
2026-05-13 04:14:55,119 [INFO] 2026-05-13 04:14:55,119 [INFO] nadia_ai.utils.extraction: Lead 386: Tier B, heirs=0
2026-05-13 04:14:55,119 [INFO] 2026-05-13 04:14:55,119 [INFO] nadia_ai.scrapers.boe: Extracting text from: https://www.boe.es/diario_boe/txt.php?id=BOE-N-2026-277719
2026-05-13 04:14:58,759 [INFO] 2026-05-13 04:14:58,759 [INFO] nadia_ai.utils.extraction: Lead 387: Tier B, heirs=0
2026-05-13 04:14:58,759 [INFO] 2026-05-13 04:14:58,759 [INFO] nadia_ai.scrapers.boe: Extracting text from: https://www.boe.es/diario_boe/txt.php?id=BOE-N-2026-277721
2026-05-13 04:15:02,368 [INFO] 2026-05-13 04:15:02,368 [INFO] nadia_ai.utils.extraction: Lead 388: Tier B, heirs=0
2026-05-13 04:15:02,368 [INFO] 2026-05-13 04:15:02,368 [INFO] nadia_ai.scrapers.boe: Extracting text from: https://www.boe.es/diario_boe/txt.php?id=BOE-N-2026-277724
2026-05-13 04:15:06,001 [INFO] 2026-05-13 04:15:06,000 [INFO] nadia_ai.utils.extraction: Lead 389: Tier B, heirs=0
2026-05-13 04:15:06,001 [INFO] 2026-05-13 04:15:06,000 [INFO] nadia_ai.scrapers.boe: Extracting text from: https://www.boe.es/diario_boe/txt.php?id=BOE-N-2026-277727
2026-05-13 04:15:09,632 [INFO] 2026-05-13 04:15:09,632 [INFO] nadia_ai.utils.extraction: Lead 390: Tier B, heirs=0
2026-05-13 04:15:09,633 [INFO] 2026-05-13 04:15:09,632 [INFO] nadia_ai.scrapers.boe: Extracting text from: https://www.boe.es/diario_boe/txt.php?id=BOE-N-2026-277745
2026-05-13 04:15:13,265 [INFO] 2026-05-13 04:15:13,265 [INFO] nadia_ai.utils.extraction: Lead 392: Tier B, heirs=0
2026-05-13 04:15:13,265 [INFO] 2026-05-13 04:15:13,265 [INFO] nadia_ai.scrapers.boe: Extracting text from: https://www.boe.es/diario_boe/txt.php?id=BOE-N-2026-277750
2026-05-13 04:15:16,871 [INFO] 2026-05-13 04:15:16,871 [INFO] nadia_ai.utils.extraction: Lead 393: Tier B, heirs=0
2026-05-13 04:15:16,871 [INFO] 2026-05-13 04:15:16,871 [INFO] nadia_ai.scrapers.boe: Extracting text from: https://www.boe.es/diario_boe/txt.php?id=BOE-N-2026-277760
2026-05-13 04:15:20,501 [INFO] 2026-05-13 04:15:20,501 [INFO] nadia_ai.utils.extraction: Lead 394: Tier B, heirs=0
2026-05-13 04:15:20,501 [INFO] 2026-05-13 04:15:20,501 [INFO] nadia_ai.scrapers.boe: Extracting text from: https://www.boe.es/diario_boe/txt.php?id=BOE-N-2026-277763
2026-05-13 04:15:24,131 [INFO] 2026-05-13 04:15:24,131 [INFO] nadia_ai.utils.extraction: Lead 395: Tier B, heirs=0
2026-05-13 04:15:24,131 [INFO] 2026-05-13 04:15:24,131 [INFO] nadia_ai.scrapers.boe: Extracting text from: https://www.boe.es/diario_boe/txt.php?id=BOE-N-2026-277765
2026-05-13 04:15:27,737 [INFO] 2026-05-13 04:15:27,737 [INFO] nadia_ai.utils.extraction: Lead 396: Tier B, heirs=0
2026-05-13 04:15:27,737 [INFO] 2026-05-13 04:15:27,737 [INFO] nadia_ai.scrapers.boe: Extracting text from: https://www.boe.es/diario_boe/txt.php?id=BOE-N-2026-277766
2026-05-13 04:15:31,365 [INFO] 2026-05-13 04:15:31,365 [INFO] nadia_ai.utils.extraction: Lead 397: Tier B, heirs=0
2026-05-13 04:15:31,365 [INFO] 2026-05-13 04:15:31,365 [INFO] nadia_ai.scrapers.boe: Extracting text from: https://www.boe.es/diario_boe/txt.php?id=BOE-N-2026-277821
2026-05-13 04:15:34,986 [INFO] 2026-05-13 04:15:34,986 [INFO] nadia_ai.utils.extraction: Lead 398: Tier B, heirs=0
2026-05-13 04:15:34,986 [INFO] 2026-05-13 04:15:34,986 [INFO] nadia_ai.scrapers.boe: Extracting text from: https://www.boe.es/diario_boe/txt.php?id=BOE-N-2026-277962
2026-05-13 04:15:38,621 [INFO] 2026-05-13 04:15:38,621 [INFO] nadia_ai.utils.extraction: Lead 399: Tier B, heirs=0
2026-05-13 04:15:38,621 [INFO] 2026-05-13 04:15:38,621 [INFO] nadia_ai.scrapers.boe: Extracting text from: https://www.boe.es/diario_boe/txt.php?id=BOE-N-2026-278010
2026-05-13 04:15:42,256 [INFO] 2026-05-13 04:15:42,256 [INFO] nadia_ai.utils.extraction: Lead 400: Tier B, heirs=0
2026-05-13 04:15:42,256 [INFO] 2026-05-13 04:15:42,256 [INFO] nadia_ai.scrapers.boe: Extracting text from: https://www.boe.es/diario_boe/txt.php?id=BOE-N-2026-278012
2026-05-13 04:15:45,876 [INFO] 2026-05-13 04:15:45,876 [INFO] nadia_ai.utils.extraction: Lead 401: Tier B, heirs=0
2026-05-13 04:15:45,876 [INFO] 2026-05-13 04:15:45,876 [INFO] nadia_ai.scrapers.boe: Extracting text from: https://www.boe.es/diario_boe/txt.php?id=BOE-N-2026-278134
2026-05-13 04:15:50,557 [INFO] 2026-05-13 04:15:50,557 [INFO] nadia_ai.utils.extraction: Lead 402: Tier B, heirs=0
2026-05-13 04:15:50,557 [INFO] 2026-05-13 04:15:50,557 [INFO] nadia_ai.scrapers.boe: Extracting text from: https://www.boe.es/diario_boe/txt.php?id=BOE-N-2026-278135
2026-05-13 04:15:54,384 [INFO] 2026-05-13 04:15:54,384 [INFO] nadia_ai.utils.extraction: Lead 403: Tier B, heirs=0
2026-05-13 04:15:54,384 [INFO] 2026-05-13 04:15:54,384 [INFO] nadia_ai.scrapers.boe: Extracting text from: https://www.boe.es/diario_boe/txt.php?id=BOE-N-2026-278462
2026-05-13 04:15:58,104 [INFO] 2026-05-13 04:15:58,104 [INFO] nadia_ai.utils.extraction: Lead 404: Tier B, heirs=0
2026-05-13 04:15:58,104 [INFO] 2026-05-13 04:15:58,104 [INFO] nadia_ai.scrapers.boe: Extracting text from: https://www.boe.es/diario_boe/txt.php?id=BOE-N-2026-278620
2026-05-13 04:16:01,741 [INFO] 2026-05-13 04:16:01,741 [INFO] nadia_ai.utils.extraction: Lead 405: Tier B, heirs=0
2026-05-13 04:16:01,741 [INFO] 2026-05-13 04:16:01,741 [INFO] nadia_ai.scrapers.boe: Extracting text from: https://www.boe.es/diario_boe/txt.php?id=BOE-N-2026-272114
2026-05-13 04:16:05,392 [INFO] 2026-05-13 04:16:05,392 [INFO] nadia_ai.utils.extraction: Lead 406: Tier B, heirs=0
2026-05-13 04:16:05,392 [INFO] 2026-05-13 04:16:05,392 [INFO] nadia_ai.scrapers.boe: Extracting text from: https://www.boe.es/diario_boe/txt.php?id=BOE-N-2026-272727
2026-05-13 04:16:09,013 [INFO] 2026-05-13 04:16:09,013 [INFO] nadia_ai.utils.extraction: Lead 407: Tier B, heirs=0
2026-05-13 04:16:09,013 [INFO] 2026-05-13 04:16:09,013 [INFO] nadia_ai.scrapers.boe: Extracting text from: https://www.boe.es/diario_boe/txt.php?id=BOE-N-2026-274011
2026-05-13 04:16:12,636 [INFO] 2026-05-13 04:16:12,635 [INFO] nadia_ai.utils.extraction: Lead 408: Tier B, heirs=0
2026-05-13 04:16:12,636 [INFO] 2026-05-13 04:16:12,636 [INFO] nadia_ai.scrapers.boe: Extracting text from: https://www.boe.es/diario_boe/txt.php?id=BOE-N-2026-274023
2026-05-13 04:16:16,263 [INFO] 2026-05-13 04:16:16,263 [INFO] nadia_ai.utils.extraction: Lead 410: Tier B, heirs=0
2026-05-13 04:16:16,263 [INFO] 2026-05-13 04:16:16,263 [INFO] nadia_ai.scrapers.boe: Extracting text from: https://www.boe.es/diario_boe/txt.php?id=BOE-N-2026-274036
2026-05-13 04:16:19,894 [INFO] 2026-05-13 04:16:19,894 [INFO] nadia_ai.utils.extraction: Lead 411: Tier B, heirs=0
2026-05-13 04:16:19,894 [INFO] 2026-05-13 04:16:19,894 [INFO] nadia_ai.scrapers.boe: Extracting text from: https://www.boe.es/diario_boe/txt.php?id=BOE-N-2026-274041
2026-05-13 04:16:23,516 [INFO] 2026-05-13 04:16:23,516 [INFO] nadia_ai.utils.extraction: Lead 412: Tier B, heirs=0
2026-05-13 04:16:23,516 [INFO] 2026-05-13 04:16:23,516 [INFO] nadia_ai.scrapers.boe: Extracting text from: https://www.boe.es/diario_boe/txt.php?id=BOE-N-2026-274047
2026-05-13 04:16:27,145 [INFO] 2026-05-13 04:16:27,144 [INFO] nadia_ai.utils.extraction: Lead 413: Tier B, heirs=0
2026-05-13 04:16:27,145 [INFO] 2026-05-13 04:16:27,145 [INFO] nadia_ai.scrapers.boe: Extracting text from: https://www.boe.es/diario_boe/txt.php?id=BOE-N-2026-274070
2026-05-13 04:16:30,779 [INFO] 2026-05-13 04:16:30,779 [INFO] nadia_ai.utils.extraction: Lead 416: Tier B, heirs=0
2026-05-13 04:16:30,779 [INFO] 2026-05-13 04:16:30,779 [INFO] nadia_ai.scrapers.boe: Extracting text from: https://www.boe.es/diario_boe/txt.php?id=BOE-N-2026-274071
2026-05-13 04:16:34,535 [INFO] 2026-05-13 04:16:34,534 [INFO] nadia_ai.utils.extraction: Lead 417: Tier B, heirs=0
2026-05-13 04:16:34,535 [INFO] 2026-05-13 04:16:34,535 [INFO] nadia_ai.scrapers.boe: Extracting text from: https://www.boe.es/diario_boe/txt.php?id=BOE-N-2026-274085
2026-05-13 04:16:38,184 [INFO] 2026-05-13 04:16:38,184 [INFO] nadia_ai.utils.extraction: Lead 419: Tier B, heirs=0
2026-05-13 04:16:38,185 [INFO] 2026-05-13 04:16:38,184 [INFO] nadia_ai.scrapers.boe: Extracting text from: https://www.boe.es/diario_boe/txt.php?id=BOE-N-2026-274090
2026-05-13 04:16:41,940 [INFO] 2026-05-13 04:16:41,940 [INFO] nadia_ai.utils.extraction: Lead 420: Tier B, heirs=0
2026-05-13 04:16:41,941 [INFO] 2026-05-13 04:16:41,940 [INFO] nadia_ai.scrapers.boe: Extracting text from: https://www.boe.es/diario_boe/txt.php?id=BOE-N-2026-274429
2026-05-13 04:16:45,697 [INFO] 2026-05-13 04:16:45,697 [INFO] nadia_ai.utils.extraction: Lead 421: Tier B, heirs=0
2026-05-13 04:16:45,697 [INFO] 2026-05-13 04:16:45,697 [INFO] nadia_ai.scrapers.boe: Extracting text from: https://www.boe.es/diario_boe/txt.php?id=BOE-N-2026-275100
2026-05-13 04:16:50,541 [INFO] 2026-05-13 04:16:50,540 [INFO] nadia_ai.utils.extraction: Lead 422: Tier B, heirs=0
2026-05-13 04:16:50,541 [INFO] 2026-05-13 04:16:50,541 [INFO] nadia_ai.scrapers.boe: Extracting text from: https://www.boe.es/diario_boe/txt.php?id=BOE-N-2026-265494
2026-05-13 04:16:54,131 [INFO] 2026-05-13 04:16:54,130 [INFO] nadia_ai.utils.extraction: Lead 423: Tier B, heirs=0
2026-05-13 04:16:54,131 [INFO] 2026-05-13 04:16:54,131 [INFO] nadia_ai.scrapers.boe: Extracting text from: https://www.boe.es/diario_boe/txt.php?id=BOE-N-2026-265504
2026-05-13 04:16:57,737 [INFO] 2026-05-13 04:16:57,737 [INFO] nadia_ai.utils.extraction: Lead 424: Tier B, heirs=0
2026-05-13 04:16:57,737 [INFO] 2026-05-13 04:16:57,737 [INFO] nadia_ai.scrapers.boe: Extracting text from: https://www.boe.es/diario_boe/txt.php?id=BOE-N-2026-267081
2026-05-13 04:17:01,391 [INFO] 2026-05-13 04:17:01,391 [INFO] nadia_ai.utils.extraction: Lead 425: Tier B, heirs=0
2026-05-13 04:17:01,391 [INFO] 2026-05-13 04:17:01,391 [INFO] nadia_ai.scrapers.boe: Extracting text from: https://www.boe.es/diario_boe/txt.php?id=BOE-N-2026-269565
2026-05-13 04:17:05,209 [INFO] 2026-05-13 04:17:05,209 [INFO] nadia_ai.utils.extraction: Lead 427: Tier B, heirs=0
2026-05-13 04:17:05,209 [INFO] 2026-05-13 04:17:05,209 [INFO] nadia_ai.scrapers.boe: Extracting text from: https://www.boe.es/diario_boe/txt.php?id=BOE-N-2026-269572
2026-05-13 04:17:08,825 [INFO] 2026-05-13 04:17:08,824 [INFO] nadia_ai.utils.extraction: Lead 428: Tier B, heirs=0
2026-05-13 04:17:08,825 [INFO] 2026-05-13 04:17:08,825 [INFO] nadia_ai.scrapers.boe: Extracting text from: https://www.boe.es/diario_boe/txt.php?id=BOE-N-2026-269573
2026-05-13 04:17:12,457 [INFO] 2026-05-13 04:17:12,457 [INFO] nadia_ai.utils.extraction: Lead 429: Tier B, heirs=0
2026-05-13 04:17:12,457 [INFO] 2026-05-13 04:17:12,457 [INFO] nadia_ai.scrapers.boe: Extracting text from: https://www.boe.es/diario_boe/txt.php?id=BOE-N-2026-269584
2026-05-13 04:17:16,096 [INFO] 2026-05-13 04:17:16,095 [INFO] nadia_ai.utils.extraction: Lead 430: Tier B, heirs=0
2026-05-13 04:17:16,096 [INFO] 2026-05-13 04:17:16,096 [INFO] nadia_ai.scrapers.boe: Extracting text from: https://www.boe.es/diario_boe/txt.php?id=BOE-N-2026-269612
2026-05-13 04:17:19,708 [INFO] 2026-05-13 04:17:19,708 [INFO] nadia_ai.utils.extraction: Lead 431: Tier B, heirs=0
2026-05-13 04:17:19,708 [INFO] 2026-05-13 04:17:19,708 [INFO] nadia_ai.scrapers.boe: Extracting text from: https://www.boe.es/diario_boe/txt.php?id=BOE-N-2026-269614
2026-05-13 04:17:23,326 [INFO] 2026-05-13 04:17:23,325 [INFO] nadia_ai.utils.extraction: Lead 432: Tier B, heirs=0
2026-05-13 04:17:23,326 [INFO] 2026-05-13 04:17:23,326 [INFO] nadia_ai.scrapers.boe: Extracting text from: https://www.boe.es/diario_boe/txt.php?id=BOE-N-2026-270351
2026-05-13 04:17:26,952 [INFO] 2026-05-13 04:17:26,952 [INFO] nadia_ai.utils.extraction: Lead 433: Tier B, heirs=0
2026-05-13 04:17:26,952 [INFO] 2026-05-13 04:17:26,952 [INFO] nadia_ai.scrapers.boe: Extracting text from: https://www.boe.es/diario_boe/txt.php?id=BOE-N-2026-264472
2026-05-13 04:17:30,573 [INFO] 2026-05-13 04:17:30,573 [INFO] nadia_ai.utils.extraction: Lead 434: Tier B, heirs=0
2026-05-13 04:17:30,573 [INFO] 2026-05-13 04:17:30,573 [INFO] nadia_ai.scrapers.boe: Extracting text from: https://www.boe.es/diario_boe/txt.php?id=BOE-N-2026-264480
2026-05-13 04:17:34,200 [INFO] 2026-05-13 04:17:34,200 [INFO] nadia_ai.utils.extraction: Lead 435: Tier B, heirs=0
2026-05-13 04:17:34,200 [INFO] 2026-05-13 04:17:34,200 [INFO] nadia_ai.scrapers.boe: Extracting text from: https://www.boe.es/diario_boe/txt.php?id=BOE-N-2026-264484
2026-05-13 04:17:37,818 [INFO] 2026-05-13 04:17:37,817 [INFO] nadia_ai.utils.extraction: Lead 436: Tier B, heirs=0
2026-05-13 04:17:37,818 [INFO] 2026-05-13 04:17:37,817 [INFO] nadia_ai.scrapers.boe: Extracting text from: https://www.boe.es/diario_boe/txt.php?id=BOE-N-2026-264495
2026-05-13 04:17:41,453 [INFO] 2026-05-13 04:17:41,453 [INFO] nadia_ai.utils.extraction: Lead 437: Tier B, heirs=0
2026-05-13 04:17:41,453 [INFO] 2026-05-13 04:17:41,453 [INFO] nadia_ai.scrapers.boe: Extracting text from: https://www.boe.es/diario_boe/txt.php?id=BOE-N-2026-264497
2026-05-13 04:17:46,095 [INFO] 2026-05-13 04:17:46,095 [INFO] nadia_ai.utils.extraction: Lead 438: Tier B, heirs=0
2026-05-13 04:17:46,095 [INFO] 2026-05-13 04:17:46,095 [INFO] nadia_ai.scrapers.boe: Extracting text from: https://www.boe.es/diario_boe/txt.php?id=BOE-N-2026-264498
2026-05-13 04:17:49,714 [INFO] 2026-05-13 04:17:49,714 [INFO] nadia_ai.utils.extraction: Lead 439: Tier B, heirs=0
2026-05-13 04:17:49,714 [INFO] 2026-05-13 04:17:49,714 [INFO] nadia_ai.scrapers.boe: Extracting text from: https://www.boe.es/diario_boe/txt.php?id=BOE-N-2026-264499
2026-05-13 04:17:53,336 [INFO] 2026-05-13 04:17:53,336 [INFO] nadia_ai.utils.extraction: Lead 440: Tier B, heirs=0
2026-05-13 04:17:53,336 [INFO] 2026-05-13 04:17:53,336 [INFO] nadia_ai.scrapers.boe: Extracting text from: https://www.boe.es/diario_boe/txt.php?id=BOE-N-2026-264501
2026-05-13 04:17:56,951 [INFO] 2026-05-13 04:17:56,951 [INFO] nadia_ai.utils.extraction: Lead 441: Tier B, heirs=0
2026-05-13 04:17:56,951 [INFO] 2026-05-13 04:17:56,951 [INFO] nadia_ai.scrapers.boe: Extracting text from: https://www.boe.es/diario_boe/txt.php?id=BOE-N-2026-264504
2026-05-13 04:18:00,605 [INFO] 2026-05-13 04:18:00,605 [INFO] nadia_ai.utils.extraction: Lead 442: Tier B, heirs=0
2026-05-13 04:18:00,605 [INFO] 2026-05-13 04:18:00,605 [INFO] nadia_ai.scrapers.boe: Extracting text from: https://www.boe.es/diario_boe/txt.php?id=BOE-N-2026-264527
2026-05-13 04:18:04,239 [INFO] 2026-05-13 04:18:04,238 [INFO] nadia_ai.utils.extraction: Lead 443: Tier B, heirs=0
2026-05-13 04:18:04,239 [INFO] 2026-05-13 04:18:04,239 [INFO] nadia_ai.scrapers.boe: Extracting text from: https://www.boe.es/diario_boe/txt.php?id=BOE-N-2026-257011
2026-05-13 04:18:07,981 [INFO] 2026-05-13 04:18:07,981 [INFO] nadia_ai.utils.extraction: Lead 444: Tier B, heirs=0
2026-05-13 04:18:07,981 [INFO] 2026-05-13 04:18:07,981 [INFO] nadia_ai.scrapers.boe: Extracting text from: https://www.boe.es/diario_boe/txt.php?id=BOE-N-2026-261515
2026-05-13 04:18:11,643 [INFO] 2026-05-13 04:18:11,642 [INFO] nadia_ai.utils.extraction: Lead 446: Tier B, heirs=0
2026-05-13 04:18:11,643 [INFO] 2026-05-13 04:18:11,643 [INFO] nadia_ai.scrapers.boe: Extracting text from: https://www.boe.es/diario_boe/txt.php?id=BOE-N-2026-261516
2026-05-13 04:18:15,285 [INFO] 2026-05-13 04:18:15,285 [INFO] nadia_ai.utils.extraction: Lead 447: Tier B, heirs=0
2026-05-13 04:18:15,285 [INFO] 2026-05-13 04:18:15,285 [INFO] nadia_ai.scrapers.boe: Extracting text from: https://www.boe.es/diario_boe/txt.php?id=BOE-N-2026-261521
2026-05-13 04:18:18,929 [INFO] 2026-05-13 04:18:18,929 [INFO] nadia_ai.utils.extraction: Lead 449: Tier B, heirs=0
2026-05-13 04:18:18,930 [INFO] 2026-05-13 04:18:18,929 [INFO] nadia_ai.scrapers.boe: Extracting text from: https://www.boe.es/diario_boe/txt.php?id=BOE-N-2026-261524
2026-05-13 04:18:22,533 [INFO] 2026-05-13 04:18:22,532 [INFO] nadia_ai.utils.extraction: Lead 450: Tier B, heirs=0
2026-05-13 04:18:22,533 [INFO] 2026-05-13 04:18:22,533 [INFO] nadia_ai.scrapers.boe: Extracting text from: https://www.boe.es/diario_boe/txt.php?id=BOE-N-2026-261534
2026-05-13 04:18:26,156 [INFO] 2026-05-13 04:18:26,156 [INFO] nadia_ai.utils.extraction: Lead 451: Tier B, heirs=0
2026-05-13 04:18:26,156 [INFO] 2026-05-13 04:18:26,156 [INFO] nadia_ai.scrapers.boe: Extracting text from: https://www.boe.es/diario_boe/txt.php?id=BOE-N-2026-261547
2026-05-13 04:18:29,792 [INFO] 2026-05-13 04:18:29,792 [INFO] nadia_ai.utils.extraction: Lead 452: Tier B, heirs=0
2026-05-13 04:18:29,792 [INFO] 2026-05-13 04:18:29,792 [INFO] nadia_ai.scrapers.boe: Extracting text from: https://www.boe.es/diario_boe/txt.php?id=BOE-N-2026-261592
2026-05-13 04:18:33,425 [INFO] 2026-05-13 04:18:33,425 [INFO] nadia_ai.utils.extraction: Lead 454: Tier B, heirs=0
2026-05-13 04:18:33,425 [INFO] 2026-05-13 04:18:33,425 [INFO] nadia_ai.scrapers.boe: Extracting text from: https://www.boe.es/diario_boe/txt.php?id=BOE-N-2026-261595
2026-05-13 04:18:37,048 [INFO] 2026-05-13 04:18:37,048 [INFO] nadia_ai.utils.extraction: Lead 455: Tier B, heirs=0
2026-05-13 04:18:37,048 [INFO] 2026-05-13 04:18:37,048 [INFO] nadia_ai.scrapers.boe: Extracting text from: https://www.boe.es/diario_boe/txt.php?id=BOE-N-2026-261603
2026-05-13 04:18:40,668 [INFO] 2026-05-13 04:18:40,668 [INFO] nadia_ai.utils.extraction: Lead 456: Tier B, heirs=0
2026-05-13 04:18:40,668 [INFO] 2026-05-13 04:18:40,668 [INFO] nadia_ai.scrapers.boe: Extracting text from: https://www.boe.es/diario_boe/txt.php?id=BOE-N-2026-253554
2026-05-13 04:18:44,306 [INFO] 2026-05-13 04:18:44,306 [INFO] nadia_ai.utils.extraction: Lead 458: Tier B, heirs=0
2026-05-13 04:18:44,306 [INFO] 2026-05-13 04:18:44,306 [INFO] nadia_ai.scrapers.boe: Extracting text from: https://www.boe.es/diario_boe/txt.php?id=BOE-N-2026-253801
2026-05-13 04:18:47,926 [INFO] 2026-05-13 04:18:47,926 [INFO] nadia_ai.utils.extraction: Lead 459: Tier B, heirs=0
2026-05-13 04:18:47,926 [INFO] 2026-05-13 04:18:47,926 [INFO] nadia_ai.scrapers.boe: Extracting text from: https://www.boe.es/diario_boe/txt.php?id=BOE-N-2026-255289
2026-05-13 04:18:51,559 [INFO] 2026-05-13 04:18:51,559 [INFO] nadia_ai.utils.extraction: Lead 460: Tier B, heirs=0
2026-05-13 04:18:51,559 [INFO] 2026-05-13 04:18:51,559 [INFO] nadia_ai.scrapers.boe: Extracting text from: https://www.boe.es/diario_boe/txt.php?id=BOE-N-2026-255304
2026-05-13 04:18:55,189 [INFO] 2026-05-13 04:18:55,189 [INFO] nadia_ai.utils.extraction: Lead 462: Tier B, heirs=0
2026-05-13 04:18:55,190 [INFO] 2026-05-13 04:18:55,189 [INFO] nadia_ai.scrapers.boe: Extracting text from: https://www.boe.es/diario_boe/txt.php?id=BOE-N-2026-255311
2026-05-13 04:18:58,826 [INFO] 2026-05-13 04:18:58,826 [INFO] nadia_ai.utils.extraction: Lead 463: Tier B, heirs=0
2026-05-13 04:18:58,826 [INFO] 2026-05-13 04:18:58,826 [INFO] nadia_ai.scrapers.boe: Extracting text from: https://www.boe.es/diario_boe/txt.php?id=BOE-N-2026-255326
2026-05-13 04:19:02,525 [INFO] 2026-05-13 04:19:02,524 [INFO] nadia_ai.utils.extraction: Lead 465: Tier B, heirs=0
2026-05-13 04:19:02,525 [INFO] 2026-05-13 04:19:02,525 [INFO] nadia_ai.scrapers.boe: Extracting text from: https://www.boe.es/diario_boe/txt.php?id=BOE-N-2026-255328
2026-05-13 04:19:06,168 [INFO] 2026-05-13 04:19:06,168 [INFO] nadia_ai.utils.extraction: Lead 466: Tier B, heirs=0
2026-05-13 04:19:06,169 [INFO] 2026-05-13 04:19:06,168 [INFO] nadia_ai.scrapers.boe: Extracting text from: https://www.boe.es/diario_boe/txt.php?id=BOE-N-2026-255329
2026-05-13 04:19:09,835 [INFO] 2026-05-13 04:19:09,835 [INFO] nadia_ai.utils.extraction: Lead 467: Tier B, heirs=0
2026-05-13 04:19:09,835 [INFO] 2026-05-13 04:19:09,835 [INFO] nadia_ai.scrapers.boe: Extracting text from: https://www.boe.es/diario_boe/txt.php?id=BOE-N-2026-255334
2026-05-13 04:19:13,597 [INFO] 2026-05-13 04:19:13,597 [INFO] nadia_ai.utils.extraction: Lead 468: Tier B, heirs=0
2026-05-13 04:19:13,597 [INFO] 2026-05-13 04:19:13,597 [INFO] nadia_ai.scrapers.boe: Extracting text from: https://www.boe.es/diario_boe/txt.php?id=BOE-N-2026-255336
2026-05-13 04:19:17,383 [INFO] 2026-05-13 04:19:17,383 [INFO] nadia_ai.utils.extraction: Lead 469: Tier B, heirs=0
2026-05-13 04:19:17,384 [INFO] 2026-05-13 04:19:17,383 [INFO] nadia_ai.scrapers.boe: Extracting text from: https://www.boe.es/diario_boe/txt.php?id=BOE-N-2026-255355
2026-05-13 04:19:20,978 [INFO] 2026-05-13 04:19:20,977 [INFO] nadia_ai.utils.extraction: Lead 470: Tier B, heirs=0
2026-05-13 04:19:20,978 [INFO] 2026-05-13 04:19:20,977 [INFO] nadia_ai.scrapers.boe: Extracting text from: https://www.boe.es/diario_boe/txt.php?id=BOE-N-2026-255358
2026-05-13 04:19:24,592 [INFO] 2026-05-13 04:19:24,592 [INFO] nadia_ai.utils.extraction: Lead 471: Tier B, heirs=0
2026-05-13 04:19:24,593 [INFO] 2026-05-13 04:19:24,592 [INFO] nadia_ai.scrapers.boe: Extracting text from: https://www.boe.es/diario_boe/txt.php?id=BOE-N-2026-255362
2026-05-13 04:19:28,223 [INFO] 2026-05-13 04:19:28,223 [INFO] nadia_ai.utils.extraction: Lead 472: Tier B, heirs=0
2026-05-13 04:19:28,223 [INFO] 2026-05-13 04:19:28,223 [INFO] nadia_ai.scrapers.boe: Extracting text from: https://www.boe.es/diario_boe/txt.php?id=BOE-N-2026-255378
2026-05-13 04:19:31,855 [INFO] 2026-05-13 04:19:31,854 [INFO] nadia_ai.utils.extraction: Lead 473: Tier B, heirs=0
2026-05-13 04:19:31,855 [INFO] 2026-05-13 04:19:31,855 [INFO] nadia_ai.scrapers.boe: Extracting text from: https://www.boe.es/diario_boe/txt.php?id=BOE-N-2026-255379
2026-05-13 04:19:35,486 [INFO] 2026-05-13 04:19:35,486 [INFO] nadia_ai.utils.extraction: Lead 474: Tier B, heirs=0
2026-05-13 04:19:35,486 [INFO] 2026-05-13 04:19:35,486 [INFO] nadia_ai.scrapers.boe: Extracting text from: https://www.boe.es/diario_boe/txt.php?id=BOE-N-2026-255380
2026-05-13 04:19:39,104 [INFO] 2026-05-13 04:19:39,104 [INFO] nadia_ai.utils.extraction: Lead 475: Tier B, heirs=0
2026-05-13 04:19:39,104 [INFO] 2026-05-13 04:19:39,104 [INFO] nadia_ai.scrapers.boe: Extracting text from: https://www.boe.es/diario_boe/txt.php?id=BOE-N-2026-255383
2026-05-13 04:19:42,708 [INFO] 2026-05-13 04:19:42,708 [INFO] nadia_ai.utils.extraction: Lead 476: Tier B, heirs=0
2026-05-13 04:19:42,708 [INFO] 2026-05-13 04:19:42,708 [INFO] nadia_ai.scrapers.boe: Extracting text from: https://www.boe.es/diario_boe/txt.php?id=BOE-N-2026-255644
2026-05-13 04:19:46,344 [INFO] 2026-05-13 04:19:46,344 [INFO] nadia_ai.utils.extraction: Lead 477: Tier B, heirs=0
2026-05-13 04:19:46,344 [INFO] 2026-05-13 04:19:46,344 [INFO] nadia_ai.scrapers.boe: Extracting text from: https://www.boe.es/diario_boe/txt.php?id=BOE-N-2026-252411
2026-05-13 04:19:49,975 [INFO] 2026-05-13 04:19:49,975 [INFO] nadia_ai.utils.extraction: Lead 479: Tier B, heirs=0
2026-05-13 04:19:49,975 [INFO] 2026-05-13 04:19:49,975 [INFO] nadia_ai.scrapers.boe: Extracting text from: https://www.boe.es/diario_boe/txt.php?id=BOE-N-2026-252412
2026-05-13 04:19:53,566 [INFO] 2026-05-13 04:19:53,566 [INFO] nadia_ai.utils.extraction: Lead 480: Tier B, heirs=0
2026-05-13 04:19:53,566 [INFO] 2026-05-13 04:19:53,566 [INFO] nadia_ai.scrapers.boe: Extracting text from: https://www.boe.es/diario_boe/txt.php?id=BOE-N-2026-252413
2026-05-13 04:19:57,201 [INFO] 2026-05-13 04:19:57,201 [INFO] nadia_ai.utils.extraction: Lead 481: Tier B, heirs=0
2026-05-13 04:19:57,201 [INFO] 2026-05-13 04:19:57,201 [INFO] nadia_ai.scrapers.boe: Extracting text from: https://www.boe.es/diario_boe/txt.php?id=BOE-N-2026-252419
2026-05-13 04:20:00,848 [INFO] 2026-05-13 04:20:00,848 [INFO] nadia_ai.utils.extraction: Lead 482: Tier B, heirs=0
2026-05-13 04:20:00,848 [INFO] 2026-05-13 04:20:00,848 [INFO] nadia_ai.scrapers.boe: Extracting text from: https://www.boe.es/diario_boe/txt.php?id=BOE-N-2026-252659
2026-05-13 04:20:04,458 [INFO] 2026-05-13 04:20:04,458 [INFO] nadia_ai.utils.extraction: Lead 483: Tier B, heirs=0
2026-05-13 04:20:04,458 [INFO] 2026-05-13 04:20:04,458 [INFO] nadia_ai.scrapers.boe: Extracting text from: https://www.boe.es/diario_boe/txt.php?id=BOE-N-2026-249956
2026-05-13 04:20:08,103 [INFO] 2026-05-13 04:20:08,103 [INFO] nadia_ai.utils.extraction: Lead 484: Tier B, heirs=0
2026-05-13 04:20:08,104 [INFO] 2026-05-13 04:20:08,103 [INFO] nadia_ai.scrapers.boe: Extracting text from: https://www.boe.es/diario_boe/txt.php?id=BOE-N-2026-244774
2026-05-13 04:20:11,718 [INFO] 2026-05-13 04:20:11,718 [INFO] nadia_ai.utils.extraction: Lead 485: Tier B, heirs=0
2026-05-13 04:20:11,718 [INFO] 2026-05-13 04:20:11,718 [INFO] nadia_ai.scrapers.boe: Extracting text from: https://www.boe.es/diario_boe/txt.php?id=BOE-N-2026-248839
2026-05-13 04:20:15,335 [INFO] 2026-05-13 04:20:15,335 [INFO] nadia_ai.utils.extraction: Lead 487: Tier B, heirs=0
2026-05-13 04:20:15,335 [INFO] 2026-05-13 04:20:15,335 [INFO] nadia_ai.scrapers.boe: Extracting text from: https://www.boe.es/diario_boe/txt.php?id=BOE-N-2026-248843
2026-05-13 04:20:18,939 [INFO] 2026-05-13 04:20:18,939 [INFO] nadia_ai.utils.extraction: Lead 488: Tier B, heirs=0
2026-05-13 04:20:18,939 [INFO] 2026-05-13 04:20:18,939 [INFO] nadia_ai.scrapers.boe: Extracting text from: https://www.boe.es/diario_boe/txt.php?id=BOE-N-2026-248870
2026-05-13 04:20:22,570 [INFO] 2026-05-13 04:20:22,570 [INFO] nadia_ai.utils.extraction: Lead 491: Tier B, heirs=0
2026-05-13 04:20:22,570 [INFO] 2026-05-13 04:20:22,570 [INFO] nadia_ai.scrapers.boe: Extracting text from: https://www.boe.es/diario_boe/txt.php?id=BOE-N-2026-248871
2026-05-13 04:20:26,225 [INFO] 2026-05-13 04:20:26,225 [INFO] nadia_ai.utils.extraction: Lead 492: Tier B, heirs=0
2026-05-13 04:20:26,225 [INFO] 2026-05-13 04:20:26,225 [INFO] nadia_ai.scrapers.boe: Extracting text from: https://www.boe.es/diario_boe/txt.php?id=BOE-N-2026-248873
2026-05-13 04:20:29,819 [INFO] 2026-05-13 04:20:29,819 [INFO] nadia_ai.utils.extraction: Lead 493: Tier B, heirs=0
2026-05-13 04:20:29,819 [INFO] 2026-05-13 04:20:29,819 [INFO] nadia_ai.scrapers.boe: Extracting text from: https://www.boe.es/diario_boe/txt.php?id=BOE-N-2026-248898
2026-05-13 04:20:33,425 [INFO] 2026-05-13 04:20:33,424 [INFO] nadia_ai.utils.extraction: Lead 494: Tier B, heirs=0
2026-05-13 04:20:33,425 [INFO] 2026-05-13 04:20:33,424 [INFO] nadia_ai.scrapers.boe: Extracting text from: https://www.boe.es/diario_boe/txt.php?id=BOE-N-2026-249223
2026-05-13 04:20:37,058 [INFO] 2026-05-13 04:20:37,058 [INFO] nadia_ai.utils.extraction: Lead 495: Tier B, heirs=0
2026-05-13 04:20:37,058 [INFO] 2026-05-13 04:20:37,058 [INFO] nadia_ai.scrapers.boe: Extracting text from: https://www.boe.es/diario_boe/txt.php?id=BOE-N-2026-249224
2026-05-13 04:20:40,697 [INFO] 2026-05-13 04:20:40,696 [INFO] nadia_ai.utils.extraction: Lead 496: Tier B, heirs=0
2026-05-13 04:20:40,697 [INFO] 2026-05-13 04:20:40,697 [INFO] nadia_ai.scrapers.boe: Extracting text from: https://www.boe.es/diario_boe/txt.php?id=BOE-N-2026-249225
2026-05-13 04:20:44,316 [INFO] 2026-05-13 04:20:44,316 [INFO] nadia_ai.utils.extraction: Lead 497: Tier B, heirs=0
2026-05-13 04:20:44,316 [INFO] 2026-05-13 04:20:44,316 [INFO] nadia_ai.scrapers.boe: Extracting text from: https://www.boe.es/diario_boe/txt.php?id=BOE-N-2026-249239
2026-05-13 04:20:47,943 [INFO] 2026-05-13 04:20:47,943 [INFO] nadia_ai.utils.extraction: Lead 498: Tier B, heirs=0
2026-05-13 04:20:47,943 [INFO] 2026-05-13 04:20:47,943 [INFO] nadia_ai.scrapers.boe: Extracting text from: https://www.boe.es/diario_boe/txt.php?id=BOE-N-2026-249691
2026-05-13 04:20:51,570 [INFO] 2026-05-13 04:20:51,569 [INFO] nadia_ai.utils.extraction: Lead 499: Tier B, heirs=0
2026-05-13 04:20:51,570 [INFO] 2026-05-13 04:20:51,570 [INFO] nadia_ai.extraction_loop: Enriched 109 leads in this batch. Total so far: 436
2026-05-13 04:20:51,570 [INFO] 2026-05-13 04:20:51,570 [INFO] nadia_ai.extraction_loop: Starting extraction batch...
2026-05-13 04:20:51,571 [INFO] 2026-05-13 04:20:51,571 [INFO] nadia_ai.scrapers.boe: Extracting text from: https://www.boe.es/diario_boe/txt.php?id=BOE-N-2026-241943
2026-05-13 04:20:55,182 [INFO] 2026-05-13 04:20:55,181 [INFO] nadia_ai.utils.extraction: Lead 500: Tier B, heirs=0
2026-05-13 04:20:55,182 [INFO] 2026-05-13 04:20:55,182 [INFO] nadia_ai.scrapers.boe: Extracting text from: https://www.boe.es/diario_boe/txt.php?id=BOE-N-2026-243491
2026-05-13 04:20:58,807 [INFO] 2026-05-13 04:20:58,807 [INFO] nadia_ai.utils.extraction: Lead 501: Tier B, heirs=0
2026-05-13 04:20:58,807 [INFO] 2026-05-13 04:20:58,807 [INFO] nadia_ai.scrapers.boe: Extracting text from: https://www.boe.es/diario_boe/txt.php?id=BOE-N-2026-243501
2026-05-13 04:21:02,472 [INFO] 2026-05-13 04:21:02,472 [INFO] nadia_ai.utils.extraction: Lead 502: Tier B, heirs=0
2026-05-13 04:21:02,472 [INFO] 2026-05-13 04:21:02,472 [INFO] nadia_ai.scrapers.boe: Extracting text from: https://www.boe.es/diario_boe/txt.php?id=BOE-N-2026-243521
2026-05-13 04:21:06,069 [INFO] 2026-05-13 04:21:06,069 [INFO] nadia_ai.utils.extraction: Lead 503: Tier B, heirs=0
2026-05-13 04:21:06,069 [INFO] 2026-05-13 04:21:06,069 [INFO] nadia_ai.scrapers.boe: Extracting text from: https://www.boe.es/diario_boe/txt.php?id=BOE-N-2026-243530
2026-05-13 04:21:09,689 [INFO] 2026-05-13 04:21:09,689 [INFO] nadia_ai.utils.extraction: Lead 504: Tier B, heirs=0
2026-05-13 04:21:09,689 [INFO] 2026-05-13 04:21:09,689 [INFO] nadia_ai.scrapers.boe: Extracting text from: https://www.boe.es/diario_boe/txt.php?id=BOE-N-2026-243533
2026-05-13 04:21:13,294 [INFO] 2026-05-13 04:21:13,294 [INFO] nadia_ai.utils.extraction: Lead 505: Tier B, heirs=0
2026-05-13 04:21:13,294 [INFO] 2026-05-13 04:21:13,294 [INFO] nadia_ai.scrapers.boe: Extracting text from: https://www.boe.es/diario_boe/txt.php?id=BOE-N-2026-243535
2026-05-13 04:21:16,922 [INFO] 2026-05-13 04:21:16,922 [INFO] nadia_ai.utils.extraction: Lead 506: Tier B, heirs=0
2026-05-13 04:21:16,922 [INFO] 2026-05-13 04:21:16,922 [INFO] nadia_ai.scrapers.boe: Extracting text from: https://www.boe.es/diario_boe/txt.php?id=BOE-N-2026-243536
2026-05-13 04:21:20,532 [INFO] 2026-05-13 04:21:20,532 [INFO] nadia_ai.utils.extraction: Lead 507: Tier B, heirs=0
2026-05-13 04:21:20,532 [INFO] 2026-05-13 04:21:20,532 [INFO] nadia_ai.scrapers.boe: Extracting text from: https://www.boe.es/diario_boe/txt.php?id=BOE-N-2026-243538
2026-05-13 04:21:24,170 [INFO] 2026-05-13 04:21:24,170 [INFO] nadia_ai.utils.extraction: Lead 508: Tier B, heirs=0
2026-05-13 04:21:24,170 [INFO] 2026-05-13 04:21:24,170 [INFO] nadia_ai.scrapers.boe: Extracting text from: https://www.boe.es/diario_boe/txt.php?id=BOE-N-2026-243539
2026-05-13 04:21:27,801 [INFO] 2026-05-13 04:21:27,801 [INFO] nadia_ai.utils.extraction: Lead 509: Tier B, heirs=0
2026-05-13 04:21:27,801 [INFO] 2026-05-13 04:21:27,801 [INFO] nadia_ai.scrapers.boe: Extracting text from: https://www.boe.es/diario_boe/txt.php?id=BOE-N-2026-243563
2026-05-13 04:21:31,414 [INFO] 2026-05-13 04:21:31,414 [INFO] nadia_ai.utils.extraction: Lead 513: Tier B, heirs=0
2026-05-13 04:21:31,414 [INFO] 2026-05-13 04:21:31,414 [INFO] nadia_ai.scrapers.boe: Extracting text from: https://www.boe.es/diario_boe/txt.php?id=BOE-N-2026-243565
2026-05-13 04:21:35,251 [INFO] 2026-05-13 04:21:35,251 [INFO] nadia_ai.utils.extraction: Lead 514: Tier B, heirs=0
2026-05-13 04:21:35,251 [INFO] 2026-05-13 04:21:35,251 [INFO] nadia_ai.scrapers.boe: Extracting text from: https://www.boe.es/diario_boe/txt.php?id=BOE-N-2026-243584
2026-05-13 04:21:38,882 [INFO] 2026-05-13 04:21:38,882 [INFO] nadia_ai.utils.extraction: Lead 516: Tier B, heirs=0
2026-05-13 04:21:38,882 [INFO] 2026-05-13 04:21:38,882 [INFO] nadia_ai.scrapers.boe: Extracting text from: https://www.boe.es/diario_boe/txt.php?id=BOE-N-2026-237455
2026-05-13 04:21:42,508 [INFO] 2026-05-13 04:21:42,508 [INFO] nadia_ai.utils.extraction: Lead 517: Tier B, heirs=0
2026-05-13 04:21:42,508 [INFO] 2026-05-13 04:21:42,508 [INFO] nadia_ai.scrapers.boe: Extracting text from: https://www.boe.es/diario_boe/txt.php?id=BOE-N-2026-238264
2026-05-13 04:21:46,146 [INFO] 2026-05-13 04:21:46,146 [INFO] nadia_ai.utils.extraction: Lead 518: Tier B, heirs=0
2026-05-13 04:21:46,146 [INFO] 2026-05-13 04:21:46,146 [INFO] nadia_ai.scrapers.boe: Extracting text from: https://www.boe.es/diario_boe/txt.php?id=BOE-N-2026-240332
2026-05-13 04:21:49,758 [INFO] 2026-05-13 04:21:49,758 [INFO] nadia_ai.utils.extraction: Lead 519: Tier B, heirs=0
2026-05-13 04:21:49,758 [INFO] 2026-05-13 04:21:49,758 [INFO] nadia_ai.scrapers.boe: Extracting text from: https://www.boe.es/diario_boe/txt.php?id=BOE-N-2026-240346
2026-05-13 04:21:53,372 [INFO] 2026-05-13 04:21:53,372 [INFO] nadia_ai.utils.extraction: Lead 520: Tier B, heirs=0
2026-05-13 04:21:53,372 [INFO] 2026-05-13 04:21:53,372 [INFO] nadia_ai.scrapers.boe: Extracting text from: https://www.boe.es/diario_boe/txt.php?id=BOE-N-2026-240349
2026-05-13 04:21:56,996 [INFO] 2026-05-13 04:21:56,996 [INFO] nadia_ai.utils.extraction: Lead 521: Tier B, heirs=0
2026-05-13 04:21:56,997 [INFO] 2026-05-13 04:21:56,996 [INFO] nadia_ai.scrapers.boe: Extracting text from: https://www.boe.es/diario_boe/txt.php?id=BOE-N-2026-240350
2026-05-13 04:22:00,615 [INFO] 2026-05-13 04:22:00,615 [INFO] nadia_ai.utils.extraction: Lead 522: Tier B, heirs=0
2026-05-13 04:22:00,615 [INFO] 2026-05-13 04:22:00,615 [INFO] nadia_ai.scrapers.boe: Extracting text from: https://www.boe.es/diario_boe/txt.php?id=BOE-N-2026-240359
2026-05-13 04:22:04,233 [INFO] 2026-05-13 04:22:04,233 [INFO] nadia_ai.utils.extraction: Lead 523: Tier B, heirs=0
2026-05-13 04:22:04,233 [INFO] 2026-05-13 04:22:04,233 [INFO] nadia_ai.scrapers.boe: Extracting text from: https://www.boe.es/diario_boe/txt.php?id=BOE-N-2026-240365
2026-05-13 04:22:07,859 [INFO] 2026-05-13 04:22:07,859 [INFO] nadia_ai.utils.extraction: Lead 524: Tier B, heirs=0
2026-05-13 04:22:07,859 [INFO] 2026-05-13 04:22:07,859 [INFO] nadia_ai.scrapers.boe: Extracting text from: https://www.boe.es/diario_boe/txt.php?id=BOE-N-2026-240373
2026-05-13 04:22:11,485 [INFO] 2026-05-13 04:22:11,485 [INFO] nadia_ai.utils.extraction: Lead 525: Tier B, heirs=0
2026-05-13 04:22:11,486 [INFO] 2026-05-13 04:22:11,485 [INFO] nadia_ai.scrapers.boe: Extracting text from: https://www.boe.es/diario_boe/txt.php?id=BOE-N-2026-240384
2026-05-13 04:22:16,133 [INFO] 2026-05-13 04:22:16,133 [INFO] nadia_ai.utils.extraction: Lead 526: Tier B, heirs=0
2026-05-13 04:22:16,134 [INFO] 2026-05-13 04:22:16,133 [INFO] nadia_ai.scrapers.boe: Extracting text from: https://www.boe.es/diario_boe/txt.php?id=BOE-N-2026-240416
2026-05-13 04:22:19,741 [INFO] 2026-05-13 04:22:19,741 [INFO] nadia_ai.utils.extraction: Lead 527: Tier B, heirs=0
2026-05-13 04:22:19,741 [INFO] 2026-05-13 04:22:19,741 [INFO] nadia_ai.scrapers.boe: Extracting text from: https://www.boe.es/diario_boe/txt.php?id=BOE-N-2026-240421
2026-05-13 04:22:23,364 [INFO] 2026-05-13 04:22:23,364 [INFO] nadia_ai.utils.extraction: Lead 528: Tier B, heirs=0
2026-05-13 04:22:23,364 [INFO] 2026-05-13 04:22:23,364 [INFO] nadia_ai.scrapers.boe: Extracting text from: https://www.boe.es/diario_boe/txt.php?id=BOE-N-2026-240720
2026-05-13 04:22:26,990 [INFO] 2026-05-13 04:22:26,990 [INFO] nadia_ai.utils.extraction: Lead 530: Tier B, heirs=0
2026-05-13 04:22:26,990 [INFO] 2026-05-13 04:22:26,990 [INFO] nadia_ai.scrapers.boe: Extracting text from: https://www.boe.es/diario_boe/txt.php?id=BOE-N-2026-241371
2026-05-13 04:22:30,633 [INFO] 2026-05-13 04:22:30,632 [INFO] nadia_ai.utils.extraction: Lead 531: Tier B, heirs=0
2026-05-13 04:22:30,633 [INFO] 2026-05-13 04:22:30,633 [INFO] nadia_ai.scrapers.boe: Extracting text from: https://www.boe.es/diario_boe/txt.php?id=BOE-N-2026-237214
2026-05-13 04:22:34,249 [INFO] 2026-05-13 04:22:34,249 [INFO] nadia_ai.utils.extraction: Lead 532: Tier B, heirs=0
2026-05-13 04:22:34,249 [INFO] 2026-05-13 04:22:34,249 [INFO] nadia_ai.scrapers.boe: Extracting text from: https://www.boe.es/diario_boe/txt.php?id=BOE-N-2026-235756
2026-05-13 04:22:37,877 [INFO] 2026-05-13 04:22:37,877 [INFO] nadia_ai.utils.extraction: Lead 533: Tier B, heirs=0
2026-05-13 04:22:37,877 [INFO] 2026-05-13 04:22:37,877 [INFO] nadia_ai.scrapers.boe: Extracting text from: https://www.boe.es/diario_boe/txt.php?id=BOE-N-2026-235763
2026-05-13 04:22:41,511 [INFO] 2026-05-13 04:22:41,511 [INFO] nadia_ai.utils.extraction: Lead 536: Tier B, heirs=0
2026-05-13 04:22:41,511 [INFO] 2026-05-13 04:22:41,511 [INFO] nadia_ai.scrapers.boe: Extracting text from: https://www.boe.es/diario_boe/txt.php?id=BOE-N-2026-235778
2026-05-13 04:22:45,140 [INFO] 2026-05-13 04:22:45,140 [INFO] nadia_ai.utils.extraction: Lead 539: Tier B, heirs=0
2026-05-13 04:22:45,140 [INFO] 2026-05-13 04:22:45,140 [INFO] nadia_ai.scrapers.boe: Extracting text from: https://www.boe.es/diario_boe/txt.php?id=BOE-N-2026-235793
2026-05-13 04:22:48,780 [INFO] 2026-05-13 04:22:48,780 [INFO] nadia_ai.utils.extraction: Lead 540: Tier B, heirs=0
2026-05-13 04:22:48,780 [INFO] 2026-05-13 04:22:48,780 [INFO] nadia_ai.scrapers.boe: Extracting text from: https://www.boe.es/diario_boe/txt.php?id=BOE-N-2026-235795
2026-05-13 04:22:52,397 [INFO] 2026-05-13 04:22:52,397 [INFO] nadia_ai.utils.extraction: Lead 541: Tier B, heirs=0
2026-05-13 04:22:52,397 [INFO] 2026-05-13 04:22:52,397 [INFO] nadia_ai.scrapers.boe: Extracting text from: https://www.boe.es/diario_boe/txt.php?id=BOE-N-2026-235804
2026-05-13 04:22:56,017 [INFO] 2026-05-13 04:22:56,017 [INFO] nadia_ai.utils.extraction: Lead 542: Tier B, heirs=0
2026-05-13 04:22:56,018 [INFO] 2026-05-13 04:22:56,017 [INFO] nadia_ai.scrapers.boe: Extracting text from: https://www.boe.es/diario_boe/txt.php?id=BOE-N-2026-235805
2026-05-13 04:22:59,654 [INFO] 2026-05-13 04:22:59,654 [INFO] nadia_ai.utils.extraction: Lead 543: Tier B, heirs=0
2026-05-13 04:22:59,654 [INFO] 2026-05-13 04:22:59,654 [INFO] nadia_ai.scrapers.boe: Extracting text from: https://www.boe.es/diario_boe/txt.php?id=BOE-N-2026-235815
2026-05-13 04:23:03,278 [INFO] 2026-05-13 04:23:03,278 [INFO] nadia_ai.utils.extraction: Lead 545: Tier B, heirs=0
2026-05-13 04:23:03,278 [INFO] 2026-05-13 04:23:03,278 [INFO] nadia_ai.scrapers.boe: Extracting text from: https://www.boe.es/diario_boe/txt.php?id=BOE-N-2026-235816
2026-05-13 04:23:06,913 [INFO] 2026-05-13 04:23:06,912 [INFO] nadia_ai.utils.extraction: Lead 546: Tier B, heirs=0
2026-05-13 04:23:06,913 [INFO] 2026-05-13 04:23:06,913 [INFO] nadia_ai.scrapers.boe: Extracting text from: https://www.boe.es/diario_boe/txt.php?id=BOE-N-2026-235817
2026-05-13 04:23:10,535 [INFO] 2026-05-13 04:23:10,534 [INFO] nadia_ai.utils.extraction: Lead 547: Tier B, heirs=0
2026-05-13 04:23:10,535 [INFO] 2026-05-13 04:23:10,534 [INFO] nadia_ai.scrapers.boe: Extracting text from: https://www.boe.es/diario_boe/txt.php?id=BOE-N-2026-235832
2026-05-13 04:23:14,263 [INFO] 2026-05-13 04:23:14,263 [INFO] nadia_ai.utils.extraction: Lead 551: Tier B, heirs=0
2026-05-13 04:23:14,263 [INFO] 2026-05-13 04:23:14,263 [INFO] nadia_ai.scrapers.boe: Extracting text from: https://www.boe.es/diario_boe/txt.php?id=BOE-N-2026-235847
2026-05-13 04:23:17,914 [INFO] 2026-05-13 04:23:17,914 [INFO] nadia_ai.utils.extraction: Lead 552: Tier B, heirs=0
2026-05-13 04:23:17,914 [INFO] 2026-05-13 04:23:17,914 [INFO] nadia_ai.scrapers.boe: Extracting text from: https://www.boe.es/diario_boe/txt.php?id=BOE-N-2026-235857
2026-05-13 04:23:21,582 [INFO] 2026-05-13 04:23:21,582 [INFO] nadia_ai.utils.extraction: Lead 554: Tier B, heirs=0
2026-05-13 04:23:21,583 [INFO] 2026-05-13 04:23:21,582 [INFO] nadia_ai.scrapers.boe: Extracting text from: https://www.boe.es/diario_boe/txt.php?id=BOE-N-2026-235859
2026-05-13 04:23:25,223 [INFO] 2026-05-13 04:23:25,223 [INFO] nadia_ai.utils.extraction: Lead 556: Tier B, heirs=0
2026-05-13 04:23:25,223 [INFO] 2026-05-13 04:23:25,223 [INFO] nadia_ai.scrapers.boe: Extracting text from: https://www.boe.es/diario_boe/txt.php?id=BOE-N-2026-236919
2026-05-13 04:23:28,852 [INFO] 2026-05-13 04:23:28,851 [INFO] nadia_ai.utils.extraction: Lead 557: Tier B, heirs=0
2026-05-13 04:23:28,852 [INFO] 2026-05-13 04:23:28,852 [INFO] nadia_ai.scrapers.boe: Extracting text from: https://www.boe.es/diario_boe/txt.php?id=BOE-N-2026-228344
2026-05-13 04:23:32,475 [INFO] 2026-05-13 04:23:32,475 [INFO] nadia_ai.utils.extraction: Lead 558: Tier B, heirs=0
2026-05-13 04:23:32,476 [INFO] 2026-05-13 04:23:32,475 [INFO] nadia_ai.scrapers.boe: Extracting text from: https://www.boe.es/diario_boe/txt.php?id=BOE-N-2026-230501
2026-05-13 04:23:36,101 [INFO] 2026-05-13 04:23:36,101 [INFO] nadia_ai.utils.extraction: Lead 559: Tier B, heirs=0
2026-05-13 04:23:36,101 [INFO] 2026-05-13 04:23:36,101 [INFO] nadia_ai.scrapers.boe: Extracting text from: https://www.boe.es/diario_boe/txt.php?id=BOE-N-2026-230509
2026-05-13 04:23:39,720 [INFO] 2026-05-13 04:23:39,720 [INFO] nadia_ai.utils.extraction: Lead 560: Tier B, heirs=0
2026-05-13 04:23:39,720 [INFO] 2026-05-13 04:23:39,720 [INFO] nadia_ai.scrapers.boe: Extracting text from: https://www.boe.es/diario_boe/txt.php?id=BOE-N-2026-230524
2026-05-13 04:23:43,346 [INFO] 2026-05-13 04:23:43,346 [INFO] nadia_ai.utils.extraction: Lead 562: Tier B, heirs=0
2026-05-13 04:23:43,346 [INFO] 2026-05-13 04:23:43,346 [INFO] nadia_ai.scrapers.boe: Extracting text from: https://www.boe.es/diario_boe/txt.php?id=BOE-N-2026-230525
2026-05-13 04:23:46,967 [INFO] 2026-05-13 04:23:46,967 [INFO] nadia_ai.utils.extraction: Lead 563: Tier B, heirs=0
2026-05-13 04:23:46,967 [INFO] 2026-05-13 04:23:46,967 [INFO] nadia_ai.scrapers.boe: Extracting text from: https://www.boe.es/diario_boe/txt.php?id=BOE-N-2026-230528
2026-05-13 04:23:50,589 [INFO] 2026-05-13 04:23:50,589 [INFO] nadia_ai.utils.extraction: Lead 564: Tier B, heirs=0
2026-05-13 04:23:50,589 [INFO] 2026-05-13 04:23:50,589 [INFO] nadia_ai.scrapers.boe: Extracting text from: https://www.boe.es/diario_boe/txt.php?id=BOE-N-2026-230533
2026-05-13 04:23:54,217 [INFO] 2026-05-13 04:23:54,217 [INFO] nadia_ai.utils.extraction: Lead 565: Tier B, heirs=0
2026-05-13 04:23:54,217 [INFO] 2026-05-13 04:23:54,217 [INFO] nadia_ai.scrapers.boe: Extracting text from: https://www.boe.es/diario_boe/txt.php?id=BOE-N-2026-230541
2026-05-13 04:23:57,844 [INFO] 2026-05-13 04:23:57,844 [INFO] nadia_ai.utils.extraction: Lead 566: Tier B, heirs=0
2026-05-13 04:23:57,845 [INFO] 2026-05-13 04:23:57,844 [INFO] nadia_ai.scrapers.boe: Extracting text from: https://www.boe.es/diario_boe/txt.php?id=BOE-N-2026-230554
2026-05-13 04:24:01,485 [INFO] 2026-05-13 04:24:01,485 [INFO] nadia_ai.utils.extraction: Lead 567: Tier B, heirs=0
2026-05-13 04:24:01,485 [INFO] 2026-05-13 04:24:01,485 [INFO] nadia_ai.scrapers.boe: Extracting text from: https://www.boe.es/diario_boe/txt.php?id=BOE-N-2026-230952
2026-05-13 04:24:05,094 [INFO] 2026-05-13 04:24:05,094 [INFO] nadia_ai.utils.extraction: Lead 568: Tier B, heirs=0
2026-05-13 04:24:05,094 [INFO] 2026-05-13 04:24:05,094 [INFO] nadia_ai.scrapers.boe: Extracting text from: https://www.boe.es/diario_boe/txt.php?id=BOE-N-2026-227071
2026-05-13 04:24:08,718 [INFO] 2026-05-13 04:24:08,717 [INFO] nadia_ai.utils.extraction: Lead 569: Tier B, heirs=0
2026-05-13 04:24:08,718 [INFO] 2026-05-13 04:24:08,718 [INFO] nadia_ai.scrapers.boe: Extracting text from: https://www.boe.es/diario_boe/txt.php?id=BOE-N-2026-227082
2026-05-13 04:24:12,344 [INFO] 2026-05-13 04:24:12,344 [INFO] nadia_ai.utils.extraction: Lead 570: Tier B, heirs=0
2026-05-13 04:24:12,344 [INFO] 2026-05-13 04:24:12,344 [INFO] nadia_ai.scrapers.boe: Extracting text from: https://www.boe.es/diario_boe/txt.php?id=BOE-N-2026-227089
2026-05-13 04:24:15,974 [INFO] 2026-05-13 04:24:15,974 [INFO] nadia_ai.utils.extraction: Lead 571: Tier B, heirs=0
2026-05-13 04:24:15,974 [INFO] 2026-05-13 04:24:15,974 [INFO] nadia_ai.scrapers.boe: Extracting text from: https://www.boe.es/diario_boe/txt.php?id=BOE-N-2026-227095
2026-05-13 04:24:19,591 [INFO] 2026-05-13 04:24:19,591 [INFO] nadia_ai.utils.extraction: Lead 572: Tier B, heirs=0
2026-05-13 04:24:19,591 [INFO] 2026-05-13 04:24:19,591 [INFO] nadia_ai.scrapers.boe: Extracting text from: https://www.boe.es/diario_boe/txt.php?id=BOE-N-2026-227099
2026-05-13 04:24:23,231 [INFO] 2026-05-13 04:24:23,231 [INFO] nadia_ai.utils.extraction: Lead 573: Tier B, heirs=0
2026-05-13 04:24:23,231 [INFO] 2026-05-13 04:24:23,231 [INFO] nadia_ai.scrapers.boe: Extracting text from: https://www.boe.es/diario_boe/txt.php?id=BOE-N-2026-227100
2026-05-13 04:24:26,864 [INFO] 2026-05-13 04:24:26,863 [INFO] nadia_ai.utils.extraction: Lead 574: Tier B, heirs=0
2026-05-13 04:24:26,864 [INFO] 2026-05-13 04:24:26,864 [INFO] nadia_ai.scrapers.boe: Extracting text from: https://www.boe.es/diario_boe/txt.php?id=BOE-N-2026-227101
2026-05-13 04:24:30,476 [INFO] 2026-05-13 04:24:30,476 [INFO] nadia_ai.utils.extraction: Lead 575: Tier B, heirs=0
2026-05-13 04:24:30,477 [INFO] 2026-05-13 04:24:30,476 [INFO] nadia_ai.scrapers.boe: Extracting text from: https://www.boe.es/diario_boe/txt.php?id=BOE-N-2026-227103
2026-05-13 04:24:34,100 [INFO] 2026-05-13 04:24:34,100 [INFO] nadia_ai.utils.extraction: Lead 576: Tier B, heirs=0
2026-05-13 04:24:34,101 [INFO] 2026-05-13 04:24:34,100 [INFO] nadia_ai.scrapers.boe: Extracting text from: https://www.boe.es/diario_boe/txt.php?id=BOE-N-2026-227149
2026-05-13 04:24:37,725 [INFO] 2026-05-13 04:24:37,725 [INFO] nadia_ai.utils.extraction: Lead 577: Tier B, heirs=0
2026-05-13 04:24:37,725 [INFO] 2026-05-13 04:24:37,725 [INFO] nadia_ai.scrapers.boe: Extracting text from: https://www.boe.es/diario_boe/txt.php?id=BOE-N-2026-227150
2026-05-13 04:24:41,432 [INFO] 2026-05-13 04:24:41,432 [INFO] nadia_ai.utils.extraction: Lead 578: Tier B, heirs=0
2026-05-13 04:24:41,433 [INFO] 2026-05-13 04:24:41,432 [INFO] nadia_ai.scrapers.boe: Extracting text from: https://www.boe.es/diario_boe/txt.php?id=BOE-N-2026-227156
2026-05-13 04:24:45,064 [INFO] 2026-05-13 04:24:45,064 [INFO] nadia_ai.utils.extraction: Lead 579: Tier B, heirs=0
2026-05-13 04:24:45,064 [INFO] 2026-05-13 04:24:45,064 [INFO] nadia_ai.scrapers.boe: Extracting text from: https://www.boe.es/diario_boe/txt.php?id=BOE-N-2026-227365
2026-05-13 04:24:48,733 [INFO] 2026-05-13 04:24:48,733 [INFO] nadia_ai.utils.extraction: Lead 580: Tier B, heirs=0
2026-05-13 04:24:48,734 [INFO] 2026-05-13 04:24:48,733 [INFO] nadia_ai.scrapers.boe: Extracting text from: https://www.boe.es/diario_boe/txt.php?id=BOE-N-2026-222239
2026-05-13 04:24:52,379 [INFO] 2026-05-13 04:24:52,378 [INFO] nadia_ai.utils.extraction: Lead 581: Tier B, heirs=0
2026-05-13 04:24:52,379 [INFO] 2026-05-13 04:24:52,379 [INFO] nadia_ai.scrapers.boe: Extracting text from: https://www.boe.es/diario_boe/txt.php?id=BOE-N-2026-222246
2026-05-13 04:24:56,036 [INFO] 2026-05-13 04:24:56,036 [INFO] nadia_ai.utils.extraction: Lead 583: Tier B, heirs=0
2026-05-13 04:24:56,036 [INFO] 2026-05-13 04:24:56,036 [INFO] nadia_ai.scrapers.boe: Extracting text from: https://www.boe.es/diario_boe/txt.php?id=BOE-N-2026-222247
2026-05-13 04:24:59,712 [INFO] 2026-05-13 04:24:59,712 [INFO] nadia_ai.utils.extraction: Lead 584: Tier B, heirs=0
2026-05-13 04:24:59,712 [INFO] 2026-05-13 04:24:59,712 [INFO] nadia_ai.scrapers.boe: Extracting text from: https://www.boe.es/diario_boe/txt.php?id=BOE-N-2026-222249
2026-05-13 04:25:03,343 [INFO] 2026-05-13 04:25:03,343 [INFO] nadia_ai.utils.extraction: Lead 585: Tier B, heirs=0
2026-05-13 04:25:03,344 [INFO] 2026-05-13 04:25:03,343 [INFO] nadia_ai.scrapers.boe: Extracting text from: https://www.boe.es/diario_boe/txt.php?id=BOE-N-2026-222251
2026-05-13 04:25:07,118 [INFO] 2026-05-13 04:25:07,118 [INFO] nadia_ai.utils.extraction: Lead 586: Tier B, heirs=0
2026-05-13 04:25:07,118 [INFO] 2026-05-13 04:25:07,118 [INFO] nadia_ai.scrapers.boe: Extracting text from: https://www.boe.es/diario_boe/txt.php?id=BOE-N-2026-222254
2026-05-13 04:25:10,821 [INFO] 2026-05-13 04:25:10,821 [INFO] nadia_ai.utils.extraction: Lead 587: Tier B, heirs=0
2026-05-13 04:25:10,821 [INFO] 2026-05-13 04:25:10,821 [INFO] nadia_ai.scrapers.boe: Extracting text from: https://www.boe.es/diario_boe/txt.php?id=BOE-N-2026-222266
2026-05-13 04:25:14,461 [INFO] 2026-05-13 04:25:14,461 [INFO] nadia_ai.utils.extraction: Lead 588: Tier B, heirs=0
2026-05-13 04:25:14,461 [INFO] 2026-05-13 04:25:14,461 [INFO] nadia_ai.scrapers.boe: Extracting text from: https://www.boe.es/diario_boe/txt.php?id=BOE-N-2026-222269
2026-05-13 04:25:18,133 [INFO] 2026-05-13 04:25:18,133 [INFO] nadia_ai.utils.extraction: Lead 589: Tier B, heirs=0
2026-05-13 04:25:18,133 [INFO] 2026-05-13 04:25:18,133 [INFO] nadia_ai.scrapers.boe: Extracting text from: https://www.boe.es/diario_boe/txt.php?id=BOE-N-2026-222284
2026-05-13 04:25:21,781 [INFO] 2026-05-13 04:25:21,781 [INFO] nadia_ai.utils.extraction: Lead 590: Tier B, heirs=0
2026-05-13 04:25:21,782 [INFO] 2026-05-13 04:25:21,781 [INFO] nadia_ai.scrapers.boe: Extracting text from: https://www.boe.es/diario_boe/txt.php?id=BOE-N-2026-222291
2026-05-13 04:25:25,420 [INFO] 2026-05-13 04:25:25,420 [INFO] nadia_ai.utils.extraction: Lead 592: Tier B, heirs=0
2026-05-13 04:25:25,420 [INFO] 2026-05-13 04:25:25,420 [INFO] nadia_ai.scrapers.boe: Extracting text from: https://www.boe.es/diario_boe/txt.php?id=BOE-N-2026-222325
2026-05-13 04:25:29,071 [INFO] 2026-05-13 04:25:29,071 [INFO] nadia_ai.utils.extraction: Lead 593: Tier B, heirs=0
2026-05-13 04:25:29,071 [INFO] 2026-05-13 04:25:29,071 [INFO] nadia_ai.scrapers.boe: Extracting text from: https://www.boe.es/diario_boe/txt.php?id=BOE-N-2026-222326
2026-05-13 04:25:32,679 [INFO] 2026-05-13 04:25:32,678 [INFO] nadia_ai.utils.extraction: Lead 594: Tier B, heirs=0
2026-05-13 04:25:32,679 [INFO] 2026-05-13 04:25:32,679 [INFO] nadia_ai.scrapers.boe: Extracting text from: https://www.boe.es/diario_boe/txt.php?id=BOE-N-2026-222571
2026-05-13 04:25:36,293 [INFO] 2026-05-13 04:25:36,293 [INFO] nadia_ai.utils.extraction: Lead 595: Tier B, heirs=0
2026-05-13 04:25:36,293 [INFO] 2026-05-13 04:25:36,293 [INFO] nadia_ai.scrapers.boe: Extracting text from: https://www.boe.es/diario_boe/txt.php?id=BOE-N-2026-222574
2026-05-13 04:25:39,932 [INFO] 2026-05-13 04:25:39,932 [INFO] nadia_ai.utils.extraction: Lead 596: Tier B, heirs=0
2026-05-13 04:25:39,932 [INFO] 2026-05-13 04:25:39,932 [INFO] nadia_ai.scrapers.boe: Extracting text from: https://www.boe.es/diario_boe/txt.php?id=BOE-N-2026-222984
2026-05-13 04:25:43,561 [INFO] 2026-05-13 04:25:43,561 [INFO] nadia_ai.utils.extraction: Lead 597: Tier B, heirs=0
2026-05-13 04:25:43,561 [INFO] 2026-05-13 04:25:43,561 [INFO] nadia_ai.scrapers.boe: Extracting text from: https://www.boe.es/diario_boe/txt.php?id=BOE-N-2026-217678
2026-05-13 04:25:47,153 [INFO] 2026-05-13 04:25:47,153 [INFO] nadia_ai.utils.extraction: Lead 598: Tier B, heirs=0
2026-05-13 04:25:47,153 [INFO] 2026-05-13 04:25:47,153 [INFO] nadia_ai.scrapers.boe: Extracting text from: https://www.boe.es/diario_boe/txt.php?id=BOE-N-2026-219259
2026-05-13 04:25:50,804 [INFO] 2026-05-13 04:25:50,804 [INFO] nadia_ai.utils.extraction: Lead 599: Tier B, heirs=0
2026-05-13 04:25:50,805 [INFO] 2026-05-13 04:25:50,804 [INFO] nadia_ai.scrapers.boe: Extracting text from: https://www.boe.es/diario_boe/txt.php?id=BOE-N-2026-219271
2026-05-13 04:25:54,310 [INFO] 2026-05-13 04:25:54,310 [INFO] nadia_ai.utils.extraction: Lead 600: Tier B, heirs=0
2026-05-13 04:25:54,310 [INFO] 2026-05-13 04:25:54,310 [INFO] nadia_ai.scrapers.boe: Extracting text from: https://www.boe.es/diario_boe/txt.php?id=BOE-N-2026-219285
2026-05-13 04:25:57,952 [INFO] 2026-05-13 04:25:57,952 [INFO] nadia_ai.utils.extraction: Lead 601: Tier B, heirs=0
2026-05-13 04:25:57,952 [INFO] 2026-05-13 04:25:57,952 [INFO] nadia_ai.scrapers.boe: Extracting text from: https://www.boe.es/diario_boe/txt.php?id=BOE-N-2026-219286
2026-05-13 04:26:01,612 [INFO] 2026-05-13 04:26:01,611 [INFO] nadia_ai.utils.extraction: Lead 602: Tier B, heirs=0
2026-05-13 04:26:01,612 [INFO] 2026-05-13 04:26:01,611 [INFO] nadia_ai.scrapers.boe: Extracting text from: https://www.boe.es/diario_boe/txt.php?id=BOE-N-2026-219288
2026-05-13 04:26:05,269 [INFO] 2026-05-13 04:26:05,269 [INFO] nadia_ai.utils.extraction: Lead 603: Tier B, heirs=0
2026-05-13 04:26:05,270 [INFO] 2026-05-13 04:26:05,269 [INFO] nadia_ai.scrapers.boe: Extracting text from: https://www.boe.es/diario_boe/txt.php?id=BOE-N-2026-219292
2026-05-13 04:26:08,899 [INFO] 2026-05-13 04:26:08,899 [INFO] nadia_ai.utils.extraction: Lead 604: Tier B, heirs=0
2026-05-13 04:26:08,899 [INFO] 2026-05-13 04:26:08,899 [INFO] nadia_ai.scrapers.boe: Extracting text from: https://www.boe.es/diario_boe/txt.php?id=BOE-N-2026-219466
2026-05-13 04:26:12,529 [INFO] 2026-05-13 04:26:12,529 [INFO] nadia_ai.utils.extraction: Lead 606: Tier B, heirs=0
2026-05-13 04:26:12,529 [INFO] 2026-05-13 04:26:12,529 [INFO] nadia_ai.scrapers.boe: Extracting text from: https://www.boe.es/diario_boe/txt.php?id=BOE-N-2026-219614
2026-05-13 04:26:16,156 [INFO] 2026-05-13 04:26:16,156 [INFO] nadia_ai.utils.extraction: Lead 607: Tier B, heirs=0
2026-05-13 04:26:16,156 [INFO] 2026-05-13 04:26:16,156 [INFO] nadia_ai.scrapers.boe: Extracting text from: https://www.boe.es/diario_boe/txt.php?id=BOE-N-2026-219999
2026-05-13 04:26:19,801 [INFO] 2026-05-13 04:26:19,801 [INFO] nadia_ai.utils.extraction: Lead 608: Tier B, heirs=0
2026-05-13 04:26:19,801 [INFO] 2026-05-13 04:26:19,801 [INFO] nadia_ai.scrapers.boe: Extracting text from: https://www.boe.es/diario_boe/txt.php?id=BOE-N-2026-216336
2026-05-13 04:26:23,415 [INFO] 2026-05-13 04:26:23,415 [INFO] nadia_ai.utils.extraction: Lead 609: Tier B, heirs=0
2026-05-13 04:26:23,415 [INFO] 2026-05-13 04:26:23,415 [INFO] nadia_ai.scrapers.boe: Extracting text from: https://www.boe.es/diario_boe/txt.php?id=BOE-N-2026-211250
2026-05-13 04:26:27,039 [INFO] 2026-05-13 04:26:27,038 [INFO] nadia_ai.utils.extraction: Lead 610: Tier B, heirs=0
2026-05-13 04:26:27,039 [INFO] 2026-05-13 04:26:27,038 [INFO] nadia_ai.scrapers.boe: Extracting text from: https://www.boe.es/diario_boe/txt.php?id=BOE-N-2026-212680
2026-05-13 04:26:30,662 [INFO] 2026-05-13 04:26:30,662 [INFO] nadia_ai.utils.extraction: Lead 611: Tier B, heirs=0
2026-05-13 04:26:30,662 [INFO] 2026-05-13 04:26:30,662 [INFO] nadia_ai.scrapers.boe: Extracting text from: https://www.boe.es/diario_boe/txt.php?id=BOE-N-2026-214871
2026-05-13 04:26:34,284 [INFO] 2026-05-13 04:26:34,284 [INFO] nadia_ai.utils.extraction: Lead 613: Tier B, heirs=0
2026-05-13 04:26:34,285 [INFO] 2026-05-13 04:26:34,284 [INFO] nadia_ai.scrapers.boe: Extracting text from: https://www.boe.es/diario_boe/txt.php?id=BOE-N-2026-214873
2026-05-13 04:26:37,907 [INFO] 2026-05-13 04:26:37,907 [INFO] nadia_ai.utils.extraction: Lead 615: Tier B, heirs=0
2026-05-13 04:26:37,907 [INFO] 2026-05-13 04:26:37,907 [INFO] nadia_ai.scrapers.boe: Extracting text from: https://www.boe.es/diario_boe/txt.php?id=BOE-N-2026-214874
2026-05-13 04:26:41,541 [INFO] 2026-05-13 04:26:41,540 [INFO] nadia_ai.utils.extraction: Lead 616: Tier B, heirs=0
2026-05-13 04:26:41,541 [INFO] 2026-05-13 04:26:41,541 [INFO] nadia_ai.scrapers.boe: Extracting text from: https://www.boe.es/diario_boe/txt.php?id=BOE-N-2026-214881
2026-05-13 04:26:45,161 [INFO] 2026-05-13 04:26:45,161 [INFO] nadia_ai.utils.extraction: Lead 618: Tier B, heirs=0
2026-05-13 04:26:45,161 [INFO] 2026-05-13 04:26:45,161 [INFO] nadia_ai.scrapers.boe: Extracting text from: https://www.boe.es/diario_boe/txt.php?id=BOE-N-2026-214882
2026-05-13 04:26:48,774 [INFO] 2026-05-13 04:26:48,773 [INFO] nadia_ai.utils.extraction: Lead 619: Tier B, heirs=0
2026-05-13 04:26:48,774 [INFO] 2026-05-13 04:26:48,774 [INFO] nadia_ai.scrapers.boe: Extracting text from: https://www.boe.es/diario_boe/txt.php?id=BOE-N-2026-214888
2026-05-13 04:26:52,413 [INFO] 2026-05-13 04:26:52,413 [INFO] nadia_ai.utils.extraction: Lead 620: Tier B, heirs=0
2026-05-13 04:26:52,414 [INFO] 2026-05-13 04:26:52,413 [INFO] nadia_ai.scrapers.boe: Extracting text from: https://www.boe.es/diario_boe/txt.php?id=BOE-N-2026-214911
2026-05-13 04:26:56,056 [INFO] 2026-05-13 04:26:56,056 [INFO] nadia_ai.utils.extraction: Lead 621: Tier B, heirs=0
2026-05-13 04:26:56,056 [INFO] 2026-05-13 04:26:56,056 [INFO] nadia_ai.scrapers.boe: Extracting text from: https://www.boe.es/diario_boe/txt.php?id=BOE-N-2026-214912
2026-05-13 04:26:59,684 [INFO] 2026-05-13 04:26:59,684 [INFO] nadia_ai.utils.extraction: Lead 622: Tier B, heirs=0
2026-05-13 04:26:59,684 [INFO] 2026-05-13 04:26:59,684 [INFO] nadia_ai.scrapers.boe: Extracting text from: https://www.boe.es/diario_boe/txt.php?id=BOE-N-2026-214915
2026-05-13 04:27:03,292 [INFO] 2026-05-13 04:27:03,292 [INFO] nadia_ai.utils.extraction: Lead 623: Tier B, heirs=0
2026-05-13 04:27:03,293 [INFO] 2026-05-13 04:27:03,292 [INFO] nadia_ai.scrapers.boe: Extracting text from: https://www.boe.es/diario_boe/txt.php?id=BOE-N-2026-214921
2026-05-13 04:27:06,929 [INFO] 2026-05-13 04:27:06,929 [INFO] nadia_ai.utils.extraction: Lead 624: Tier B, heirs=0
2026-05-13 04:27:06,929 [INFO] 2026-05-13 04:27:06,929 [INFO] nadia_ai.scrapers.boe: Extracting text from: https://www.boe.es/diario_boe/txt.php?id=BOE-N-2026-214922
2026-05-13 04:27:10,541 [INFO] 2026-05-13 04:27:10,541 [INFO] nadia_ai.utils.extraction: Lead 625: Tier B, heirs=0
2026-05-13 04:27:10,541 [INFO] 2026-05-13 04:27:10,541 [INFO] nadia_ai.scrapers.boe: Extracting text from: https://www.boe.es/diario_boe/txt.php?id=BOE-N-2026-214928
2026-05-13 04:27:14,148 [INFO] 2026-05-13 04:27:14,147 [INFO] nadia_ai.utils.extraction: Lead 626: Tier B, heirs=0
2026-05-13 04:27:14,148 [INFO] 2026-05-13 04:27:14,147 [INFO] nadia_ai.scrapers.boe: Extracting text from: https://www.boe.es/diario_boe/txt.php?id=BOE-N-2026-214930
2026-05-13 04:27:17,777 [INFO] 2026-05-13 04:27:17,776 [INFO] nadia_ai.utils.extraction: Lead 627: Tier B, heirs=0
2026-05-13 04:27:17,777 [INFO] 2026-05-13 04:27:17,777 [INFO] nadia_ai.scrapers.boe: Extracting text from: https://www.boe.es/diario_boe/txt.php?id=BOE-N-2026-214932
2026-05-13 04:27:21,420 [INFO] 2026-05-13 04:27:21,420 [INFO] nadia_ai.utils.extraction: Lead 628: Tier B, heirs=0
2026-05-13 04:27:21,420 [INFO] 2026-05-13 04:27:21,420 [INFO] nadia_ai.scrapers.boe: Extracting text from: https://www.boe.es/diario_boe/txt.php?id=BOE-N-2026-214933
2026-05-13 04:27:25,039 [INFO] 2026-05-13 04:27:25,039 [INFO] nadia_ai.utils.extraction: Lead 629: Tier B, heirs=0
2026-05-13 04:27:25,039 [INFO] 2026-05-13 04:27:25,039 [INFO] nadia_ai.scrapers.boe: Extracting text from: https://www.boe.es/diario_boe/txt.php?id=BOE-N-2026-214937
2026-05-13 04:27:28,652 [INFO] 2026-05-13 04:27:28,652 [INFO] nadia_ai.utils.extraction: Lead 630: Tier B, heirs=0
2026-05-13 04:27:28,653 [INFO] 2026-05-13 04:27:28,652 [INFO] nadia_ai.extraction_loop: Enriched 109 leads in this batch. Total so far: 545
2026-05-13 04:27:28,653 [INFO] 2026-05-13 04:27:28,652 [INFO] nadia_ai.extraction_loop: Starting extraction batch...
2026-05-13 04:27:28,654 [INFO] 2026-05-13 04:27:28,654 [INFO] nadia_ai.scrapers.boe: Extracting text from: https://www.boe.es/diario_boe/txt.php?id=BOE-N-2026-214955
2026-05-13 04:27:32,283 [INFO] 2026-05-13 04:27:32,283 [INFO] nadia_ai.utils.extraction: Lead 632: Tier B, heirs=0
2026-05-13 04:27:32,284 [INFO] 2026-05-13 04:27:32,283 [INFO] nadia_ai.scrapers.boe: Extracting text from: https://www.boe.es/diario_boe/txt.php?id=BOE-N-2026-215000
2026-05-13 04:27:35,897 [INFO] 2026-05-13 04:27:35,897 [INFO] nadia_ai.utils.extraction: Lead 633: Tier B, heirs=0
2026-05-13 04:27:35,897 [INFO] 2026-05-13 04:27:35,897 [INFO] nadia_ai.scrapers.boe: Extracting text from: https://www.boe.es/diario_boe/txt.php?id=BOE-N-2026-215543
2026-05-13 04:27:39,504 [INFO] 2026-05-13 04:27:39,504 [INFO] nadia_ai.utils.extraction: Lead 634: Tier B, heirs=0
2026-05-13 04:27:39,505 [INFO] 2026-05-13 04:27:39,504 [INFO] nadia_ai.scrapers.boe: Extracting text from: https://www.boe.es/diario_boe/txt.php?id=BOE-N-2026-215544
2026-05-13 04:27:43,140 [INFO] 2026-05-13 04:27:43,140 [INFO] nadia_ai.utils.extraction: Lead 635: Tier B, heirs=0
2026-05-13 04:27:43,140 [INFO] 2026-05-13 04:27:43,140 [INFO] nadia_ai.scrapers.boe: Extracting text from: https://www.boe.es/diario_boe/txt.php?id=BOE-N-2026-215545
2026-05-13 04:27:46,783 [INFO] 2026-05-13 04:27:46,783 [INFO] nadia_ai.utils.extraction: Lead 636: Tier B, heirs=0
2026-05-13 04:27:46,783 [INFO] 2026-05-13 04:27:46,783 [INFO] nadia_ai.scrapers.boe: Extracting text from: https://www.boe.es/diario_boe/txt.php?id=BOE-N-2026-207965
2026-05-13 04:27:50,509 [INFO] 2026-05-13 04:27:50,509 [INFO] nadia_ai.utils.extraction: Lead 637: Tier B, heirs=0
2026-05-13 04:27:50,509 [INFO] 2026-05-13 04:27:50,509 [INFO] nadia_ai.scrapers.boe: Extracting text from: https://www.boe.es/diario_boe/txt.php?id=BOE-N-2026-210122
2026-05-13 04:27:54,124 [INFO] 2026-05-13 04:27:54,124 [INFO] nadia_ai.utils.extraction: Lead 638: Tier B, heirs=0
2026-05-13 04:27:54,125 [INFO] 2026-05-13 04:27:54,124 [INFO] nadia_ai.scrapers.boe: Extracting text from: https://www.boe.es/diario_boe/txt.php?id=BOE-N-2026-210123
2026-05-13 04:27:57,766 [INFO] 2026-05-13 04:27:57,766 [INFO] nadia_ai.utils.extraction: Lead 639: Tier B, heirs=0
2026-05-13 04:27:57,766 [INFO] 2026-05-13 04:27:57,766 [INFO] nadia_ai.scrapers.boe: Extracting text from: https://www.boe.es/diario_boe/txt.php?id=BOE-N-2026-210130
2026-05-13 04:28:01,406 [INFO] 2026-05-13 04:28:01,406 [INFO] nadia_ai.utils.extraction: Lead 641: Tier B, heirs=0
2026-05-13 04:28:01,406 [INFO] 2026-05-13 04:28:01,406 [INFO] nadia_ai.scrapers.boe: Extracting text from: https://www.boe.es/diario_boe/txt.php?id=BOE-N-2026-210154
2026-05-13 04:28:05,078 [INFO] 2026-05-13 04:28:05,078 [INFO] nadia_ai.utils.extraction: Lead 642: Tier B, heirs=0
2026-05-13 04:28:05,078 [INFO] 2026-05-13 04:28:05,078 [INFO] nadia_ai.scrapers.boe: Extracting text from: https://www.boe.es/diario_boe/txt.php?id=BOE-N-2026-210156
2026-05-13 04:28:08,765 [INFO] 2026-05-13 04:28:08,765 [INFO] nadia_ai.utils.extraction: Lead 643: Tier B, heirs=0
2026-05-13 04:28:08,765 [INFO] 2026-05-13 04:28:08,765 [INFO] nadia_ai.scrapers.boe: Extracting text from: https://www.boe.es/diario_boe/txt.php?id=BOE-N-2026-210174
2026-05-13 04:28:12,420 [INFO] 2026-05-13 04:28:12,420 [INFO] nadia_ai.utils.extraction: Lead 644: Tier B, heirs=0
2026-05-13 04:28:12,420 [INFO] 2026-05-13 04:28:12,420 [INFO] nadia_ai.scrapers.boe: Extracting text from: https://www.boe.es/diario_boe/txt.php?id=BOE-N-2026-210175
2026-05-13 04:28:16,217 [INFO] 2026-05-13 04:28:16,217 [INFO] nadia_ai.utils.extraction: Lead 645: Tier B, heirs=0
2026-05-13 04:28:16,217 [INFO] 2026-05-13 04:28:16,217 [INFO] nadia_ai.scrapers.boe: Extracting text from: https://www.boe.es/diario_boe/txt.php?id=BOE-N-2026-210177
2026-05-13 04:28:20,884 [INFO] 2026-05-13 04:28:20,884 [INFO] nadia_ai.utils.extraction: Lead 647: Tier B, heirs=0
2026-05-13 04:28:20,885 [INFO] 2026-05-13 04:28:20,884 [INFO] nadia_ai.scrapers.boe: Extracting text from: https://www.boe.es/diario_boe/txt.php?id=BOE-N-2026-210178
2026-05-13 04:28:25,683 [INFO] 2026-05-13 04:28:25,682 [INFO] nadia_ai.utils.extraction: Lead 648: Tier B, heirs=0
2026-05-13 04:28:25,683 [INFO] 2026-05-13 04:28:25,683 [INFO] nadia_ai.scrapers.boe: Extracting text from: https://www.boe.es/diario_boe/txt.php?id=BOE-N-2026-210179
2026-05-13 04:28:29,335 [INFO] 2026-05-13 04:28:29,335 [INFO] nadia_ai.utils.extraction: Lead 649: Tier B, heirs=0
2026-05-13 04:28:29,335 [INFO] 2026-05-13 04:28:29,335 [INFO] nadia_ai.scrapers.boe: Extracting text from: https://www.boe.es/diario_boe/txt.php?id=BOE-N-2026-210186
2026-05-13 04:28:33,141 [INFO] 2026-05-13 04:28:33,141 [INFO] nadia_ai.utils.extraction: Lead 650: Tier B, heirs=0
2026-05-13 04:28:33,141 [INFO] 2026-05-13 04:28:33,141 [INFO] nadia_ai.scrapers.boe: Extracting text from: https://www.boe.es/diario_boe/txt.php?id=BOE-N-2026-210202
2026-05-13 04:28:36,828 [INFO] 2026-05-13 04:28:36,828 [INFO] nadia_ai.utils.extraction: Lead 651: Tier B, heirs=0
2026-05-13 04:28:36,828 [INFO] 2026-05-13 04:28:36,828 [INFO] nadia_ai.scrapers.boe: Extracting text from: https://www.boe.es/diario_boe/txt.php?id=BOE-N-2026-210207
2026-05-13 04:28:40,488 [INFO] 2026-05-13 04:28:40,487 [INFO] nadia_ai.utils.extraction: Lead 652: Tier B, heirs=0
2026-05-13 04:28:40,488 [INFO] 2026-05-13 04:28:40,488 [INFO] nadia_ai.scrapers.boe: Extracting text from: https://www.boe.es/diario_boe/txt.php?id=BOE-N-2026-210222
2026-05-13 04:28:44,120 [INFO] 2026-05-13 04:28:44,119 [INFO] nadia_ai.utils.extraction: Lead 653: Tier B, heirs=0
2026-05-13 04:28:44,120 [INFO] 2026-05-13 04:28:44,119 [INFO] nadia_ai.scrapers.boe: Extracting text from: https://www.boe.es/diario_boe/txt.php?id=BOE-N-2026-210494
2026-05-13 04:28:47,762 [INFO] 2026-05-13 04:28:47,762 [INFO] nadia_ai.utils.extraction: Lead 654: Tier B, heirs=0
2026-05-13 04:28:47,762 [INFO] 2026-05-13 04:28:47,762 [INFO] nadia_ai.scrapers.boe: Extracting text from: https://www.boe.es/diario_boe/txt.php?id=BOE-N-2026-202785
2026-05-13 04:28:51,400 [INFO] 2026-05-13 04:28:51,400 [INFO] nadia_ai.utils.extraction: Lead 655: Tier B, heirs=0
2026-05-13 04:28:51,401 [INFO] 2026-05-13 04:28:51,400 [INFO] nadia_ai.scrapers.boe: Extracting text from: https://www.boe.es/diario_boe/txt.php?id=BOE-N-2026-205004
2026-05-13 04:28:55,010 [INFO] 2026-05-13 04:28:55,010 [INFO] nadia_ai.utils.extraction: Lead 656: Tier B, heirs=0
2026-05-13 04:28:55,010 [INFO] 2026-05-13 04:28:55,010 [INFO] nadia_ai.scrapers.boe: Extracting text from: https://www.boe.es/diario_boe/txt.php?id=BOE-N-2026-205136
2026-05-13 04:28:58,658 [INFO] 2026-05-13 04:28:58,657 [INFO] nadia_ai.utils.extraction: Lead 657: Tier B, heirs=0
2026-05-13 04:28:58,658 [INFO] 2026-05-13 04:28:58,657 [INFO] nadia_ai.scrapers.boe: Extracting text from: https://www.boe.es/diario_boe/txt.php?id=BOE-N-2026-206878
2026-05-13 04:29:02,263 [INFO] 2026-05-13 04:29:02,263 [INFO] nadia_ai.utils.extraction: Lead 662: Tier B, heirs=0
2026-05-13 04:29:02,263 [INFO] 2026-05-13 04:29:02,263 [INFO] nadia_ai.scrapers.boe: Extracting text from: https://www.boe.es/diario_boe/txt.php?id=BOE-N-2026-206906
2026-05-13 04:29:05,888 [INFO] 2026-05-13 04:29:05,887 [INFO] nadia_ai.utils.extraction: Lead 663: Tier B, heirs=0
2026-05-13 04:29:05,888 [INFO] 2026-05-13 04:29:05,887 [INFO] nadia_ai.scrapers.boe: Extracting text from: https://www.boe.es/diario_boe/txt.php?id=BOE-N-2026-206907
2026-05-13 04:29:09,520 [INFO] 2026-05-13 04:29:09,520 [INFO] nadia_ai.utils.extraction: Lead 664: Tier B, heirs=0
2026-05-13 04:29:09,520 [INFO] 2026-05-13 04:29:09,520 [INFO] nadia_ai.scrapers.boe: Extracting text from: https://www.boe.es/diario_boe/txt.php?id=BOE-N-2026-206916
2026-05-13 04:29:13,126 [INFO] 2026-05-13 04:29:13,126 [INFO] nadia_ai.utils.extraction: Lead 666: Tier B, heirs=0
2026-05-13 04:29:13,126 [INFO] 2026-05-13 04:29:13,126 [INFO] nadia_ai.scrapers.boe: Extracting text from: https://www.boe.es/diario_boe/txt.php?id=BOE-N-2026-206917
2026-05-13 04:29:16,764 [INFO] 2026-05-13 04:29:16,764 [INFO] nadia_ai.utils.extraction: Lead 667: Tier B, heirs=0
2026-05-13 04:29:16,764 [INFO] 2026-05-13 04:29:16,764 [INFO] nadia_ai.scrapers.boe: Extracting text from: https://www.boe.es/diario_boe/txt.php?id=BOE-N-2026-206918
2026-05-13 04:29:20,397 [INFO] 2026-05-13 04:29:20,396 [INFO] nadia_ai.utils.extraction: Lead 668: Tier B, heirs=0
2026-05-13 04:29:20,397 [INFO] 2026-05-13 04:29:20,397 [INFO] nadia_ai.scrapers.boe: Extracting text from: https://www.boe.es/diario_boe/txt.php?id=BOE-N-2026-206919
2026-05-13 04:29:24,021 [INFO] 2026-05-13 04:29:24,021 [INFO] nadia_ai.utils.extraction: Lead 669: Tier B, heirs=0
2026-05-13 04:29:24,021 [INFO] 2026-05-13 04:29:24,021 [INFO] nadia_ai.scrapers.boe: Extracting text from: https://www.boe.es/diario_boe/txt.php?id=BOE-N-2026-206920
2026-05-13 04:29:27,631 [INFO] 2026-05-13 04:29:27,631 [INFO] nadia_ai.utils.extraction: Lead 670: Tier B, heirs=0
2026-05-13 04:29:27,631 [INFO] 2026-05-13 04:29:27,631 [INFO] nadia_ai.scrapers.boe: Extracting text from: https://www.boe.es/diario_boe/txt.php?id=BOE-N-2026-206922
2026-05-13 04:29:31,390 [INFO] 2026-05-13 04:29:31,389 [INFO] nadia_ai.utils.extraction: Lead 671: Tier B, heirs=0
2026-05-13 04:29:31,390 [INFO] 2026-05-13 04:29:31,390 [INFO] nadia_ai.scrapers.boe: Extracting text from: https://www.boe.es/diario_boe/txt.php?id=BOE-N-2026-206928
2026-05-13 04:29:35,029 [INFO] 2026-05-13 04:29:35,029 [INFO] nadia_ai.utils.extraction: Lead 672: Tier B, heirs=0
2026-05-13 04:29:35,029 [INFO] 2026-05-13 04:29:35,029 [INFO] nadia_ai.scrapers.boe: Extracting text from: https://www.boe.es/diario_boe/txt.php?id=BOE-N-2026-206929
2026-05-13 04:29:38,686 [INFO] 2026-05-13 04:29:38,686 [INFO] nadia_ai.utils.extraction: Lead 673: Tier B, heirs=0
2026-05-13 04:29:38,686 [INFO] 2026-05-13 04:29:38,686 [INFO] nadia_ai.scrapers.boe: Extracting text from: https://www.boe.es/diario_boe/txt.php?id=BOE-N-2026-206946
2026-05-13 04:29:42,471 [INFO] 2026-05-13 04:29:42,471 [INFO] nadia_ai.utils.extraction: Lead 674: Tier B, heirs=0
2026-05-13 04:29:42,471 [INFO] 2026-05-13 04:29:42,471 [INFO] nadia_ai.scrapers.boe: Extracting text from: https://www.boe.es/diario_boe/txt.php?id=BOE-N-2026-206958
2026-05-13 04:29:46,224 [INFO] 2026-05-13 04:29:46,223 [INFO] nadia_ai.utils.extraction: Lead 675: Tier B, heirs=0
2026-05-13 04:29:46,224 [INFO] 2026-05-13 04:29:46,224 [INFO] nadia_ai.scrapers.boe: Extracting text from: https://www.boe.es/diario_boe/txt.php?id=BOE-N-2026-207539
2026-05-13 04:29:49,822 [INFO] 2026-05-13 04:29:49,822 [INFO] nadia_ai.utils.extraction: Lead 676: Tier B, heirs=0
2026-05-13 04:29:49,822 [INFO] 2026-05-13 04:29:49,822 [INFO] nadia_ai.scrapers.boe: Extracting text from: https://www.boe.es/diario_boe/txt.php?id=BOE-N-2026-199049
2026-05-13 04:29:53,435 [INFO] 2026-05-13 04:29:53,435 [INFO] nadia_ai.utils.extraction: Lead 677: Tier B, heirs=0
2026-05-13 04:29:53,435 [INFO] 2026-05-13 04:29:53,435 [INFO] nadia_ai.scrapers.boe: Extracting text from: https://www.boe.es/diario_boe/txt.php?id=BOE-N-2026-201212
2026-05-13 04:29:57,029 [INFO] 2026-05-13 04:29:57,029 [INFO] nadia_ai.utils.extraction: Lead 679: Tier B, heirs=0
2026-05-13 04:29:57,029 [INFO] 2026-05-13 04:29:57,029 [INFO] nadia_ai.scrapers.boe: Extracting text from: https://www.boe.es/diario_boe/txt.php?id=BOE-N-2026-201213
2026-05-13 04:30:00,661 [INFO] 2026-05-13 04:30:00,661 [INFO] nadia_ai.utils.extraction: Lead 680: Tier B, heirs=0
2026-05-13 04:30:00,662 [INFO] 2026-05-13 04:30:00,661 [INFO] nadia_ai.scrapers.boe: Extracting text from: https://www.boe.es/diario_boe/txt.php?id=BOE-N-2026-201216
2026-05-13 04:30:04,288 [INFO] 2026-05-13 04:30:04,288 [INFO] nadia_ai.utils.extraction: Lead 681: Tier B, heirs=0
2026-05-13 04:30:04,288 [INFO] 2026-05-13 04:30:04,288 [INFO] nadia_ai.scrapers.boe: Extracting text from: https://www.boe.es/diario_boe/txt.php?id=BOE-N-2026-201223
2026-05-13 04:30:07,918 [INFO] 2026-05-13 04:30:07,918 [INFO] nadia_ai.utils.extraction: Lead 682: Tier B, heirs=0
2026-05-13 04:30:07,918 [INFO] 2026-05-13 04:30:07,918 [INFO] nadia_ai.scrapers.boe: Extracting text from: https://www.boe.es/diario_boe/txt.php?id=BOE-N-2026-201230
2026-05-13 04:30:11,537 [INFO] 2026-05-13 04:30:11,537 [INFO] nadia_ai.utils.extraction: Lead 683: Tier B, heirs=0
2026-05-13 04:30:11,537 [INFO] 2026-05-13 04:30:11,537 [INFO] nadia_ai.scrapers.boe: Extracting text from: https://www.boe.es/diario_boe/txt.php?id=BOE-N-2026-201236
2026-05-13 04:30:15,178 [INFO] 2026-05-13 04:30:15,178 [INFO] nadia_ai.utils.extraction: Lead 684: Tier B, heirs=0
2026-05-13 04:30:15,179 [INFO] 2026-05-13 04:30:15,178 [INFO] nadia_ai.scrapers.boe: Extracting text from: https://www.boe.es/diario_boe/txt.php?id=BOE-N-2026-201238
2026-05-13 04:30:18,796 [INFO] 2026-05-13 04:30:18,796 [INFO] nadia_ai.utils.extraction: Lead 685: Tier B, heirs=0
2026-05-13 04:30:18,796 [INFO] 2026-05-13 04:30:18,796 [INFO] nadia_ai.scrapers.boe: Extracting text from: https://www.boe.es/diario_boe/txt.php?id=BOE-N-2026-201242
2026-05-13 04:30:22,409 [INFO] 2026-05-13 04:30:22,409 [INFO] nadia_ai.utils.extraction: Lead 687: Tier B, heirs=0
2026-05-13 04:30:22,409 [INFO] 2026-05-13 04:30:22,409 [INFO] nadia_ai.scrapers.boe: Extracting text from: https://www.boe.es/diario_boe/txt.php?id=BOE-N-2026-201244
2026-05-13 04:30:26,051 [INFO] 2026-05-13 04:30:26,051 [INFO] nadia_ai.utils.extraction: Lead 688: Tier B, heirs=0
2026-05-13 04:30:26,051 [INFO] 2026-05-13 04:30:26,051 [INFO] nadia_ai.scrapers.boe: Extracting text from: https://www.boe.es/diario_boe/txt.php?id=BOE-N-2026-201245
2026-05-13 04:30:29,667 [INFO] 2026-05-13 04:30:29,667 [INFO] nadia_ai.utils.extraction: Lead 689: Tier B, heirs=0
2026-05-13 04:30:29,667 [INFO] 2026-05-13 04:30:29,667 [INFO] nadia_ai.scrapers.boe: Extracting text from: https://www.boe.es/diario_boe/txt.php?id=BOE-N-2026-201248
2026-05-13 04:30:33,289 [INFO] 2026-05-13 04:30:33,289 [INFO] nadia_ai.utils.extraction: Lead 690: Tier B, heirs=0
2026-05-13 04:30:33,289 [INFO] 2026-05-13 04:30:33,289 [INFO] nadia_ai.scrapers.boe: Extracting text from: https://www.boe.es/diario_boe/txt.php?id=BOE-N-2026-201249
2026-05-13 04:30:36,917 [INFO] 2026-05-13 04:30:36,917 [INFO] nadia_ai.utils.extraction: Lead 691: Tier B, heirs=0
2026-05-13 04:30:36,917 [INFO] 2026-05-13 04:30:36,917 [INFO] nadia_ai.scrapers.boe: Extracting text from: https://www.boe.es/diario_boe/txt.php?id=BOE-N-2026-201250
2026-05-13 04:30:40,532 [INFO] 2026-05-13 04:30:40,532 [INFO] nadia_ai.utils.extraction: Lead 692: Tier B, heirs=0
2026-05-13 04:30:40,532 [INFO] 2026-05-13 04:30:40,532 [INFO] nadia_ai.scrapers.boe: Extracting text from: https://www.boe.es/diario_boe/txt.php?id=BOE-N-2026-201276
2026-05-13 04:30:44,169 [INFO] 2026-05-13 04:30:44,169 [INFO] nadia_ai.utils.extraction: Lead 694: Tier B, heirs=0
2026-05-13 04:30:44,170 [INFO] 2026-05-13 04:30:44,169 [INFO] nadia_ai.scrapers.boe: Extracting text from: https://www.boe.es/diario_boe/txt.php?id=BOE-N-2026-197659
2026-05-13 04:30:47,796 [INFO] 2026-05-13 04:30:47,796 [INFO] nadia_ai.utils.extraction: Lead 696: Tier B, heirs=0
2026-05-13 04:30:47,796 [INFO] 2026-05-13 04:30:47,796 [INFO] nadia_ai.scrapers.boe: Extracting text from: https://www.boe.es/diario_boe/txt.php?id=BOE-N-2026-197661
2026-05-13 04:30:51,429 [INFO] 2026-05-13 04:30:51,429 [INFO] nadia_ai.utils.extraction: Lead 697: Tier B, heirs=0
2026-05-13 04:30:51,429 [INFO] 2026-05-13 04:30:51,429 [INFO] nadia_ai.scrapers.boe: Extracting text from: https://www.boe.es/diario_boe/txt.php?id=BOE-N-2026-197672
2026-05-13 04:30:55,060 [INFO] 2026-05-13 04:30:55,060 [INFO] nadia_ai.utils.extraction: Lead 698: Tier B, heirs=0
2026-05-13 04:30:55,060 [INFO] 2026-05-13 04:30:55,060 [INFO] nadia_ai.scrapers.boe: Extracting text from: https://www.boe.es/diario_boe/txt.php?id=BOE-N-2026-197677
2026-05-13 04:30:58,678 [INFO] 2026-05-13 04:30:58,678 [INFO] nadia_ai.utils.extraction: Lead 699: Tier B, heirs=0
2026-05-13 04:30:58,678 [INFO] 2026-05-13 04:30:58,678 [INFO] nadia_ai.scrapers.boe: Extracting text from: https://www.boe.es/diario_boe/txt.php?id=BOE-N-2026-197684
2026-05-13 04:31:02,301 [INFO] 2026-05-13 04:31:02,300 [INFO] nadia_ai.utils.extraction: Lead 700: Tier B, heirs=0
2026-05-13 04:31:02,301 [INFO] 2026-05-13 04:31:02,301 [INFO] nadia_ai.scrapers.boe: Extracting text from: https://www.boe.es/diario_boe/txt.php?id=BOE-N-2026-197693
2026-05-13 04:31:05,898 [INFO] 2026-05-13 04:31:05,898 [INFO] nadia_ai.utils.extraction: Lead 701: Tier B, heirs=0
2026-05-13 04:31:05,898 [INFO] 2026-05-13 04:31:05,898 [INFO] nadia_ai.scrapers.boe: Extracting text from: https://www.boe.es/diario_boe/txt.php?id=BOE-N-2026-197700
2026-05-13 04:31:18,851 [INFO] 2026-05-13 04:31:18,851 [INFO] nadia_ai.utils.extraction: Lead 702: Tier B, heirs=0
2026-05-13 04:31:18,851 [INFO] 2026-05-13 04:31:18,851 [INFO] nadia_ai.scrapers.boe: Extracting text from: https://www.boe.es/diario_boe/txt.php?id=BOE-N-2026-197706
2026-05-13 04:31:24,849 [INFO] 2026-05-13 04:31:24,848 [INFO] nadia_ai.utils.extraction: Lead 703: Tier B, heirs=0
2026-05-13 04:31:24,849 [INFO] 2026-05-13 04:31:24,848 [INFO] nadia_ai.scrapers.boe: Extracting text from: https://www.boe.es/diario_boe/txt.php?id=BOE-N-2026-197710
2026-05-13 04:31:29,810 [INFO] 2026-05-13 04:31:29,810 [INFO] nadia_ai.utils.extraction: Lead 706: Tier B, heirs=0
2026-05-13 04:31:29,810 [INFO] 2026-05-13 04:31:29,810 [INFO] nadia_ai.scrapers.boe: Extracting text from: https://www.boe.es/diario_boe/txt.php?id=BOE-N-2026-197722
2026-05-13 04:31:30,167 [INFO] 2026-05-13 04:31:30,166 [ERROR] nadia_ai.scrapers.boe: Failed to extract text from PDF https://www.boe.es/diario_boe/txt.php?id=BOE-N-2026-197722: 502 Server Error: Bad Gateway for url: https://www.boe.es/diario_boe/txt.php?id=BOE-N-2026-197722
2026-05-13 04:31:30,167 [INFO] 2026-05-13 04:31:30,167 [INFO] nadia_ai.scrapers.boe: Extracting text from: https://www.boe.es/diario_boe/txt.php?id=BOE-N-2026-197723
2026-05-13 04:31:35,722 [INFO] 2026-05-13 04:31:35,722 [INFO] nadia_ai.utils.extraction: Lead 708: Tier B, heirs=0
2026-05-13 04:31:35,723 [INFO] 2026-05-13 04:31:35,722 [INFO] nadia_ai.scrapers.boe: Extracting text from: https://www.boe.es/diario_boe/txt.php?id=BOE-N-2026-197744
2026-05-13 04:31:40,436 [INFO] 2026-05-13 04:31:40,436 [INFO] nadia_ai.utils.extraction: Lead 710: Tier B, heirs=0
2026-05-13 04:31:40,436 [INFO] 2026-05-13 04:31:40,436 [INFO] nadia_ai.scrapers.boe: Extracting text from: https://www.boe.es/diario_boe/txt.php?id=BOE-N-2026-197745
2026-05-13 04:31:46,167 [INFO] 2026-05-13 04:31:46,167 [INFO] nadia_ai.utils.extraction: Lead 711: Tier B, heirs=0
2026-05-13 04:31:46,167 [INFO] 2026-05-13 04:31:46,167 [INFO] nadia_ai.scrapers.boe: Extracting text from: https://www.boe.es/diario_boe/txt.php?id=BOE-N-2026-197746
2026-05-13 04:31:49,976 [INFO] 2026-05-13 04:31:49,976 [INFO] nadia_ai.utils.extraction: Lead 712: Tier B, heirs=0
2026-05-13 04:31:49,977 [INFO] 2026-05-13 04:31:49,976 [INFO] nadia_ai.scrapers.boe: Extracting text from: https://www.boe.es/diario_boe/txt.php?id=BOE-N-2026-197747
2026-05-13 04:31:55,825 [INFO] 2026-05-13 04:31:55,825 [INFO] nadia_ai.utils.extraction: Lead 713: Tier B, heirs=0
2026-05-13 04:31:55,825 [INFO] 2026-05-13 04:31:55,825 [INFO] nadia_ai.scrapers.boe: Extracting text from: https://www.boe.es/diario_boe/txt.php?id=BOE-N-2026-198072
2026-05-13 04:31:55,987 [INFO] 2026-05-13 04:31:55,987 [ERROR] nadia_ai.scrapers.boe: Failed to extract text from PDF https://www.boe.es/diario_boe/txt.php?id=BOE-N-2026-198072: 502 Server Error: Bad Gateway for url: https://www.boe.es/diario_boe/txt.php?id=BOE-N-2026-198072
2026-05-13 04:31:55,987 [INFO] 2026-05-13 04:31:55,987 [INFO] nadia_ai.scrapers.boe: Extracting text from: https://www.boe.es/diario_boe/txt.php?id=BOE-N-2026-198073
2026-05-13 04:31:59,654 [INFO] 2026-05-13 04:31:59,654 [INFO] nadia_ai.utils.extraction: Lead 714: Tier B, heirs=0
2026-05-13 04:31:59,654 [INFO] 2026-05-13 04:31:59,654 [INFO] nadia_ai.scrapers.boe: Extracting text from: https://www.boe.es/diario_boe/txt.php?id=BOE-N-2026-198117
2026-05-13 04:32:04,499 [INFO] 2026-05-13 04:32:04,499 [INFO] nadia_ai.utils.extraction: Lead 715: Tier B, heirs=0
2026-05-13 04:32:04,499 [INFO] 2026-05-13 04:32:04,499 [INFO] nadia_ai.scrapers.boe: Extracting text from: https://www.boe.es/diario_boe/txt.php?id=BOE-N-2026-198745
2026-05-13 04:32:09,003 [INFO] 2026-05-13 04:32:09,003 [INFO] nadia_ai.utils.extraction: Lead 716: Tier B, heirs=0
2026-05-13 04:32:09,004 [INFO] 2026-05-13 04:32:09,003 [INFO] nadia_ai.scrapers.boe: Extracting text from: https://www.boe.es/diario_boe/txt.php?id=BOE-N-2026-194488
2026-05-13 04:32:12,653 [INFO] 2026-05-13 04:32:12,653 [INFO] nadia_ai.utils.extraction: Lead 717: Tier B, heirs=0
2026-05-13 04:32:12,654 [INFO] 2026-05-13 04:32:12,653 [INFO] nadia_ai.scrapers.boe: Extracting text from: https://www.boe.es/diario_boe/txt.php?id=BOE-N-2026-193167
2026-05-13 04:32:17,630 [INFO] 2026-05-13 04:32:17,630 [INFO] nadia_ai.utils.extraction: Lead 719: Tier B, heirs=0
2026-05-13 04:32:17,630 [INFO] 2026-05-13 04:32:17,630 [INFO] nadia_ai.scrapers.boe: Extracting text from: https://www.boe.es/diario_boe/txt.php?id=BOE-N-2026-193186
2026-05-13 04:32:21,374 [INFO] 2026-05-13 04:32:21,374 [INFO] nadia_ai.utils.extraction: Lead 720: Tier B, heirs=0
2026-05-13 04:32:21,375 [INFO] 2026-05-13 04:32:21,374 [INFO] nadia_ai.scrapers.boe: Extracting text from: https://www.boe.es/diario_boe/txt.php?id=BOE-N-2026-193197
2026-05-13 04:32:25,877 [INFO] 2026-05-13 04:32:25,877 [INFO] nadia_ai.utils.extraction: Lead 721: Tier B, heirs=0
2026-05-13 04:32:25,877 [INFO] 2026-05-13 04:32:25,877 [INFO] nadia_ai.scrapers.boe: Extracting text from: https://www.boe.es/diario_boe/txt.php?id=BOE-N-2026-193198
2026-05-13 04:32:29,500 [INFO] 2026-05-13 04:32:29,500 [INFO] nadia_ai.utils.extraction: Lead 722: Tier B, heirs=0
2026-05-13 04:32:29,500 [INFO] 2026-05-13 04:32:29,500 [INFO] nadia_ai.scrapers.boe: Extracting text from: https://www.boe.es/diario_boe/txt.php?id=BOE-N-2026-193199
2026-05-13 04:32:33,148 [INFO] 2026-05-13 04:32:33,148 [INFO] nadia_ai.utils.extraction: Lead 723: Tier B, heirs=0
2026-05-13 04:32:33,148 [INFO] 2026-05-13 04:32:33,148 [INFO] nadia_ai.scrapers.boe: Extracting text from: https://www.boe.es/diario_boe/txt.php?id=BOE-N-2026-193211
2026-05-13 04:32:36,753 [INFO] 2026-05-13 04:32:36,753 [INFO] nadia_ai.utils.extraction: Lead 724: Tier B, heirs=0
2026-05-13 04:32:36,754 [INFO] 2026-05-13 04:32:36,753 [INFO] nadia_ai.scrapers.boe: Extracting text from: https://www.boe.es/diario_boe/txt.php?id=BOE-N-2026-193230
2026-05-13 04:32:42,558 [INFO] 2026-05-13 04:32:42,558 [INFO] nadia_ai.utils.extraction: Lead 725: Tier B, heirs=0
2026-05-13 04:32:42,558 [INFO] 2026-05-13 04:32:42,558 [INFO] nadia_ai.scrapers.boe: Extracting text from: https://www.boe.es/diario_boe/txt.php?id=BOE-N-2026-193243
2026-05-13 04:32:46,226 [INFO] 2026-05-13 04:32:46,226 [INFO] nadia_ai.utils.extraction: Lead 727: Tier B, heirs=0
2026-05-13 04:32:46,226 [INFO] 2026-05-13 04:32:46,226 [INFO] nadia_ai.scrapers.boe: Extracting text from: https://www.boe.es/diario_boe/txt.php?id=BOE-N-2026-193269
2026-05-13 04:32:49,855 [INFO] 2026-05-13 04:32:49,855 [INFO] nadia_ai.utils.extraction: Lead 728: Tier B, heirs=0
2026-05-13 04:32:49,855 [INFO] 2026-05-13 04:32:49,855 [INFO] nadia_ai.scrapers.boe: Extracting text from: https://www.boe.es/diario_boe/txt.php?id=BOE-N-2026-193528
2026-05-13 04:32:55,630 [INFO] 2026-05-13 04:32:55,630 [INFO] nadia_ai.utils.extraction: Lead 729: Tier B, heirs=0
2026-05-13 04:32:55,630 [INFO] 2026-05-13 04:32:55,630 [INFO] nadia_ai.scrapers.boe: Extracting text from: https://www.boe.es/diario_boe/txt.php?id=BOE-N-2026-193643
2026-05-13 04:32:59,257 [INFO] 2026-05-13 04:32:59,257 [INFO] nadia_ai.utils.extraction: Lead 730: Tier B, heirs=0
2026-05-13 04:32:59,257 [INFO] 2026-05-13 04:32:59,257 [INFO] nadia_ai.scrapers.boe: Extracting text from: https://www.boe.es/diario_boe/txt.php?id=BOE-N-2026-193740
2026-05-13 04:33:03,513 [INFO] 2026-05-13 04:33:03,513 [INFO] nadia_ai.utils.extraction: Lead 731: Tier B, heirs=0
2026-05-13 04:33:03,514 [INFO] 2026-05-13 04:33:03,513 [INFO] nadia_ai.scrapers.boe: Extracting text from: https://www.boe.es/diario_boe/txt.php?id=BOE-N-2026-186436
2026-05-13 04:33:07,283 [INFO] 2026-05-13 04:33:07,283 [INFO] nadia_ai.utils.extraction: Lead 732: Tier B, heirs=0
2026-05-13 04:33:07,283 [INFO] 2026-05-13 04:33:07,283 [INFO] nadia_ai.scrapers.boe: Extracting text from: https://www.boe.es/diario_boe/txt.php?id=BOE-N-2026-188337
2026-05-13 04:33:10,881 [INFO] 2026-05-13 04:33:10,881 [INFO] nadia_ai.utils.extraction: Lead 733: Tier B, heirs=0
2026-05-13 04:33:10,881 [INFO] 2026-05-13 04:33:10,881 [INFO] nadia_ai.scrapers.boe: Extracting text from: https://www.boe.es/diario_boe/txt.php?id=BOE-N-2026-188339
2026-05-13 04:33:16,556 [INFO] 2026-05-13 04:33:16,556 [INFO] nadia_ai.utils.extraction: Lead 734: Tier B, heirs=0
2026-05-13 04:33:16,556 [INFO] 2026-05-13 04:33:16,556 [INFO] nadia_ai.scrapers.boe: Extracting text from: https://www.boe.es/diario_boe/txt.php?id=BOE-N-2026-188340
2026-05-13 04:33:20,956 [INFO] 2026-05-13 04:33:20,956 [INFO] nadia_ai.utils.extraction: Lead 735: Tier B, heirs=0
2026-05-13 04:33:20,956 [INFO] 2026-05-13 04:33:20,956 [INFO] nadia_ai.scrapers.boe: Extracting text from: https://www.boe.es/diario_boe/txt.php?id=BOE-N-2026-188362
2026-05-13 04:33:24,621 [INFO] 2026-05-13 04:33:24,621 [INFO] nadia_ai.utils.extraction: Lead 737: Tier B, heirs=0
2026-05-13 04:33:24,621 [INFO] 2026-05-13 04:33:24,621 [INFO] nadia_ai.scrapers.boe: Extracting text from: https://www.boe.es/diario_boe/txt.php?id=BOE-N-2026-188367
2026-05-13 04:33:28,250 [INFO] 2026-05-13 04:33:28,250 [INFO] nadia_ai.utils.extraction: Lead 738: Tier B, heirs=0
2026-05-13 04:33:28,250 [INFO] 2026-05-13 04:33:28,250 [INFO] nadia_ai.scrapers.boe: Extracting text from: https://www.boe.es/diario_boe/txt.php?id=BOE-N-2026-188374
2026-05-13 04:33:32,070 [INFO] 2026-05-13 04:33:32,070 [INFO] nadia_ai.utils.extraction: Lead 739: Tier B, heirs=0
2026-05-13 04:33:32,070 [INFO] 2026-05-13 04:33:32,070 [INFO] nadia_ai.scrapers.boe: Extracting text from: https://www.boe.es/diario_boe/txt.php?id=BOE-N-2026-188382
2026-05-13 04:33:35,651 [INFO] 2026-05-13 04:33:35,651 [INFO] nadia_ai.utils.extraction: Lead 741: Tier B, heirs=0
2026-05-13 04:33:35,651 [INFO] 2026-05-13 04:33:35,651 [INFO] nadia_ai.scrapers.boe: Extracting text from: https://www.boe.es/diario_boe/txt.php?id=BOE-N-2026-188384
2026-05-13 04:33:39,282 [INFO] 2026-05-13 04:33:39,281 [INFO] nadia_ai.utils.extraction: Lead 742: Tier B, heirs=0
2026-05-13 04:33:39,282 [INFO] 2026-05-13 04:33:39,281 [INFO] nadia_ai.scrapers.boe: Extracting text from: https://www.boe.es/diario_boe/txt.php?id=BOE-N-2026-188393
2026-05-13 04:33:42,882 [INFO] 2026-05-13 04:33:42,882 [INFO] nadia_ai.utils.extraction: Lead 743: Tier B, heirs=0
2026-05-13 04:33:42,882 [INFO] 2026-05-13 04:33:42,882 [INFO] nadia_ai.scrapers.boe: Extracting text from: https://www.boe.es/diario_boe/txt.php?id=BOE-N-2026-188396
2026-05-13 04:33:46,511 [INFO] 2026-05-13 04:33:46,511 [INFO] nadia_ai.utils.extraction: Lead 744: Tier B, heirs=0
2026-05-13 04:33:46,511 [INFO] 2026-05-13 04:33:46,511 [INFO] nadia_ai.scrapers.boe: Extracting text from: https://www.boe.es/diario_boe/txt.php?id=BOE-N-2026-188411
2026-05-13 04:33:50,123 [INFO] 2026-05-13 04:33:50,123 [INFO] nadia_ai.utils.extraction: Lead 745: Tier B, heirs=0
2026-05-13 04:33:50,123 [INFO] 2026-05-13 04:33:50,123 [INFO] nadia_ai.scrapers.boe: Extracting text from: https://www.boe.es/diario_boe/txt.php?id=BOE-N-2026-188705
2026-05-13 04:33:53,761 [INFO] 2026-05-13 04:33:53,761 [INFO] nadia_ai.utils.extraction: Lead 746: Tier B, heirs=0
2026-05-13 04:33:53,761 [INFO] 2026-05-13 04:33:53,761 [INFO] nadia_ai.scrapers.boe: Extracting text from: https://www.boe.es/diario_boe/txt.php?id=BOE-N-2026-188807
2026-05-13 04:33:57,389 [INFO] 2026-05-13 04:33:57,389 [INFO] nadia_ai.utils.extraction: Lead 747: Tier B, heirs=0
2026-05-13 04:33:57,389 [INFO] 2026-05-13 04:33:57,389 [INFO] nadia_ai.scrapers.boe: Extracting text from: https://www.boe.es/diario_boe/txt.php?id=BOE-N-2026-182351
2026-05-13 04:34:01,032 [INFO] 2026-05-13 04:34:01,032 [INFO] nadia_ai.utils.extraction: Lead 748: Tier B, heirs=0
2026-05-13 04:34:01,032 [INFO] 2026-05-13 04:34:01,032 [INFO] nadia_ai.scrapers.boe: Extracting text from: https://www.boe.es/diario_boe/txt.php?id=BOE-N-2026-182691
2026-05-13 04:34:04,646 [INFO] 2026-05-13 04:34:04,646 [INFO] nadia_ai.utils.extraction: Lead 749: Tier B, heirs=0
2026-05-13 04:34:04,647 [INFO] 2026-05-13 04:34:04,646 [INFO] nadia_ai.scrapers.boe: Extracting text from: https://www.boe.es/diario_boe/txt.php?id=BOE-N-2026-185296
2026-05-13 04:34:08,264 [INFO] 2026-05-13 04:34:08,264 [INFO] nadia_ai.utils.extraction: Lead 751: Tier B, heirs=0
2026-05-13 04:34:08,264 [INFO] 2026-05-13 04:34:08,264 [INFO] nadia_ai.scrapers.boe: Extracting text from: https://www.boe.es/diario_boe/txt.php?id=BOE-N-2026-185319
2026-05-13 04:34:11,904 [INFO] 2026-05-13 04:34:11,904 [INFO] nadia_ai.utils.extraction: Lead 758: Tier B, heirs=0
2026-05-13 04:34:11,904 [INFO] 2026-05-13 04:34:11,904 [INFO] nadia_ai.scrapers.boe: Extracting text from: https://www.boe.es/diario_boe/txt.php?id=BOE-N-2026-185342
2026-05-13 04:34:15,532 [INFO] 2026-05-13 04:34:15,532 [INFO] nadia_ai.utils.extraction: Lead 760: Tier B, heirs=0
2026-05-13 04:34:15,532 [INFO] 2026-05-13 04:34:15,532 [INFO] nadia_ai.scrapers.boe: Extracting text from: https://www.boe.es/diario_boe/txt.php?id=BOE-N-2026-185348
2026-05-13 04:34:19,126 [INFO] 2026-05-13 04:34:19,126 [INFO] nadia_ai.utils.extraction: Lead 761: Tier B, heirs=0
2026-05-13 04:34:19,126 [INFO] 2026-05-13 04:34:19,126 [INFO] nadia_ai.scrapers.boe: Extracting text from: https://www.boe.es/diario_boe/txt.php?id=BOE-N-2026-185372
2026-05-13 04:34:22,736 [INFO] 2026-05-13 04:34:22,736 [INFO] nadia_ai.utils.extraction: Lead 762: Tier B, heirs=0
2026-05-13 04:34:22,736 [INFO] 2026-05-13 04:34:22,736 [INFO] nadia_ai.scrapers.boe: Extracting text from: https://www.boe.es/diario_boe/txt.php?id=BOE-N-2026-185383
2026-05-13 04:34:26,349 [INFO] 2026-05-13 04:34:26,349 [INFO] nadia_ai.utils.extraction: Lead 763: Tier B, heirs=0
2026-05-13 04:34:26,350 [INFO] 2026-05-13 04:34:26,349 [INFO] nadia_ai.scrapers.boe: Extracting text from: https://www.boe.es/diario_boe/txt.php?id=BOE-N-2026-185384
2026-05-13 04:34:31,049 [INFO] 2026-05-13 04:34:31,049 [INFO] nadia_ai.utils.extraction: Lead 764: Tier B, heirs=0
2026-05-13 04:34:31,050 [INFO] 2026-05-13 04:34:31,049 [INFO] nadia_ai.scrapers.boe: Extracting text from: https://www.boe.es/diario_boe/txt.php?id=BOE-N-2026-185392
2026-05-13 04:34:34,783 [INFO] 2026-05-13 04:34:34,783 [INFO] nadia_ai.utils.extraction: Lead 765: Tier B, heirs=0
2026-05-13 04:34:34,783 [INFO] 2026-05-13 04:34:34,783 [INFO] nadia_ai.scrapers.boe: Extracting text from: https://www.boe.es/diario_boe/txt.php?id=BOE-N-2026-185675
2026-05-13 04:34:38,397 [INFO] 2026-05-13 04:34:38,396 [INFO] nadia_ai.utils.extraction: Lead 766: Tier B, heirs=0
2026-05-13 04:34:38,397 [INFO] 2026-05-13 04:34:38,397 [INFO] nadia_ai.extraction_loop: Enriched 108 leads in this batch. Total so far: 653
2026-05-13 04:34:38,397 [INFO] 2026-05-13 04:34:38,397 [INFO] nadia_ai.extraction_loop: Starting extraction batch...
2026-05-13 04:34:38,398 [INFO] 2026-05-13 04:34:38,398 [INFO] nadia_ai.scrapers.boe: Extracting text from: https://www.boe.es/diario_boe/txt.php?id=BOE-N-2026-197722
2026-05-13 04:34:42,048 [INFO] 2026-05-13 04:34:42,047 [INFO] nadia_ai.utils.extraction: Lead 707: Tier B, heirs=0
2026-05-13 04:34:42,048 [INFO] 2026-05-13 04:34:42,048 [INFO] nadia_ai.scrapers.boe: Extracting text from: https://www.boe.es/diario_boe/txt.php?id=BOE-N-2026-185725
2026-05-13 04:34:45,672 [INFO] 2026-05-13 04:34:45,672 [INFO] nadia_ai.utils.extraction: Lead 767: Tier B, heirs=0
2026-05-13 04:34:45,672 [INFO] 2026-05-13 04:34:45,672 [INFO] nadia_ai.scrapers.boe: Extracting text from: https://www.boe.es/diario_boe/txt.php?id=BOE-N-2026-186232
2026-05-13 04:34:49,288 [INFO] 2026-05-13 04:34:49,288 [INFO] nadia_ai.utils.extraction: Lead 768: Tier B, heirs=0
2026-05-13 04:34:49,288 [INFO] 2026-05-13 04:34:49,288 [INFO] nadia_ai.scrapers.boe: Extracting text from: https://www.boe.es/diario_boe/txt.php?id=BOE-N-2026-178194
2026-05-13 04:34:52,909 [INFO] 2026-05-13 04:34:52,909 [INFO] nadia_ai.utils.extraction: Lead 769: Tier B, heirs=0
2026-05-13 04:34:52,909 [INFO] 2026-05-13 04:34:52,909 [INFO] nadia_ai.scrapers.boe: Extracting text from: https://www.boe.es/diario_boe/txt.php?id=BOE-N-2026-179634
2026-05-13 04:34:56,539 [INFO] 2026-05-13 04:34:56,538 [INFO] nadia_ai.utils.extraction: Lead 770: Tier B, heirs=0
2026-05-13 04:34:56,539 [INFO] 2026-05-13 04:34:56,539 [INFO] nadia_ai.scrapers.boe: Extracting text from: https://www.boe.es/diario_boe/txt.php?id=BOE-N-2026-179636
2026-05-13 04:35:00,148 [INFO] 2026-05-13 04:35:00,148 [INFO] nadia_ai.utils.extraction: Lead 771: Tier B, heirs=0
2026-05-13 04:35:00,148 [INFO] 2026-05-13 04:35:00,148 [INFO] nadia_ai.scrapers.boe: Extracting text from: https://www.boe.es/diario_boe/txt.php?id=BOE-N-2026-179638
2026-05-13 04:35:03,786 [INFO] 2026-05-13 04:35:03,786 [INFO] nadia_ai.utils.extraction: Lead 772: Tier B, heirs=0
2026-05-13 04:35:03,786 [INFO] 2026-05-13 04:35:03,786 [INFO] nadia_ai.scrapers.boe: Extracting text from: https://www.boe.es/diario_boe/txt.php?id=BOE-N-2026-179651
2026-05-13 04:35:07,411 [INFO] 2026-05-13 04:35:07,411 [INFO] nadia_ai.utils.extraction: Lead 774: Tier B, heirs=0
2026-05-13 04:35:07,411 [INFO] 2026-05-13 04:35:07,411 [INFO] nadia_ai.scrapers.boe: Extracting text from: https://www.boe.es/diario_boe/txt.php?id=BOE-N-2026-179654
2026-05-13 04:35:11,038 [INFO] 2026-05-13 04:35:11,037 [INFO] nadia_ai.utils.extraction: Lead 775: Tier B, heirs=0
2026-05-13 04:35:11,038 [INFO] 2026-05-13 04:35:11,038 [INFO] nadia_ai.scrapers.boe: Extracting text from: https://www.boe.es/diario_boe/txt.php?id=BOE-N-2026-179666
2026-05-13 04:35:14,644 [INFO] 2026-05-13 04:35:14,644 [INFO] nadia_ai.utils.extraction: Lead 776: Tier B, heirs=0
2026-05-13 04:35:14,644 [INFO] 2026-05-13 04:35:14,644 [INFO] nadia_ai.scrapers.boe: Extracting text from: https://www.boe.es/diario_boe/txt.php?id=BOE-N-2026-179675
2026-05-13 04:35:18,267 [INFO] 2026-05-13 04:35:18,267 [INFO] nadia_ai.utils.extraction: Lead 777: Tier B, heirs=0
2026-05-13 04:35:18,268 [INFO] 2026-05-13 04:35:18,267 [INFO] nadia_ai.scrapers.boe: Extracting text from: https://www.boe.es/diario_boe/txt.php?id=BOE-N-2026-179677
2026-05-13 04:35:21,888 [INFO] 2026-05-13 04:35:21,888 [INFO] nadia_ai.utils.extraction: Lead 778: Tier B, heirs=0
2026-05-13 04:35:21,888 [INFO] 2026-05-13 04:35:21,888 [INFO] nadia_ai.scrapers.boe: Extracting text from: https://www.boe.es/diario_boe/txt.php?id=BOE-N-2026-179713
2026-05-13 04:35:26,769 [INFO] 2026-05-13 04:35:26,769 [INFO] nadia_ai.utils.extraction: Lead 781: Tier B, heirs=0
2026-05-13 04:35:26,769 [INFO] 2026-05-13 04:35:26,769 [INFO] nadia_ai.scrapers.boe: Extracting text from: https://www.boe.es/diario_boe/txt.php?id=BOE-N-2026-180621
2026-05-13 04:35:30,335 [INFO] 2026-05-13 04:35:30,334 [INFO] nadia_ai.utils.extraction: Lead 782: Tier B, heirs=0
2026-05-13 04:35:30,335 [INFO] 2026-05-13 04:35:30,335 [INFO] nadia_ai.scrapers.boe: Extracting text from: https://www.boe.es/diario_boe/txt.php?id=BOE-N-2026-173513
2026-05-13 04:35:33,953 [INFO] 2026-05-13 04:35:33,953 [INFO] nadia_ai.utils.extraction: Lead 783: Tier B, heirs=0
2026-05-13 04:35:33,953 [INFO] 2026-05-13 04:35:33,953 [INFO] nadia_ai.scrapers.boe: Extracting text from: https://www.boe.es/diario_boe/txt.php?id=BOE-N-2026-173519
2026-05-13 04:35:37,579 [INFO] 2026-05-13 04:35:37,579 [INFO] nadia_ai.utils.extraction: Lead 784: Tier B, heirs=0
2026-05-13 04:35:37,579 [INFO] 2026-05-13 04:35:37,579 [INFO] nadia_ai.scrapers.boe: Extracting text from: https://www.boe.es/diario_boe/txt.php?id=BOE-N-2026-173520
2026-05-13 04:35:41,206 [INFO] 2026-05-13 04:35:41,206 [INFO] nadia_ai.utils.extraction: Lead 785: Tier B, heirs=0
2026-05-13 04:35:41,207 [INFO] 2026-05-13 04:35:41,206 [INFO] nadia_ai.scrapers.boe: Extracting text from: https://www.boe.es/diario_boe/txt.php?id=BOE-N-2026-176492
2026-05-13 04:35:44,822 [INFO] 2026-05-13 04:35:44,822 [INFO] nadia_ai.utils.extraction: Lead 789: Tier B, heirs=0
2026-05-13 04:35:44,822 [INFO] 2026-05-13 04:35:44,822 [INFO] nadia_ai.scrapers.boe: Extracting text from: https://www.boe.es/diario_boe/txt.php?id=BOE-N-2026-176499
2026-05-13 04:35:48,461 [INFO] 2026-05-13 04:35:48,461 [INFO] nadia_ai.utils.extraction: Lead 790: Tier B, heirs=0
2026-05-13 04:35:48,461 [INFO] 2026-05-13 04:35:48,461 [INFO] nadia_ai.scrapers.boe: Extracting text from: https://www.boe.es/diario_boe/txt.php?id=BOE-N-2026-176506
2026-05-13 04:35:52,077 [INFO] 2026-05-13 04:35:52,077 [INFO] nadia_ai.utils.extraction: Lead 791: Tier B, heirs=0
2026-05-13 04:35:52,077 [INFO] 2026-05-13 04:35:52,077 [INFO] nadia_ai.scrapers.boe: Extracting text from: https://www.boe.es/diario_boe/txt.php?id=BOE-N-2026-176523
2026-05-13 04:35:55,710 [INFO] 2026-05-13 04:35:55,710 [INFO] nadia_ai.utils.extraction: Lead 792: Tier B, heirs=0
2026-05-13 04:35:55,710 [INFO] 2026-05-13 04:35:55,710 [INFO] nadia_ai.scrapers.boe: Extracting text from: https://www.boe.es/diario_boe/txt.php?id=BOE-N-2026-176527
2026-05-13 04:35:59,340 [INFO] 2026-05-13 04:35:59,340 [INFO] nadia_ai.utils.extraction: Lead 793: Tier B, heirs=0
2026-05-13 04:35:59,340 [INFO] 2026-05-13 04:35:59,340 [INFO] nadia_ai.scrapers.boe: Extracting text from: https://www.boe.es/diario_boe/txt.php?id=BOE-N-2026-176529
2026-05-13 04:36:02,952 [INFO] 2026-05-13 04:36:02,952 [INFO] nadia_ai.utils.extraction: Lead 794: Tier B, heirs=0
2026-05-13 04:36:02,952 [INFO] 2026-05-13 04:36:02,952 [INFO] nadia_ai.scrapers.boe: Extracting text from: https://www.boe.es/diario_boe/txt.php?id=BOE-N-2026-176532
2026-05-13 04:36:06,560 [INFO] 2026-05-13 04:36:06,559 [INFO] nadia_ai.utils.extraction: Lead 795: Tier B, heirs=0
2026-05-13 04:36:06,560 [INFO] 2026-05-13 04:36:06,560 [INFO] nadia_ai.scrapers.boe: Extracting text from: https://www.boe.es/diario_boe/txt.php?id=BOE-N-2026-176533
2026-05-13 04:36:10,188 [INFO] 2026-05-13 04:36:10,187 [INFO] nadia_ai.utils.extraction: Lead 796: Tier B, heirs=0
2026-05-13 04:36:10,188 [INFO] 2026-05-13 04:36:10,187 [INFO] nadia_ai.scrapers.boe: Extracting text from: https://www.boe.es/diario_boe/txt.php?id=BOE-N-2026-176555
2026-05-13 04:36:13,812 [INFO] 2026-05-13 04:36:13,812 [INFO] nadia_ai.utils.extraction: Lead 798: Tier B, heirs=0
2026-05-13 04:36:13,813 [INFO] 2026-05-13 04:36:13,812 [INFO] nadia_ai.scrapers.boe: Extracting text from: https://www.boe.es/diario_boe/txt.php?id=BOE-N-2026-176564
2026-05-13 04:36:17,424 [INFO] 2026-05-13 04:36:17,423 [INFO] nadia_ai.utils.extraction: Lead 799: Tier B, heirs=0
2026-05-13 04:36:17,424 [INFO] 2026-05-13 04:36:17,423 [INFO] nadia_ai.scrapers.boe: Extracting text from: https://www.boe.es/diario_boe/txt.php?id=BOE-N-2026-176983
2026-05-13 04:36:21,054 [INFO] 2026-05-13 04:36:21,054 [INFO] nadia_ai.utils.extraction: Lead 801: Tier B, heirs=0
2026-05-13 04:36:21,054 [INFO] 2026-05-13 04:36:21,054 [INFO] nadia_ai.scrapers.boe: Extracting text from: https://www.boe.es/diario_boe/txt.php?id=BOE-N-2026-176985
2026-05-13 04:36:24,694 [INFO] 2026-05-13 04:36:24,694 [INFO] nadia_ai.utils.extraction: Lead 802: Tier B, heirs=0
2026-05-13 04:36:24,694 [INFO] 2026-05-13 04:36:24,694 [INFO] nadia_ai.scrapers.boe: Extracting text from: https://www.boe.es/diario_boe/txt.php?id=BOE-N-2026-171823
2026-05-13 04:36:28,306 [INFO] 2026-05-13 04:36:28,305 [INFO] nadia_ai.utils.extraction: Lead 803: Tier B, heirs=0
2026-05-13 04:36:28,306 [INFO] 2026-05-13 04:36:28,306 [INFO] nadia_ai.scrapers.boe: Extracting text from: https://www.boe.es/diario_boe/txt.php?id=BOE-N-2026-171837
2026-05-13 04:36:31,912 [INFO] 2026-05-13 04:36:31,912 [INFO] nadia_ai.utils.extraction: Lead 805: Tier B, heirs=0
2026-05-13 04:36:31,913 [INFO] 2026-05-13 04:36:31,912 [INFO] nadia_ai.scrapers.boe: Extracting text from: https://www.boe.es/diario_boe/txt.php?id=BOE-N-2026-171838
2026-05-13 04:36:35,563 [INFO] 2026-05-13 04:36:35,563 [INFO] nadia_ai.utils.extraction: Lead 806: Tier B, heirs=0
2026-05-13 04:36:35,564 [INFO] 2026-05-13 04:36:35,563 [INFO] nadia_ai.scrapers.boe: Extracting text from: https://www.boe.es/diario_boe/txt.php?id=BOE-N-2026-171841
2026-05-13 04:36:39,197 [INFO] 2026-05-13 04:36:39,196 [INFO] nadia_ai.utils.extraction: Lead 807: Tier B, heirs=0
2026-05-13 04:36:39,197 [INFO] 2026-05-13 04:36:39,197 [INFO] nadia_ai.scrapers.boe: Extracting text from: https://www.boe.es/diario_boe/txt.php?id=BOE-N-2026-171848
2026-05-13 04:36:42,785 [INFO] 2026-05-13 04:36:42,785 [INFO] nadia_ai.utils.extraction: Lead 808: Tier B, heirs=0
2026-05-13 04:36:42,785 [INFO] 2026-05-13 04:36:42,785 [INFO] nadia_ai.scrapers.boe: Extracting text from: https://www.boe.es/diario_boe/txt.php?id=BOE-N-2026-171849
2026-05-13 04:36:46,400 [INFO] 2026-05-13 04:36:46,399 [INFO] nadia_ai.utils.extraction: Lead 809: Tier B, heirs=0
2026-05-13 04:36:46,400 [INFO] 2026-05-13 04:36:46,400 [INFO] nadia_ai.scrapers.boe: Extracting text from: https://www.boe.es/diario_boe/txt.php?id=BOE-N-2026-171853
2026-05-13 04:36:51,098 [INFO] 2026-05-13 04:36:51,098 [INFO] nadia_ai.utils.extraction: Lead 810: Tier B, heirs=0
2026-05-13 04:36:51,098 [INFO] 2026-05-13 04:36:51,098 [INFO] nadia_ai.scrapers.boe: Extracting text from: https://www.boe.es/diario_boe/txt.php?id=BOE-N-2026-171865
2026-05-13 04:36:54,738 [INFO] 2026-05-13 04:36:54,737 [INFO] nadia_ai.utils.extraction: Lead 811: Tier B, heirs=0
2026-05-13 04:36:54,738 [INFO] 2026-05-13 04:36:54,737 [INFO] nadia_ai.scrapers.boe: Extracting text from: https://www.boe.es/diario_boe/txt.php?id=BOE-N-2026-171866
2026-05-13 04:36:58,534 [INFO] 2026-05-13 04:36:58,534 [INFO] nadia_ai.utils.extraction: Lead 812: Tier B, heirs=0
2026-05-13 04:36:58,534 [INFO] 2026-05-13 04:36:58,534 [INFO] nadia_ai.scrapers.boe: Extracting text from: https://www.boe.es/diario_boe/txt.php?id=BOE-N-2026-171869
2026-05-13 04:37:02,214 [INFO] 2026-05-13 04:37:02,214 [INFO] nadia_ai.utils.extraction: Lead 813: Tier B, heirs=0
2026-05-13 04:37:02,214 [INFO] 2026-05-13 04:37:02,214 [INFO] nadia_ai.scrapers.boe: Extracting text from: https://www.boe.es/diario_boe/txt.php?id=BOE-N-2026-171889
2026-05-13 04:37:05,895 [INFO] 2026-05-13 04:37:05,894 [INFO] nadia_ai.utils.extraction: Lead 815: Tier B, heirs=0
2026-05-13 04:37:05,895 [INFO] 2026-05-13 04:37:05,895 [INFO] nadia_ai.scrapers.boe: Extracting text from: https://www.boe.es/diario_boe/txt.php?id=BOE-N-2026-171901
2026-05-13 04:37:09,542 [INFO] 2026-05-13 04:37:09,542 [INFO] nadia_ai.utils.extraction: Lead 816: Tier B, heirs=0
2026-05-13 04:37:09,542 [INFO] 2026-05-13 04:37:09,542 [INFO] nadia_ai.scrapers.boe: Extracting text from: https://www.boe.es/diario_boe/txt.php?id=BOE-N-2026-171904
2026-05-13 04:37:13,172 [INFO] 2026-05-13 04:37:13,172 [INFO] nadia_ai.utils.extraction: Lead 817: Tier B, heirs=0
2026-05-13 04:37:13,172 [INFO] 2026-05-13 04:37:13,172 [INFO] nadia_ai.scrapers.boe: Extracting text from: https://www.boe.es/diario_boe/txt.php?id=BOE-N-2026-171908
2026-05-13 04:37:16,814 [INFO] 2026-05-13 04:37:16,814 [INFO] nadia_ai.utils.extraction: Lead 818: Tier B, heirs=0
2026-05-13 04:37:16,815 [INFO] 2026-05-13 04:37:16,814 [INFO] nadia_ai.scrapers.boe: Extracting text from: https://www.boe.es/diario_boe/txt.php?id=BOE-N-2026-171912
2026-05-13 04:37:20,444 [INFO] 2026-05-13 04:37:20,444 [INFO] nadia_ai.utils.extraction: Lead 819: Tier B, heirs=0
2026-05-13 04:37:20,444 [INFO] 2026-05-13 04:37:20,444 [INFO] nadia_ai.scrapers.boe: Extracting text from: https://www.boe.es/diario_boe/txt.php?id=BOE-N-2026-171917
2026-05-13 04:37:24,039 [INFO] 2026-05-13 04:37:24,039 [INFO] nadia_ai.utils.extraction: Lead 820: Tier B, heirs=0
2026-05-13 04:37:24,039 [INFO] 2026-05-13 04:37:24,039 [INFO] nadia_ai.scrapers.boe: Extracting text from: https://www.boe.es/diario_boe/txt.php?id=BOE-N-2026-172282
2026-05-13 04:37:27,660 [INFO] 2026-05-13 04:37:27,660 [INFO] nadia_ai.utils.extraction: Lead 821: Tier B, heirs=0
2026-05-13 04:37:27,660 [INFO] 2026-05-13 04:37:27,660 [INFO] nadia_ai.scrapers.boe: Extracting text from: https://www.boe.es/diario_boe/txt.php?id=BOE-N-2026-172311
2026-05-13 04:37:31,296 [INFO] 2026-05-13 04:37:31,296 [INFO] nadia_ai.utils.extraction: Lead 822: Tier B, heirs=0
2026-05-13 04:37:31,296 [INFO] 2026-05-13 04:37:31,296 [INFO] nadia_ai.scrapers.boe: Extracting text from: https://www.boe.es/diario_boe/txt.php?id=BOE-N-2026-172312
2026-05-13 04:37:34,914 [INFO] 2026-05-13 04:37:34,914 [INFO] nadia_ai.utils.extraction: Lead 823: Tier B, heirs=0
2026-05-13 04:37:34,914 [INFO] 2026-05-13 04:37:34,914 [INFO] nadia_ai.scrapers.boe: Extracting text from: https://www.boe.es/diario_boe/txt.php?id=BOE-N-2026-164523
2026-05-13 04:37:38,548 [INFO] 2026-05-13 04:37:38,548 [INFO] nadia_ai.utils.extraction: Lead 824: Tier B, heirs=0
2026-05-13 04:37:38,548 [INFO] 2026-05-13 04:37:38,548 [INFO] nadia_ai.scrapers.boe: Extracting text from: https://www.boe.es/diario_boe/txt.php?id=BOE-N-2026-166433
2026-05-13 04:37:42,160 [INFO] 2026-05-13 04:37:42,159 [INFO] nadia_ai.utils.extraction: Lead 825: Tier B, heirs=0
2026-05-13 04:37:42,160 [INFO] 2026-05-13 04:37:42,160 [INFO] nadia_ai.scrapers.boe: Extracting text from: https://www.boe.es/diario_boe/txt.php?id=BOE-N-2026-166453
2026-05-13 04:37:45,768 [INFO] 2026-05-13 04:37:45,768 [INFO] nadia_ai.utils.extraction: Lead 826: Tier B, heirs=0
2026-05-13 04:37:45,768 [INFO] 2026-05-13 04:37:45,768 [INFO] nadia_ai.scrapers.boe: Extracting text from: https://www.boe.es/diario_boe/txt.php?id=BOE-N-2026-166456
2026-05-13 04:37:49,396 [INFO] 2026-05-13 04:37:49,395 [INFO] nadia_ai.utils.extraction: Lead 827: Tier B, heirs=0
2026-05-13 04:37:49,396 [INFO] 2026-05-13 04:37:49,396 [INFO] nadia_ai.scrapers.boe: Extracting text from: https://www.boe.es/diario_boe/txt.php?id=BOE-N-2026-166458
2026-05-13 04:37:53,037 [INFO] 2026-05-13 04:37:53,037 [INFO] nadia_ai.utils.extraction: Lead 828: Tier B, heirs=0
2026-05-13 04:37:53,037 [INFO] 2026-05-13 04:37:53,037 [INFO] nadia_ai.scrapers.boe: Extracting text from: https://www.boe.es/diario_boe/txt.php?id=BOE-N-2026-166463
2026-05-13 04:37:56,650 [INFO] 2026-05-13 04:37:56,649 [INFO] nadia_ai.utils.extraction: Lead 829: Tier B, heirs=0
2026-05-13 04:37:56,650 [INFO] 2026-05-13 04:37:56,650 [INFO] nadia_ai.scrapers.boe: Extracting text from: https://www.boe.es/diario_boe/txt.php?id=BOE-N-2026-166525
2026-05-13 04:38:00,261 [INFO] 2026-05-13 04:38:00,261 [INFO] nadia_ai.utils.extraction: Lead 831: Tier B, heirs=0
2026-05-13 04:38:00,262 [INFO] 2026-05-13 04:38:00,261 [INFO] nadia_ai.scrapers.boe: Extracting text from: https://www.boe.es/diario_boe/txt.php?id=BOE-N-2026-166786
2026-05-13 04:38:03,877 [INFO] 2026-05-13 04:38:03,877 [INFO] nadia_ai.utils.extraction: Lead 832: Tier B, heirs=0
2026-05-13 04:38:03,877 [INFO] 2026-05-13 04:38:03,877 [INFO] nadia_ai.scrapers.boe: Extracting text from: https://www.boe.es/diario_boe/txt.php?id=BOE-N-2026-166863
2026-05-13 04:38:07,527 [INFO] 2026-05-13 04:38:07,527 [INFO] nadia_ai.utils.extraction: Lead 833: Tier B, heirs=0
2026-05-13 04:38:07,527 [INFO] 2026-05-13 04:38:07,527 [INFO] nadia_ai.scrapers.boe: Extracting text from: https://www.boe.es/diario_boe/txt.php?id=BOE-N-2026-161713
2026-05-13 04:38:11,134 [INFO] 2026-05-13 04:38:11,134 [INFO] nadia_ai.utils.extraction: Lead 834: Tier B, heirs=0
2026-05-13 04:38:11,134 [INFO] 2026-05-13 04:38:11,134 [INFO] nadia_ai.scrapers.boe: Extracting text from: https://www.boe.es/diario_boe/txt.php?id=BOE-N-2026-163508
2026-05-13 04:38:14,732 [INFO] 2026-05-13 04:38:14,732 [INFO] nadia_ai.utils.extraction: Lead 835: Tier B, heirs=0
2026-05-13 04:38:14,733 [INFO] 2026-05-13 04:38:14,732 [INFO] nadia_ai.scrapers.boe: Extracting text from: https://www.boe.es/diario_boe/txt.php?id=BOE-N-2026-163520
2026-05-13 04:38:18,367 [INFO] 2026-05-13 04:38:18,367 [INFO] nadia_ai.utils.extraction: Lead 837: Tier B, heirs=0
2026-05-13 04:38:18,367 [INFO] 2026-05-13 04:38:18,367 [INFO] nadia_ai.scrapers.boe: Extracting text from: https://www.boe.es/diario_boe/txt.php?id=BOE-N-2026-163555
2026-05-13 04:38:22,002 [INFO] 2026-05-13 04:38:22,002 [INFO] nadia_ai.utils.extraction: Lead 840: Tier B, heirs=0
2026-05-13 04:38:22,002 [INFO] 2026-05-13 04:38:22,002 [INFO] nadia_ai.scrapers.boe: Extracting text from: https://www.boe.es/diario_boe/txt.php?id=BOE-N-2026-163558
2026-05-13 04:38:25,635 [INFO] 2026-05-13 04:38:25,635 [INFO] nadia_ai.utils.extraction: Lead 841: Tier B, heirs=0
2026-05-13 04:38:25,635 [INFO] 2026-05-13 04:38:25,635 [INFO] nadia_ai.scrapers.boe: Extracting text from: https://www.boe.es/diario_boe/txt.php?id=BOE-N-2026-163562
2026-05-13 04:38:29,239 [INFO] 2026-05-13 04:38:29,239 [INFO] nadia_ai.utils.extraction: Lead 842: Tier B, heirs=0
2026-05-13 04:38:29,239 [INFO] 2026-05-13 04:38:29,239 [INFO] nadia_ai.scrapers.boe: Extracting text from: https://www.boe.es/diario_boe/txt.php?id=BOE-N-2026-163578
2026-05-13 04:38:32,903 [INFO] 2026-05-13 04:38:32,903 [INFO] nadia_ai.utils.extraction: Lead 844: Tier B, heirs=0
2026-05-13 04:38:32,903 [INFO] 2026-05-13 04:38:32,903 [INFO] nadia_ai.scrapers.boe: Extracting text from: https://www.boe.es/diario_boe/txt.php?id=BOE-N-2026-163588
2026-05-13 04:38:36,517 [INFO] 2026-05-13 04:38:36,517 [INFO] nadia_ai.utils.extraction: Lead 847: Tier B, heirs=0
2026-05-13 04:38:36,517 [INFO] 2026-05-13 04:38:36,517 [INFO] nadia_ai.scrapers.boe: Extracting text from: https://www.boe.es/diario_boe/txt.php?id=BOE-N-2026-163597
2026-05-13 04:38:41,228 [INFO] 2026-05-13 04:38:41,228 [INFO] nadia_ai.utils.extraction: Lead 848: Tier B, heirs=0
2026-05-13 04:38:41,228 [INFO] 2026-05-13 04:38:41,228 [INFO] nadia_ai.scrapers.boe: Extracting text from: https://www.boe.es/diario_boe/txt.php?id=BOE-N-2026-163599
2026-05-13 04:38:44,868 [INFO] 2026-05-13 04:38:44,868 [INFO] nadia_ai.utils.extraction: Lead 849: Tier B, heirs=0
2026-05-13 04:38:44,868 [INFO] 2026-05-13 04:38:44,868 [INFO] nadia_ai.scrapers.boe: Extracting text from: https://www.boe.es/diario_boe/txt.php?id=BOE-N-2026-156093
2026-05-13 04:38:48,521 [INFO] 2026-05-13 04:38:48,521 [INFO] nadia_ai.utils.extraction: Lead 850: Tier B, heirs=0
2026-05-13 04:38:48,521 [INFO] 2026-05-13 04:38:48,521 [INFO] nadia_ai.scrapers.boe: Extracting text from: https://www.boe.es/diario_boe/txt.php?id=BOE-N-2026-146101
2026-05-13 04:38:52,169 [INFO] 2026-05-13 04:38:52,169 [INFO] nadia_ai.utils.extraction: Lead 880: Tier B, heirs=0
2026-05-13 04:38:52,169 [INFO] 2026-05-13 04:38:52,169 [INFO] nadia_ai.scrapers.boe: Extracting text from: https://www.boe.es/diario_boe/txt.php?id=BOE-N-2026-147505
2026-05-13 04:38:55,786 [INFO] 2026-05-13 04:38:55,786 [INFO] nadia_ai.utils.extraction: Lead 881: Tier B, heirs=0
2026-05-13 04:38:55,786 [INFO] 2026-05-13 04:38:55,786 [INFO] nadia_ai.scrapers.boe: Extracting text from: https://www.boe.es/diario_boe/txt.php?id=BOE-N-2026-145025
2026-05-13 04:38:59,409 [INFO] 2026-05-13 04:38:59,409 [INFO] nadia_ai.utils.extraction: Lead 907: Tier B, heirs=0
2026-05-13 04:38:59,409 [INFO] 2026-05-13 04:38:59,409 [INFO] nadia_ai.scrapers.boe: Extracting text from: https://www.boe.es/diario_boe/txt.php?id=BOE-N-2026-145026
2026-05-13 04:39:03,052 [INFO] 2026-05-13 04:39:03,051 [INFO] nadia_ai.utils.extraction: Lead 908: Tier B, heirs=0
2026-05-13 04:39:03,052 [INFO] 2026-05-13 04:39:03,051 [INFO] nadia_ai.scrapers.boe: Extracting text from: https://www.boe.es/diario_boe/txt.php?id=BOE-N-2026-145035
2026-05-13 04:39:06,691 [INFO] 2026-05-13 04:39:06,691 [INFO] nadia_ai.utils.extraction: Lead 909: Tier B, heirs=0
2026-05-13 04:39:06,691 [INFO] 2026-05-13 04:39:06,691 [INFO] nadia_ai.scrapers.boe: Extracting text from: https://www.boe.es/diario_boe/txt.php?id=BOE-N-2026-145036
2026-05-13 04:39:10,307 [INFO] 2026-05-13 04:39:10,307 [INFO] nadia_ai.utils.extraction: Lead 910: Tier B, heirs=0
2026-05-13 04:39:10,307 [INFO] 2026-05-13 04:39:10,307 [INFO] nadia_ai.scrapers.boe: Extracting text from: https://www.boe.es/diario_boe/txt.php?id=BOE-N-2026-145042
2026-05-13 04:39:13,921 [INFO] 2026-05-13 04:39:13,921 [INFO] nadia_ai.utils.extraction: Lead 911: Tier B, heirs=0
2026-05-13 04:39:13,921 [INFO] 2026-05-13 04:39:13,921 [INFO] nadia_ai.scrapers.boe: Extracting text from: https://www.boe.es/diario_boe/txt.php?id=BOE-N-2026-145043
2026-05-13 04:39:17,550 [INFO] 2026-05-13 04:39:17,550 [INFO] nadia_ai.utils.extraction: Lead 912: Tier B, heirs=0
2026-05-13 04:39:17,550 [INFO] 2026-05-13 04:39:17,550 [INFO] nadia_ai.scrapers.boe: Extracting text from: https://www.boe.es/diario_boe/txt.php?id=BOE-N-2026-145049
2026-05-13 04:39:21,165 [INFO] 2026-05-13 04:39:21,165 [INFO] nadia_ai.utils.extraction: Lead 913: Tier B, heirs=0
2026-05-13 04:39:21,166 [INFO] 2026-05-13 04:39:21,165 [INFO] nadia_ai.scrapers.boe: Extracting text from: https://www.boe.es/diario_boe/txt.php?id=BOE-N-2026-145071
2026-05-13 04:39:24,794 [INFO] 2026-05-13 04:39:24,794 [INFO] nadia_ai.utils.extraction: Lead 914: Tier B, heirs=0
2026-05-13 04:39:24,794 [INFO] 2026-05-13 04:39:24,794 [INFO] nadia_ai.scrapers.boe: Extracting text from: https://www.boe.es/diario_boe/txt.php?id=BOE-N-2026-145072
2026-05-13 04:39:28,413 [INFO] 2026-05-13 04:39:28,413 [INFO] nadia_ai.utils.extraction: Lead 915: Tier B, heirs=0
2026-05-13 04:39:28,413 [INFO] 2026-05-13 04:39:28,413 [INFO] nadia_ai.scrapers.boe: Extracting text from: https://www.boe.es/diario_boe/txt.php?id=BOE-N-2026-145075
2026-05-13 04:39:32,026 [INFO] 2026-05-13 04:39:32,026 [INFO] nadia_ai.utils.extraction: Lead 916: Tier B, heirs=0
2026-05-13 04:39:32,026 [INFO] 2026-05-13 04:39:32,026 [INFO] nadia_ai.scrapers.boe: Extracting text from: https://www.boe.es/diario_boe/txt.php?id=BOE-N-2026-145076
2026-05-13 04:39:35,647 [INFO] 2026-05-13 04:39:35,647 [INFO] nadia_ai.utils.extraction: Lead 917: Tier B, heirs=0
2026-05-13 04:39:35,648 [INFO] 2026-05-13 04:39:35,647 [INFO] nadia_ai.scrapers.boe: Extracting text from: https://www.boe.es/diario_boe/txt.php?id=BOE-N-2026-145078
2026-05-13 04:39:39,289 [INFO] 2026-05-13 04:39:39,289 [INFO] nadia_ai.utils.extraction: Lead 918: Tier B, heirs=0
2026-05-13 04:39:39,289 [INFO] 2026-05-13 04:39:39,289 [INFO] nadia_ai.scrapers.boe: Extracting text from: https://www.boe.es/diario_boe/txt.php?id=BOE-N-2026-145094
2026-05-13 04:39:43,040 [INFO] 2026-05-13 04:39:43,040 [INFO] nadia_ai.utils.extraction: Lead 919: Tier B, heirs=0
2026-05-13 04:39:43,040 [INFO] 2026-05-13 04:39:43,040 [INFO] nadia_ai.scrapers.boe: Extracting text from: https://www.boe.es/diario_boe/txt.php?id=BOE-N-2026-145888
2026-05-13 04:39:46,668 [INFO] 2026-05-13 04:39:46,668 [INFO] nadia_ai.utils.extraction: Lead 920: Tier B, heirs=0
2026-05-13 04:39:46,668 [INFO] 2026-05-13 04:39:46,668 [INFO] nadia_ai.scrapers.boe: Extracting text from: https://www.boe.es/diario_boe/txt.php?id=BOE-N-2026-138010
2026-05-13 04:39:50,332 [INFO] 2026-05-13 04:39:50,332 [INFO] nadia_ai.utils.extraction: Lead 921: Tier B, heirs=0
2026-05-13 04:39:50,332 [INFO] 2026-05-13 04:39:50,332 [INFO] nadia_ai.scrapers.boe: Extracting text from: https://www.boe.es/diario_boe/txt.php?id=BOE-N-2026-138011
2026-05-13 04:39:54,079 [INFO] 2026-05-13 04:39:54,079 [INFO] nadia_ai.utils.extraction: Lead 922: Tier B, heirs=0
2026-05-13 04:39:54,079 [INFO] 2026-05-13 04:39:54,079 [INFO] nadia_ai.scrapers.boe: Extracting text from: https://www.boe.es/diario_boe/txt.php?id=BOE-N-2026-138012
2026-05-13 04:39:57,826 [INFO] 2026-05-13 04:39:57,826 [INFO] nadia_ai.utils.extraction: Lead 923: Tier B, heirs=0
2026-05-13 04:39:57,826 [INFO] 2026-05-13 04:39:57,826 [INFO] nadia_ai.scrapers.boe: Extracting text from: https://www.boe.es/diario_boe/txt.php?id=BOE-N-2026-138013
2026-05-13 04:40:01,418 [INFO] 2026-05-13 04:40:01,417 [INFO] nadia_ai.utils.extraction: Lead 924: Tier B, heirs=0
2026-05-13 04:40:01,418 [INFO] 2026-05-13 04:40:01,417 [INFO] nadia_ai.scrapers.boe: Extracting text from: https://www.boe.es/diario_boe/txt.php?id=BOE-N-2026-139477
2026-05-13 04:40:06,091 [INFO] 2026-05-13 04:40:06,091 [INFO] nadia_ai.utils.extraction: Lead 925: Tier B, heirs=0
2026-05-13 04:40:06,091 [INFO] 2026-05-13 04:40:06,091 [INFO] nadia_ai.scrapers.boe: Extracting text from: https://www.boe.es/diario_boe/txt.php?id=BOE-N-2026-140410
2026-05-13 04:40:09,907 [INFO] 2026-05-13 04:40:09,907 [INFO] nadia_ai.utils.extraction: Lead 926: Tier B, heirs=0
2026-05-13 04:40:09,907 [INFO] 2026-05-13 04:40:09,907 [INFO] nadia_ai.scrapers.boe: Extracting text from: https://www.boe.es/diario_boe/txt.php?id=BOE-N-2026-141929
2026-05-13 04:40:13,576 [INFO] 2026-05-13 04:40:13,576 [INFO] nadia_ai.utils.extraction: Lead 927: Tier B, heirs=0
2026-05-13 04:40:13,576 [INFO] 2026-05-13 04:40:13,576 [INFO] nadia_ai.scrapers.boe: Extracting text from: https://www.boe.es/diario_boe/txt.php?id=BOE-N-2026-141935
2026-05-13 04:40:17,201 [INFO] 2026-05-13 04:40:17,201 [INFO] nadia_ai.utils.extraction: Lead 928: Tier B, heirs=0
2026-05-13 04:40:17,201 [INFO] 2026-05-13 04:40:17,201 [INFO] nadia_ai.scrapers.boe: Extracting text from: https://www.boe.es/diario_boe/txt.php?id=BOE-N-2026-141948
2026-05-13 04:40:20,831 [INFO] 2026-05-13 04:40:20,831 [INFO] nadia_ai.utils.extraction: Lead 929: Tier B, heirs=0
2026-05-13 04:40:20,832 [INFO] 2026-05-13 04:40:20,831 [INFO] nadia_ai.scrapers.boe: Extracting text from: https://www.boe.es/diario_boe/txt.php?id=BOE-N-2026-141957
2026-05-13 04:40:24,486 [INFO] 2026-05-13 04:40:24,486 [INFO] nadia_ai.utils.extraction: Lead 931: Tier B, heirs=0
2026-05-13 04:40:24,486 [INFO] 2026-05-13 04:40:24,486 [INFO] nadia_ai.scrapers.boe: Extracting text from: https://www.boe.es/diario_boe/txt.php?id=BOE-N-2026-141975
2026-05-13 04:40:28,151 [INFO] 2026-05-13 04:40:28,151 [INFO] nadia_ai.utils.extraction: Lead 933: Tier B, heirs=0
2026-05-13 04:40:28,151 [INFO] 2026-05-13 04:40:28,151 [INFO] nadia_ai.scrapers.boe: Extracting text from: https://www.boe.es/diario_boe/txt.php?id=BOE-N-2026-141982
2026-05-13 04:40:31,786 [INFO] 2026-05-13 04:40:31,786 [INFO] nadia_ai.utils.extraction: Lead 934: Tier B, heirs=0
2026-05-13 04:40:31,786 [INFO] 2026-05-13 04:40:31,786 [INFO] nadia_ai.scrapers.boe: Extracting text from: https://www.boe.es/diario_boe/txt.php?id=BOE-N-2026-141993
2026-05-13 04:40:35,424 [INFO] 2026-05-13 04:40:35,424 [INFO] nadia_ai.utils.extraction: Lead 935: Tier B, heirs=0
2026-05-13 04:40:35,424 [INFO] 2026-05-13 04:40:35,424 [INFO] nadia_ai.scrapers.boe: Extracting text from: https://www.boe.es/diario_boe/txt.php?id=BOE-N-2026-141994
2026-05-13 04:40:39,031 [INFO] 2026-05-13 04:40:39,031 [INFO] nadia_ai.utils.extraction: Lead 936: Tier B, heirs=0
2026-05-13 04:40:39,031 [INFO] 2026-05-13 04:40:39,031 [INFO] nadia_ai.scrapers.boe: Extracting text from: https://www.boe.es/diario_boe/txt.php?id=BOE-N-2026-141995
2026-05-13 04:40:42,659 [INFO] 2026-05-13 04:40:42,659 [INFO] nadia_ai.utils.extraction: Lead 937: Tier B, heirs=0
2026-05-13 04:40:42,659 [INFO] 2026-05-13 04:40:42,659 [INFO] nadia_ai.scrapers.boe: Extracting text from: https://www.boe.es/diario_boe/txt.php?id=BOE-N-2026-142003
2026-05-13 04:40:46,299 [INFO] 2026-05-13 04:40:46,299 [INFO] nadia_ai.utils.extraction: Lead 938: Tier B, heirs=0
2026-05-13 04:40:46,299 [INFO] 2026-05-13 04:40:46,299 [INFO] nadia_ai.scrapers.boe: Extracting text from: https://www.boe.es/diario_boe/txt.php?id=BOE-N-2026-142014
2026-05-13 04:40:50,070 [INFO] 2026-05-13 04:40:50,070 [INFO] nadia_ai.utils.extraction: Lead 939: Tier B, heirs=0
2026-05-13 04:40:50,070 [INFO] 2026-05-13 04:40:50,070 [INFO] nadia_ai.scrapers.boe: Extracting text from: https://www.boe.es/diario_boe/txt.php?id=BOE-N-2026-142068
2026-05-13 04:40:53,722 [INFO] 2026-05-13 04:40:53,722 [INFO] nadia_ai.utils.extraction: Lead 940: Tier B, heirs=0
2026-05-13 04:40:53,722 [INFO] 2026-05-13 04:40:53,722 [INFO] nadia_ai.scrapers.boe: Extracting text from: https://www.boe.es/diario_boe/txt.php?id=BOE-N-2026-142328
2026-05-13 04:40:57,410 [INFO] 2026-05-13 04:40:57,410 [INFO] nadia_ai.utils.extraction: Lead 941: Tier B, heirs=0
2026-05-13 04:40:57,410 [INFO] 2026-05-13 04:40:57,410 [INFO] nadia_ai.scrapers.boe: Extracting text from: https://www.boe.es/diario_boe/txt.php?id=BOE-N-2026-142329
2026-05-13 04:41:01,069 [INFO] 2026-05-13 04:41:01,068 [INFO] nadia_ai.utils.extraction: Lead 942: Tier B, heirs=0
2026-05-13 04:41:01,069 [INFO] 2026-05-13 04:41:01,069 [INFO] nadia_ai.scrapers.boe: Extracting text from: https://www.boe.es/diario_boe/txt.php?id=BOE-N-2026-135238
2026-05-13 04:41:04,863 [INFO] 2026-05-13 04:41:04,863 [INFO] nadia_ai.utils.extraction: Lead 943: Tier B, heirs=0
2026-05-13 04:41:04,863 [INFO] 2026-05-13 04:41:04,863 [INFO] nadia_ai.scrapers.boe: Extracting text from: https://www.boe.es/diario_boe/txt.php?id=BOE-N-2026-136758
2026-05-13 04:41:08,541 [INFO] 2026-05-13 04:41:08,541 [INFO] nadia_ai.utils.extraction: Lead 945: Tier B, heirs=0
2026-05-13 04:41:08,541 [INFO] 2026-05-13 04:41:08,541 [INFO] nadia_ai.scrapers.boe: Extracting text from: https://www.boe.es/diario_boe/txt.php?id=BOE-N-2026-136759
2026-05-13 04:41:12,208 [INFO] 2026-05-13 04:41:12,208 [INFO] nadia_ai.utils.extraction: Lead 946: Tier B, heirs=0
2026-05-13 04:41:12,208 [INFO] 2026-05-13 04:41:12,208 [INFO] nadia_ai.scrapers.boe: Extracting text from: https://www.boe.es/diario_boe/txt.php?id=BOE-N-2026-136770
2026-05-13 04:41:15,858 [INFO] 2026-05-13 04:41:15,858 [INFO] nadia_ai.utils.extraction: Lead 948: Tier B, heirs=0
2026-05-13 04:41:15,858 [INFO] 2026-05-13 04:41:15,858 [INFO] nadia_ai.scrapers.boe: Extracting text from: https://www.boe.es/diario_boe/txt.php?id=BOE-N-2026-136778
2026-05-13 04:41:19,631 [INFO] 2026-05-13 04:41:19,631 [INFO] nadia_ai.utils.extraction: Lead 949: Tier B, heirs=0
2026-05-13 04:41:19,631 [INFO] 2026-05-13 04:41:19,631 [INFO] nadia_ai.extraction_loop: Enriched 109 leads in this batch. Total so far: 762
2026-05-13 04:41:19,631 [INFO] 2026-05-13 04:41:19,631 [INFO] nadia_ai.extraction_loop: Starting extraction batch...
2026-05-13 04:41:19,632 [INFO] 2026-05-13 04:41:19,632 [INFO] nadia_ai.scrapers.boe: Extracting text from: https://www.boe.es/diario_boe/txt.php?id=BOE-N-2026-136782
2026-05-13 04:41:23,473 [INFO] 2026-05-13 04:41:23,473 [INFO] nadia_ai.utils.extraction: Lead 950: Tier B, heirs=0
2026-05-13 04:41:23,474 [INFO] 2026-05-13 04:41:23,473 [INFO] nadia_ai.scrapers.boe: Extracting text from: https://www.boe.es/diario_boe/txt.php?id=BOE-N-2026-136784
2026-05-13 04:41:27,248 [INFO] 2026-05-13 04:41:27,248 [INFO] nadia_ai.utils.extraction: Lead 951: Tier B, heirs=0
2026-05-13 04:41:27,249 [INFO] 2026-05-13 04:41:27,248 [INFO] nadia_ai.scrapers.boe: Extracting text from: https://www.boe.es/diario_boe/txt.php?id=BOE-N-2026-136795
2026-05-13 04:41:31,085 [INFO] 2026-05-13 04:41:31,085 [INFO] nadia_ai.utils.extraction: Lead 952: Tier B, heirs=0
2026-05-13 04:41:31,085 [INFO] 2026-05-13 04:41:31,085 [INFO] nadia_ai.scrapers.boe: Extracting text from: https://www.boe.es/diario_boe/txt.php?id=BOE-N-2026-136796
2026-05-13 04:41:34,781 [INFO] 2026-05-13 04:41:34,781 [INFO] nadia_ai.utils.extraction: Lead 953: Tier B, heirs=0
2026-05-13 04:41:34,781 [INFO] 2026-05-13 04:41:34,781 [INFO] nadia_ai.scrapers.boe: Extracting text from: https://www.boe.es/diario_boe/txt.php?id=BOE-N-2026-136804
2026-05-13 04:41:38,598 [INFO] 2026-05-13 04:41:38,598 [INFO] nadia_ai.utils.extraction: Lead 954: Tier B, heirs=0
2026-05-13 04:41:38,598 [INFO] 2026-05-13 04:41:38,598 [INFO] nadia_ai.scrapers.boe: Extracting text from: https://www.boe.es/diario_boe/txt.php?id=BOE-N-2026-136811
2026-05-13 04:41:42,253 [INFO] 2026-05-13 04:41:42,253 [INFO] nadia_ai.utils.extraction: Lead 955: Tier B, heirs=0
2026-05-13 04:41:42,253 [INFO] 2026-05-13 04:41:42,253 [INFO] nadia_ai.scrapers.boe: Extracting text from: https://www.boe.es/diario_boe/txt.php?id=BOE-N-2026-136812
2026-05-13 04:41:45,866 [INFO] 2026-05-13 04:41:45,866 [INFO] nadia_ai.utils.extraction: Lead 956: Tier B, heirs=0
2026-05-13 04:41:45,866 [INFO] 2026-05-13 04:41:45,866 [INFO] nadia_ai.scrapers.boe: Extracting text from: https://www.boe.es/diario_boe/txt.php?id=BOE-N-2026-136817
2026-05-13 04:41:49,492 [INFO] 2026-05-13 04:41:49,491 [INFO] nadia_ai.utils.extraction: Lead 957: Tier B, heirs=0
2026-05-13 04:41:49,492 [INFO] 2026-05-13 04:41:49,491 [INFO] nadia_ai.scrapers.boe: Extracting text from: https://www.boe.es/diario_boe/txt.php?id=BOE-N-2026-133548
2026-05-13 04:41:53,104 [INFO] 2026-05-13 04:41:53,104 [INFO] nadia_ai.utils.extraction: Lead 961: Tier B, heirs=0
2026-05-13 04:41:53,105 [INFO] 2026-05-13 04:41:53,104 [INFO] nadia_ai.scrapers.boe: Extracting text from: https://www.boe.es/diario_boe/txt.php?id=BOE-N-2026-133550
2026-05-13 04:41:56,751 [INFO] 2026-05-13 04:41:56,751 [INFO] nadia_ai.utils.extraction: Lead 962: Tier B, heirs=0
2026-05-13 04:41:56,751 [INFO] 2026-05-13 04:41:56,751 [INFO] nadia_ai.scrapers.boe: Extracting text from: https://www.boe.es/diario_boe/txt.php?id=BOE-N-2026-133572
2026-05-13 04:42:00,350 [INFO] 2026-05-13 04:42:00,350 [INFO] nadia_ai.utils.extraction: Lead 963: Tier B, heirs=0
2026-05-13 04:42:00,350 [INFO] 2026-05-13 04:42:00,350 [INFO] nadia_ai.scrapers.boe: Extracting text from: https://www.boe.es/diario_boe/txt.php?id=BOE-N-2026-133578
2026-05-13 04:42:03,974 [INFO] 2026-05-13 04:42:03,974 [INFO] nadia_ai.utils.extraction: Lead 964: Tier B, heirs=0
2026-05-13 04:42:03,974 [INFO] 2026-05-13 04:42:03,974 [INFO] nadia_ai.scrapers.boe: Extracting text from: https://www.boe.es/diario_boe/txt.php?id=BOE-N-2026-133579
2026-05-13 04:42:07,607 [INFO] 2026-05-13 04:42:07,607 [INFO] nadia_ai.utils.extraction: Lead 965: Tier B, heirs=0
2026-05-13 04:42:07,607 [INFO] 2026-05-13 04:42:07,607 [INFO] nadia_ai.scrapers.boe: Extracting text from: https://www.boe.es/diario_boe/txt.php?id=BOE-N-2026-133580
2026-05-13 04:42:11,220 [INFO] 2026-05-13 04:42:11,220 [INFO] nadia_ai.utils.extraction: Lead 966: Tier B, heirs=0
2026-05-13 04:42:11,220 [INFO] 2026-05-13 04:42:11,220 [INFO] nadia_ai.scrapers.boe: Extracting text from: https://www.boe.es/diario_boe/txt.php?id=BOE-N-2026-133602
2026-05-13 04:42:15,898 [INFO] 2026-05-13 04:42:15,898 [INFO] nadia_ai.utils.extraction: Lead 967: Tier B, heirs=0
2026-05-13 04:42:15,898 [INFO] 2026-05-13 04:42:15,898 [INFO] nadia_ai.scrapers.boe: Extracting text from: https://www.boe.es/diario_boe/txt.php?id=BOE-N-2026-133608
2026-05-13 04:42:19,899 [INFO] 2026-05-13 04:42:19,899 [INFO] nadia_ai.utils.extraction: Lead 968: Tier B, heirs=0
2026-05-13 04:42:19,899 [INFO] 2026-05-13 04:42:19,899 [INFO] nadia_ai.scrapers.boe: Extracting text from: https://www.boe.es/diario_boe/txt.php?id=BOE-N-2026-133617
2026-05-13 04:42:23,530 [INFO] 2026-05-13 04:42:23,530 [INFO] nadia_ai.utils.extraction: Lead 969: Tier B, heirs=0
2026-05-13 04:42:23,530 [INFO] 2026-05-13 04:42:23,530 [INFO] nadia_ai.scrapers.boe: Extracting text from: https://www.boe.es/diario_boe/txt.php?id=BOE-N-2026-133618
2026-05-13 04:42:27,137 [INFO] 2026-05-13 04:42:27,136 [INFO] nadia_ai.utils.extraction: Lead 970: Tier B, heirs=0
2026-05-13 04:42:27,137 [INFO] 2026-05-13 04:42:27,136 [INFO] nadia_ai.scrapers.boe: Extracting text from: https://www.boe.es/diario_boe/txt.php?id=BOE-N-2026-133942
2026-05-13 04:42:30,751 [INFO] 2026-05-13 04:42:30,751 [INFO] nadia_ai.utils.extraction: Lead 972: Tier B, heirs=0
2026-05-13 04:42:30,751 [INFO] 2026-05-13 04:42:30,751 [INFO] nadia_ai.scrapers.boe: Extracting text from: https://www.boe.es/diario_boe/txt.php?id=BOE-N-2026-133954
2026-05-13 04:42:34,365 [INFO] 2026-05-13 04:42:34,365 [INFO] nadia_ai.utils.extraction: Lead 973: Tier B, heirs=0
2026-05-13 04:42:34,365 [INFO] 2026-05-13 04:42:34,365 [INFO] nadia_ai.scrapers.boe: Extracting text from: https://www.boe.es/diario_boe/txt.php?id=BOE-N-2026-130693
2026-05-13 04:42:38,002 [INFO] 2026-05-13 04:42:38,002 [INFO] nadia_ai.utils.extraction: Lead 974: Tier B, heirs=0
2026-05-13 04:42:38,002 [INFO] 2026-05-13 04:42:38,002 [INFO] nadia_ai.scrapers.boe: Extracting text from: https://www.boe.es/diario_boe/txt.php?id=BOE-N-2026-127537
2026-05-13 04:42:41,612 [INFO] 2026-05-13 04:42:41,612 [INFO] nadia_ai.utils.extraction: Lead 975: Tier B, heirs=0
2026-05-13 04:42:41,612 [INFO] 2026-05-13 04:42:41,612 [INFO] nadia_ai.scrapers.boe: Extracting text from: https://www.boe.es/diario_boe/txt.php?id=BOE-N-2026-127538
2026-05-13 04:42:45,230 [INFO] 2026-05-13 04:42:45,230 [INFO] nadia_ai.utils.extraction: Lead 976: Tier B, heirs=0
2026-05-13 04:42:45,231 [INFO] 2026-05-13 04:42:45,230 [INFO] nadia_ai.scrapers.boe: Extracting text from: https://www.boe.es/diario_boe/txt.php?id=BOE-N-2026-129553
2026-05-13 04:42:48,852 [INFO] 2026-05-13 04:42:48,852 [INFO] nadia_ai.utils.extraction: Lead 977: Tier B, heirs=0
2026-05-13 04:42:48,852 [INFO] 2026-05-13 04:42:48,852 [INFO] nadia_ai.scrapers.boe: Extracting text from: https://www.boe.es/diario_boe/txt.php?id=BOE-N-2026-129555
2026-05-13 04:42:52,481 [INFO] 2026-05-13 04:42:52,480 [INFO] nadia_ai.utils.extraction: Lead 978: Tier B, heirs=0
2026-05-13 04:42:52,481 [INFO] 2026-05-13 04:42:52,481 [INFO] nadia_ai.scrapers.boe: Extracting text from: https://www.boe.es/diario_boe/txt.php?id=BOE-N-2026-129556
2026-05-13 04:42:56,093 [INFO] 2026-05-13 04:42:56,093 [INFO] nadia_ai.utils.extraction: Lead 979: Tier B, heirs=0
2026-05-13 04:42:56,093 [INFO] 2026-05-13 04:42:56,093 [INFO] nadia_ai.scrapers.boe: Extracting text from: https://www.boe.es/diario_boe/txt.php?id=BOE-N-2026-129570
2026-05-13 04:42:59,709 [INFO] 2026-05-13 04:42:59,709 [INFO] nadia_ai.utils.extraction: Lead 981: Tier B, heirs=0
2026-05-13 04:42:59,709 [INFO] 2026-05-13 04:42:59,709 [INFO] nadia_ai.scrapers.boe: Extracting text from: https://www.boe.es/diario_boe/txt.php?id=BOE-N-2026-129573
2026-05-13 04:43:03,342 [INFO] 2026-05-13 04:43:03,342 [INFO] nadia_ai.utils.extraction: Lead 983: Tier B, heirs=0
2026-05-13 04:43:03,342 [INFO] 2026-05-13 04:43:03,342 [INFO] nadia_ai.scrapers.boe: Extracting text from: https://www.boe.es/diario_boe/txt.php?id=BOE-N-2026-129586
2026-05-13 04:43:06,975 [INFO] 2026-05-13 04:43:06,975 [INFO] nadia_ai.utils.extraction: Lead 984: Tier B, heirs=0
2026-05-13 04:43:06,975 [INFO] 2026-05-13 04:43:06,975 [INFO] nadia_ai.scrapers.boe: Extracting text from: https://www.boe.es/diario_boe/txt.php?id=BOE-N-2026-129594
2026-05-13 04:43:10,683 [INFO] 2026-05-13 04:43:10,683 [INFO] nadia_ai.utils.extraction: Lead 986: Tier B, heirs=0
2026-05-13 04:43:10,683 [INFO] 2026-05-13 04:43:10,683 [INFO] nadia_ai.scrapers.boe: Extracting text from: https://www.boe.es/diario_boe/txt.php?id=BOE-N-2026-129599
2026-05-13 04:43:14,357 [INFO] 2026-05-13 04:43:14,357 [INFO] nadia_ai.utils.extraction: Lead 987: Tier B, heirs=0
2026-05-13 04:43:14,357 [INFO] 2026-05-13 04:43:14,357 [INFO] nadia_ai.scrapers.boe: Extracting text from: https://www.boe.es/diario_boe/txt.php?id=BOE-N-2026-129613
2026-05-13 04:43:18,144 [INFO] 2026-05-13 04:43:18,144 [INFO] nadia_ai.utils.extraction: Lead 988: Tier B, heirs=0
2026-05-13 04:43:18,144 [INFO] 2026-05-13 04:43:18,144 [INFO] nadia_ai.scrapers.boe: Extracting text from: https://www.boe.es/diario_boe/txt.php?id=BOE-N-2026-129634
2026-05-13 04:43:21,910 [INFO] 2026-05-13 04:43:21,910 [INFO] nadia_ai.utils.extraction: Lead 989: Tier B, heirs=0
2026-05-13 04:43:21,911 [INFO] 2026-05-13 04:43:21,910 [INFO] nadia_ai.scrapers.boe: Extracting text from: https://www.boe.es/diario_boe/txt.php?id=BOE-N-2026-129636
2026-05-13 04:43:25,505 [INFO] 2026-05-13 04:43:25,505 [INFO] nadia_ai.utils.extraction: Lead 990: Tier B, heirs=0
2026-05-13 04:43:25,505 [INFO] 2026-05-13 04:43:25,505 [INFO] nadia_ai.scrapers.boe: Extracting text from: https://www.boe.es/diario_boe/txt.php?id=BOE-N-2026-129637
2026-05-13 04:43:29,110 [INFO] 2026-05-13 04:43:29,110 [INFO] nadia_ai.utils.extraction: Lead 991: Tier B, heirs=0
2026-05-13 04:43:29,110 [INFO] 2026-05-13 04:43:29,110 [INFO] nadia_ai.scrapers.boe: Extracting text from: https://www.boe.es/diario_boe/txt.php?id=BOE-N-2026-129638
2026-05-13 04:43:32,752 [INFO] 2026-05-13 04:43:32,752 [INFO] nadia_ai.utils.extraction: Lead 992: Tier B, heirs=0
2026-05-13 04:43:32,752 [INFO] 2026-05-13 04:43:32,752 [INFO] nadia_ai.scrapers.boe: Extracting text from: https://www.boe.es/diario_boe/txt.php?id=BOE-N-2026-129639
2026-05-13 04:43:36,367 [INFO] 2026-05-13 04:43:36,367 [INFO] nadia_ai.utils.extraction: Lead 993: Tier B, heirs=0
2026-05-13 04:43:36,367 [INFO] 2026-05-13 04:43:36,367 [INFO] nadia_ai.scrapers.boe: Extracting text from: https://www.boe.es/diario_boe/txt.php?id=BOE-N-2026-129641
2026-05-13 04:43:40,001 [INFO] 2026-05-13 04:43:40,001 [INFO] nadia_ai.utils.extraction: Lead 994: Tier B, heirs=0
2026-05-13 04:43:40,002 [INFO] 2026-05-13 04:43:40,001 [INFO] nadia_ai.scrapers.boe: Extracting text from: https://www.boe.es/diario_boe/txt.php?id=BOE-N-2026-119392
2026-05-13 04:43:43,604 [INFO] 2026-05-13 04:43:43,604 [INFO] nadia_ai.utils.extraction: Lead 995: Tier B, heirs=0
2026-05-13 04:43:43,604 [INFO] 2026-05-13 04:43:43,604 [INFO] nadia_ai.scrapers.boe: Extracting text from: https://www.boe.es/diario_boe/txt.php?id=BOE-N-2026-122045
2026-05-13 04:43:47,208 [INFO] 2026-05-13 04:43:47,208 [INFO] nadia_ai.utils.extraction: Lead 996: Tier B, heirs=0
2026-05-13 04:43:47,208 [INFO] 2026-05-13 04:43:47,208 [INFO] nadia_ai.scrapers.boe: Extracting text from: https://www.boe.es/diario_boe/txt.php?id=BOE-N-2026-122046
2026-05-13 04:43:50,850 [INFO] 2026-05-13 04:43:50,849 [INFO] nadia_ai.utils.extraction: Lead 997: Tier B, heirs=0
2026-05-13 04:43:50,850 [INFO] 2026-05-13 04:43:50,850 [INFO] nadia_ai.scrapers.boe: Extracting text from: https://www.boe.es/diario_boe/txt.php?id=BOE-N-2026-122052
2026-05-13 04:43:54,467 [INFO] 2026-05-13 04:43:54,467 [INFO] nadia_ai.utils.extraction: Lead 998: Tier B, heirs=0
2026-05-13 04:43:54,467 [INFO] 2026-05-13 04:43:54,467 [INFO] nadia_ai.scrapers.boe: Extracting text from: https://www.boe.es/diario_boe/txt.php?id=BOE-N-2026-122062
2026-05-13 04:43:58,107 [INFO] 2026-05-13 04:43:58,107 [INFO] nadia_ai.utils.extraction: Lead 999: Tier B, heirs=0
2026-05-13 04:43:58,107 [INFO] 2026-05-13 04:43:58,107 [INFO] nadia_ai.scrapers.boe: Extracting text from: https://www.boe.es/diario_boe/txt.php?id=BOE-N-2026-122064
2026-05-13 04:44:01,732 [INFO] 2026-05-13 04:44:01,732 [INFO] nadia_ai.utils.extraction: Lead 1000: Tier B, heirs=0
2026-05-13 04:44:01,732 [INFO] 2026-05-13 04:44:01,732 [INFO] nadia_ai.scrapers.boe: Extracting text from: https://www.boe.es/diario_boe/txt.php?id=BOE-N-2026-122070
2026-05-13 04:44:05,347 [INFO] 2026-05-13 04:44:05,346 [INFO] nadia_ai.utils.extraction: Lead 1001: Tier B, heirs=0
2026-05-13 04:44:05,347 [INFO] 2026-05-13 04:44:05,347 [INFO] nadia_ai.scrapers.boe: Extracting text from: https://www.boe.es/diario_boe/txt.php?id=BOE-N-2026-122081
2026-05-13 04:44:08,950 [INFO] 2026-05-13 04:44:08,950 [INFO] nadia_ai.utils.extraction: Lead 1002: Tier B, heirs=0
2026-05-13 04:44:08,951 [INFO] 2026-05-13 04:44:08,950 [INFO] nadia_ai.scrapers.boe: Extracting text from: https://www.boe.es/diario_boe/txt.php?id=BOE-N-2026-122096
2026-05-13 04:44:12,586 [INFO] 2026-05-13 04:44:12,586 [INFO] nadia_ai.utils.extraction: Lead 1003: Tier B, heirs=0
2026-05-13 04:44:12,586 [INFO] 2026-05-13 04:44:12,586 [INFO] nadia_ai.scrapers.boe: Extracting text from: https://www.boe.es/diario_boe/txt.php?id=BOE-N-2026-122100
2026-05-13 04:44:16,226 [INFO] 2026-05-13 04:44:16,226 [INFO] nadia_ai.utils.extraction: Lead 1005: Tier B, heirs=0
2026-05-13 04:44:16,226 [INFO] 2026-05-13 04:44:16,226 [INFO] nadia_ai.scrapers.boe: Extracting text from: https://www.boe.es/diario_boe/txt.php?id=BOE-N-2026-122101
2026-05-13 04:44:19,845 [INFO] 2026-05-13 04:44:19,845 [INFO] nadia_ai.utils.extraction: Lead 1006: Tier B, heirs=0
2026-05-13 04:44:19,845 [INFO] 2026-05-13 04:44:19,845 [INFO] nadia_ai.scrapers.boe: Extracting text from: https://www.boe.es/diario_boe/txt.php?id=BOE-N-2026-122102
2026-05-13 04:44:23,470 [INFO] 2026-05-13 04:44:23,470 [INFO] nadia_ai.utils.extraction: Lead 1007: Tier B, heirs=0
2026-05-13 04:44:23,470 [INFO] 2026-05-13 04:44:23,470 [INFO] nadia_ai.scrapers.boe: Extracting text from: https://www.boe.es/diario_boe/txt.php?id=BOE-N-2026-122106
2026-05-13 04:44:27,100 [INFO] 2026-05-13 04:44:27,100 [INFO] nadia_ai.utils.extraction: Lead 1008: Tier B, heirs=0
2026-05-13 04:44:27,100 [INFO] 2026-05-13 04:44:27,100 [INFO] nadia_ai.scrapers.boe: Extracting text from: https://www.boe.es/diario_boe/txt.php?id=BOE-N-2026-116392
2026-05-13 04:44:30,724 [INFO] 2026-05-13 04:44:30,724 [INFO] nadia_ai.utils.extraction: Lead 1009: Tier B, heirs=0
2026-05-13 04:44:30,724 [INFO] 2026-05-13 04:44:30,724 [INFO] nadia_ai.scrapers.boe: Extracting text from: https://www.boe.es/diario_boe/txt.php?id=BOE-N-2026-116425
2026-05-13 04:44:34,364 [INFO] 2026-05-13 04:44:34,364 [INFO] nadia_ai.utils.extraction: Lead 1011: Tier B, heirs=0
2026-05-13 04:44:34,364 [INFO] 2026-05-13 04:44:34,364 [INFO] nadia_ai.scrapers.boe: Extracting text from: https://www.boe.es/diario_boe/txt.php?id=BOE-N-2026-116434
2026-05-13 04:44:37,973 [INFO] 2026-05-13 04:44:37,972 [INFO] nadia_ai.utils.extraction: Lead 1012: Tier B, heirs=0
2026-05-13 04:44:37,973 [INFO] 2026-05-13 04:44:37,973 [INFO] nadia_ai.scrapers.boe: Extracting text from: https://www.boe.es/diario_boe/txt.php?id=BOE-N-2026-116465
2026-05-13 04:44:41,611 [INFO] 2026-05-13 04:44:41,611 [INFO] nadia_ai.utils.extraction: Lead 1013: Tier B, heirs=0
2026-05-13 04:44:41,611 [INFO] 2026-05-13 04:44:41,611 [INFO] nadia_ai.scrapers.boe: Extracting text from: https://www.boe.es/diario_boe/txt.php?id=BOE-N-2026-117630
2026-05-13 04:44:45,229 [INFO] 2026-05-13 04:44:45,228 [INFO] nadia_ai.utils.extraction: Lead 1014: Tier B, heirs=0
2026-05-13 04:44:45,229 [INFO] 2026-05-13 04:44:45,228 [INFO] nadia_ai.scrapers.boe: Extracting text from: https://www.boe.es/diario_boe/txt.php?id=BOE-N-2026-110511
2026-05-13 04:44:48,841 [INFO] 2026-05-13 04:44:48,841 [INFO] nadia_ai.utils.extraction: Lead 1015: Tier B, heirs=0
2026-05-13 04:44:48,841 [INFO] 2026-05-13 04:44:48,841 [INFO] nadia_ai.scrapers.boe: Extracting text from: https://www.boe.es/diario_boe/txt.php?id=BOE-N-2026-111313
2026-05-13 04:44:52,479 [INFO] 2026-05-13 04:44:52,479 [INFO] nadia_ai.utils.extraction: Lead 1016: Tier B, heirs=0
2026-05-13 04:44:52,480 [INFO] 2026-05-13 04:44:52,479 [INFO] nadia_ai.scrapers.boe: Extracting text from: https://www.boe.es/diario_boe/txt.php?id=BOE-N-2026-111529
2026-05-13 04:44:56,085 [INFO] 2026-05-13 04:44:56,084 [INFO] nadia_ai.utils.extraction: Lead 1017: Tier B, heirs=0
2026-05-13 04:44:56,085 [INFO] 2026-05-13 04:44:56,085 [INFO] nadia_ai.scrapers.boe: Extracting text from: https://www.boe.es/diario_boe/txt.php?id=BOE-N-2026-113264
2026-05-13 04:44:59,733 [INFO] 2026-05-13 04:44:59,733 [INFO] nadia_ai.utils.extraction: Lead 1018: Tier B, heirs=0
2026-05-13 04:44:59,733 [INFO] 2026-05-13 04:44:59,733 [INFO] nadia_ai.scrapers.boe: Extracting text from: https://www.boe.es/diario_boe/txt.php?id=BOE-N-2026-113265
2026-05-13 04:45:03,362 [INFO] 2026-05-13 04:45:03,362 [INFO] nadia_ai.utils.extraction: Lead 1019: Tier B, heirs=0
2026-05-13 04:45:03,362 [INFO] 2026-05-13 04:45:03,362 [INFO] nadia_ai.scrapers.boe: Extracting text from: https://www.boe.es/diario_boe/txt.php?id=BOE-N-2026-113267
2026-05-13 04:45:06,992 [INFO] 2026-05-13 04:45:06,992 [INFO] nadia_ai.utils.extraction: Lead 1020: Tier B, heirs=0
2026-05-13 04:45:06,992 [INFO] 2026-05-13 04:45:06,992 [INFO] nadia_ai.scrapers.boe: Extracting text from: https://www.boe.es/diario_boe/txt.php?id=BOE-N-2026-113278
2026-05-13 04:45:10,612 [INFO] 2026-05-13 04:45:10,612 [INFO] nadia_ai.utils.extraction: Lead 1022: Tier B, heirs=0
2026-05-13 04:45:10,612 [INFO] 2026-05-13 04:45:10,612 [INFO] nadia_ai.scrapers.boe: Extracting text from: https://www.boe.es/diario_boe/txt.php?id=BOE-N-2026-113280
2026-05-13 04:45:14,235 [INFO] 2026-05-13 04:45:14,235 [INFO] nadia_ai.utils.extraction: Lead 1023: Tier B, heirs=0
2026-05-13 04:45:14,235 [INFO] 2026-05-13 04:45:14,235 [INFO] nadia_ai.scrapers.boe: Extracting text from: https://www.boe.es/diario_boe/txt.php?id=BOE-N-2026-113281
2026-05-13 04:45:17,868 [INFO] 2026-05-13 04:45:17,868 [INFO] nadia_ai.utils.extraction: Lead 1024: Tier B, heirs=0
2026-05-13 04:45:17,868 [INFO] 2026-05-13 04:45:17,868 [INFO] nadia_ai.scrapers.boe: Extracting text from: https://www.boe.es/diario_boe/txt.php?id=BOE-N-2026-113292
2026-05-13 04:45:21,478 [INFO] 2026-05-13 04:45:21,478 [INFO] nadia_ai.utils.extraction: Lead 1025: Tier B, heirs=0
2026-05-13 04:45:21,478 [INFO] 2026-05-13 04:45:21,478 [INFO] nadia_ai.scrapers.boe: Extracting text from: https://www.boe.es/diario_boe/txt.php?id=BOE-N-2026-113300
2026-05-13 04:45:25,110 [INFO] 2026-05-13 04:45:25,109 [INFO] nadia_ai.utils.extraction: Lead 1027: Tier B, heirs=0
2026-05-13 04:45:25,110 [INFO] 2026-05-13 04:45:25,110 [INFO] nadia_ai.scrapers.boe: Extracting text from: https://www.boe.es/diario_boe/txt.php?id=BOE-N-2026-113311
2026-05-13 04:45:28,723 [INFO] 2026-05-13 04:45:28,723 [INFO] nadia_ai.utils.extraction: Lead 1028: Tier B, heirs=0
2026-05-13 04:45:28,724 [INFO] 2026-05-13 04:45:28,723 [INFO] nadia_ai.scrapers.boe: Extracting text from: https://www.boe.es/diario_boe/txt.php?id=BOE-N-2026-113312
2026-05-13 04:45:32,370 [INFO] 2026-05-13 04:45:32,370 [INFO] nadia_ai.utils.extraction: Lead 1029: Tier B, heirs=0
2026-05-13 04:45:32,370 [INFO] 2026-05-13 04:45:32,370 [INFO] nadia_ai.scrapers.boe: Extracting text from: https://www.boe.es/diario_boe/txt.php?id=BOE-N-2026-113329
2026-05-13 04:45:35,993 [INFO] 2026-05-13 04:45:35,993 [INFO] nadia_ai.utils.extraction: Lead 1030: Tier B, heirs=0
2026-05-13 04:45:35,993 [INFO] 2026-05-13 04:45:35,993 [INFO] nadia_ai.scrapers.boe: Extracting text from: https://www.boe.es/diario_boe/txt.php?id=BOE-N-2026-113341
2026-05-13 04:45:39,617 [INFO] 2026-05-13 04:45:39,617 [INFO] nadia_ai.utils.extraction: Lead 1032: Tier B, heirs=0
2026-05-13 04:45:39,617 [INFO] 2026-05-13 04:45:39,617 [INFO] nadia_ai.scrapers.boe: Extracting text from: https://www.boe.es/diario_boe/txt.php?id=BOE-N-2026-113345
2026-05-13 04:45:43,229 [INFO] 2026-05-13 04:45:43,229 [INFO] nadia_ai.utils.extraction: Lead 1033: Tier B, heirs=0
2026-05-13 04:45:43,230 [INFO] 2026-05-13 04:45:43,229 [INFO] nadia_ai.scrapers.boe: Extracting text from: https://www.boe.es/diario_boe/txt.php?id=BOE-N-2026-113346
2026-05-13 04:45:46,864 [INFO] 2026-05-13 04:45:46,864 [INFO] nadia_ai.utils.extraction: Lead 1034: Tier B, heirs=0
2026-05-13 04:45:46,865 [INFO] 2026-05-13 04:45:46,864 [INFO] nadia_ai.scrapers.boe: Extracting text from: https://www.boe.es/diario_boe/txt.php?id=BOE-N-2026-113347
2026-05-13 04:45:50,487 [INFO] 2026-05-13 04:45:50,487 [INFO] nadia_ai.utils.extraction: Lead 1035: Tier B, heirs=0
2026-05-13 04:45:50,487 [INFO] 2026-05-13 04:45:50,487 [INFO] nadia_ai.scrapers.boe: Extracting text from: https://www.boe.es/diario_boe/txt.php?id=BOE-N-2026-105776
2026-05-13 04:45:54,097 [INFO] 2026-05-13 04:45:54,096 [INFO] nadia_ai.utils.extraction: Lead 1036: Tier B, heirs=0
2026-05-13 04:45:54,097 [INFO] 2026-05-13 04:45:54,096 [INFO] nadia_ai.scrapers.boe: Extracting text from: https://www.boe.es/diario_boe/txt.php?id=BOE-N-2026-106733
2026-05-13 04:45:57,736 [INFO] 2026-05-13 04:45:57,736 [INFO] nadia_ai.utils.extraction: Lead 1037: Tier B, heirs=0
2026-05-13 04:45:57,737 [INFO] 2026-05-13 04:45:57,736 [INFO] nadia_ai.scrapers.boe: Extracting text from: https://www.boe.es/diario_boe/txt.php?id=BOE-N-2026-108976
2026-05-13 04:46:01,366 [INFO] 2026-05-13 04:46:01,365 [INFO] nadia_ai.utils.extraction: Lead 1039: Tier B, heirs=0
2026-05-13 04:46:01,366 [INFO] 2026-05-13 04:46:01,365 [INFO] nadia_ai.scrapers.boe: Extracting text from: https://www.boe.es/diario_boe/txt.php?id=BOE-N-2026-108998
2026-05-13 04:46:04,996 [INFO] 2026-05-13 04:46:04,996 [INFO] nadia_ai.utils.extraction: Lead 1043: Tier B, heirs=0
2026-05-13 04:46:04,996 [INFO] 2026-05-13 04:46:04,996 [INFO] nadia_ai.scrapers.boe: Extracting text from: https://www.boe.es/diario_boe/txt.php?id=BOE-N-2026-108999
2026-05-13 04:46:08,635 [INFO] 2026-05-13 04:46:08,635 [INFO] nadia_ai.utils.extraction: Lead 1044: Tier B, heirs=0
2026-05-13 04:46:08,635 [INFO] 2026-05-13 04:46:08,635 [INFO] nadia_ai.scrapers.boe: Extracting text from: https://www.boe.es/diario_boe/txt.php?id=BOE-N-2026-109007
2026-05-13 04:46:12,239 [INFO] 2026-05-13 04:46:12,239 [INFO] nadia_ai.utils.extraction: Lead 1045: Tier B, heirs=0
2026-05-13 04:46:12,239 [INFO] 2026-05-13 04:46:12,239 [INFO] nadia_ai.scrapers.boe: Extracting text from: https://www.boe.es/diario_boe/txt.php?id=BOE-N-2026-109013
2026-05-13 04:46:15,874 [INFO] 2026-05-13 04:46:15,874 [INFO] nadia_ai.utils.extraction: Lead 1046: Tier B, heirs=0
2026-05-13 04:46:15,874 [INFO] 2026-05-13 04:46:15,874 [INFO] nadia_ai.scrapers.boe: Extracting text from: https://www.boe.es/diario_boe/txt.php?id=BOE-N-2026-109019
2026-05-13 04:46:19,517 [INFO] 2026-05-13 04:46:19,517 [INFO] nadia_ai.utils.extraction: Lead 1047: Tier B, heirs=0
2026-05-13 04:46:19,517 [INFO] 2026-05-13 04:46:19,517 [INFO] nadia_ai.scrapers.boe: Extracting text from: https://www.boe.es/diario_boe/txt.php?id=BOE-N-2026-109034
2026-05-13 04:46:23,129 [INFO] 2026-05-13 04:46:23,129 [INFO] nadia_ai.utils.extraction: Lead 1048: Tier B, heirs=0
2026-05-13 04:46:23,129 [INFO] 2026-05-13 04:46:23,129 [INFO] nadia_ai.scrapers.boe: Extracting text from: https://www.boe.es/diario_boe/txt.php?id=BOE-N-2026-109035
2026-05-13 04:46:26,740 [INFO] 2026-05-13 04:46:26,740 [INFO] nadia_ai.utils.extraction: Lead 1049: Tier B, heirs=0
2026-05-13 04:46:26,740 [INFO] 2026-05-13 04:46:26,740 [INFO] nadia_ai.scrapers.boe: Extracting text from: https://www.boe.es/diario_boe/txt.php?id=BOE-N-2026-109041
2026-05-13 04:46:30,368 [INFO] 2026-05-13 04:46:30,368 [INFO] nadia_ai.utils.extraction: Lead 1050: Tier B, heirs=0
2026-05-13 04:46:30,368 [INFO] 2026-05-13 04:46:30,368 [INFO] nadia_ai.scrapers.boe: Extracting text from: https://www.boe.es/diario_boe/txt.php?id=BOE-N-2026-109044
2026-05-13 04:46:34,020 [INFO] 2026-05-13 04:46:34,019 [INFO] nadia_ai.utils.extraction: Lead 1052: Tier B, heirs=0
2026-05-13 04:46:34,020 [INFO] 2026-05-13 04:46:34,019 [INFO] nadia_ai.scrapers.boe: Extracting text from: https://www.boe.es/diario_boe/txt.php?id=BOE-N-2026-109056
2026-05-13 04:46:37,627 [INFO] 2026-05-13 04:46:37,627 [INFO] nadia_ai.utils.extraction: Lead 1054: Tier B, heirs=0
2026-05-13 04:46:37,627 [INFO] 2026-05-13 04:46:37,627 [INFO] nadia_ai.scrapers.boe: Extracting text from: https://www.boe.es/diario_boe/txt.php?id=BOE-N-2026-109058
2026-05-13 04:46:41,361 [INFO] 2026-05-13 04:46:41,361 [INFO] nadia_ai.utils.extraction: Lead 1055: Tier B, heirs=0
2026-05-13 04:46:41,361 [INFO] 2026-05-13 04:46:41,361 [INFO] nadia_ai.scrapers.boe: Extracting text from: https://www.boe.es/diario_boe/txt.php?id=BOE-N-2026-109081
2026-05-13 04:46:45,056 [INFO] 2026-05-13 04:46:45,056 [INFO] nadia_ai.utils.extraction: Lead 1056: Tier B, heirs=0
2026-05-13 04:46:45,056 [INFO] 2026-05-13 04:46:45,056 [INFO] nadia_ai.scrapers.boe: Extracting text from: https://www.boe.es/diario_boe/txt.php?id=BOE-N-2026-109082
2026-05-13 04:46:48,705 [INFO] 2026-05-13 04:46:48,705 [INFO] nadia_ai.utils.extraction: Lead 1057: Tier B, heirs=0
2026-05-13 04:46:48,705 [INFO] 2026-05-13 04:46:48,705 [INFO] nadia_ai.scrapers.boe: Extracting text from: https://www.boe.es/diario_boe/txt.php?id=BOE-N-2026-109087
2026-05-13 04:46:52,334 [INFO] 2026-05-13 04:46:52,334 [INFO] nadia_ai.utils.extraction: Lead 1058: Tier B, heirs=0
2026-05-13 04:46:52,334 [INFO] 2026-05-13 04:46:52,334 [INFO] nadia_ai.scrapers.boe: Extracting text from: https://www.boe.es/diario_boe/txt.php?id=BOE-N-2026-109394
2026-05-13 04:46:55,970 [INFO] 2026-05-13 04:46:55,970 [INFO] nadia_ai.utils.extraction: Lead 1060: Tier B, heirs=0
2026-05-13 04:46:55,970 [INFO] 2026-05-13 04:46:55,970 [INFO] nadia_ai.scrapers.boe: Extracting text from: https://www.boe.es/boe/dias/2026/05/12/pdfs/BOE-B-2026-15231.pdf
2026-05-13 04:47:15,459 [INFO] 2026-05-13 04:47:15,459 [INFO] nadia_ai.utils.extraction: Lead 1: Tier B, heirs=0
2026-05-13 04:47:15,460 [INFO] 2026-05-13 04:47:15,459 [INFO] nadia_ai.scrapers.boe: Extracting text from: https://www.boe.es/boe/dias/2026/05/12/pdfs/BOE-B-2026-15287.pdf
2026-05-13 04:47:19,749 [INFO] 2026-05-13 04:47:19,749 [INFO] nadia_ai.utils.extraction: Lead 2: Tier B, heirs=0
2026-05-13 04:47:19,749 [INFO] 2026-05-13 04:47:19,749 [INFO] nadia_ai.scrapers.boe: Extracting text from: https://www.boe.es/boe/dias/2026/05/12/pdfs/BOE-B-2026-15288.pdf
2026-05-13 04:47:24,209 [INFO] 2026-05-13 04:47:24,208 [INFO] nadia_ai.utils.extraction: Validating RC 88251-6202-B-EOB for Lead 3 via Catastro...
2026-05-13 04:47:25,165 [INFO] 2026-05-13 04:47:25,164 [INFO] nadia_ai.catastro: Catastro returned no useful data for RC 88251-6202-B-EOB
2026-05-13 04:47:25,165 [INFO] 2026-05-13 04:47:25,164 [WARNING] nadia_ai.utils.extraction: Lead 3: Invalid RC '88251-6202-B-EOB'. Nullifying address.
2026-05-13 04:47:25,166 [INFO] 2026-05-13 04:47:25,166 [INFO] nadia_ai.utils.extraction: Lead 3: Tier B, heirs=0
2026-05-13 04:47:25,166 [INFO] 2026-05-13 04:47:25,166 [INFO] nadia_ai.scrapers.boe: Extracting text from: https://www.boe.es/boe/dias/2026/05/12/pdfs/BOE-B-2026-15289.pdf
2026-05-13 04:47:29,352 [INFO] 2026-05-13 04:47:29,352 [INFO] nadia_ai.utils.extraction: Lead 4: Tier B, heirs=0
2026-05-13 04:47:29,353 [INFO] 2026-05-13 04:47:29,352 [INFO] nadia_ai.scrapers.boe: Extracting text from: https://www.boe.es/boe/dias/2026/05/06/pdfs/BOE-B-2026-14341.pdf
2026-05-13 04:47:34,220 [INFO] 2026-05-13 04:47:34,220 [INFO] nadia_ai.utils.extraction: Validating RC 14341-6202-B-EOB for Lead 7 via Catastro...
2026-05-13 04:47:34,362 [INFO] 2026-05-13 04:47:34,362 [INFO] nadia_ai.catastro: Catastro returned no useful data for RC 14341-6202-B-EOB
2026-05-13 04:47:34,362 [INFO] 2026-05-13 04:47:34,362 [WARNING] nadia_ai.utils.extraction: Lead 7: Invalid RC '14341-6202-B-EOB'. Nullifying address.
2026-05-13 04:47:34,364 [INFO] 2026-05-13 04:47:34,364 [INFO] nadia_ai.utils.extraction: Lead 7: Tier B, heirs=1
2026-05-13 04:47:34,364 [INFO] 2026-05-13 04:47:34,364 [INFO] nadia_ai.scrapers.boe: Extracting text from: https://www.boe.es/boe/dias/2026/05/05/pdfs/BOE-B-2026-14178.pdf
2026-05-13 04:47:39,204 [INFO] 2026-05-13 04:47:39,204 [INFO] nadia_ai.utils.extraction: Lead 8: Tier B, heirs=1
2026-05-13 04:47:39,204 [INFO] 2026-05-13 04:47:39,204 [INFO] nadia_ai.scrapers.boe: Extracting text from: https://www.boe.es/boe/dias/2026/05/05/pdfs/BOE-B-2026-14181.pdf
2026-05-13 04:47:44,068 [INFO] 2026-05-13 04:47:44,068 [INFO] nadia_ai.utils.extraction: Validating RC 18141-6202-B-EOB for Lead 11 via Catastro...
2026-05-13 04:47:44,211 [INFO] 2026-05-13 04:47:44,211 [INFO] nadia_ai.catastro: Catastro returned no useful data for RC 18141-6202-B-EOB
2026-05-13 04:47:44,211 [INFO] 2026-05-13 04:47:44,211 [WARNING] nadia_ai.utils.extraction: Lead 11: Invalid RC '18141-6202-B-EOB'. Nullifying address.
2026-05-13 04:47:44,212 [INFO] 2026-05-13 04:47:44,212 [INFO] nadia_ai.utils.extraction: Lead 11: Tier B, heirs=1
2026-05-13 04:47:44,212 [INFO] 2026-05-13 04:47:44,212 [INFO] nadia_ai.scrapers.boe: Extracting text from: https://www.boe.es/boe/dias/2026/05/05/pdfs/BOE-B-2026-14254.pdf
2026-05-13 04:47:48,892 [INFO] 2026-05-13 04:47:48,892 [INFO] nadia_ai.utils.extraction: Lead 12: Tier A, heirs=0
2026-05-13 04:47:48,893 [INFO] 2026-05-13 04:47:48,892 [INFO] nadia_ai.scrapers.boe: Extracting text from: https://www.boe.es/boe/dias/2026/05/04/pdfs/BOE-B-2026-14074.pdf
2026-05-13 04:47:53,369 [INFO] 2026-05-13 04:47:53,369 [INFO] nadia_ai.utils.extraction: Validating RC 47041-6202-B-EOB for Lead 15 via Catastro...
2026-05-13 04:47:53,515 [INFO] 2026-05-13 04:47:53,515 [INFO] nadia_ai.catastro: Catastro returned no useful data for RC 47041-6202-B-EOB
2026-05-13 04:47:53,515 [INFO] 2026-05-13 04:47:53,515 [WARNING] nadia_ai.utils.extraction: Lead 15: Invalid RC '47041-6202-B-EOB'. Nullifying address.
2026-05-13 04:47:53,516 [INFO] 2026-05-13 04:47:53,516 [INFO] nadia_ai.utils.extraction: Lead 15: Tier B, heirs=0
2026-05-13 04:47:53,516 [INFO] 2026-05-13 04:47:53,516 [INFO] nadia_ai.scrapers.boe: Extracting text from: https://www.boe.es/boe/dias/2026/04/25/pdfs/BOE-B-2026-13109.pdf
2026-05-13 04:47:57,746 [INFO] 2026-05-13 04:47:57,746 [INFO] nadia_ai.utils.extraction: Lead 16: Tier B, heirs=0
2026-05-13 04:47:57,746 [INFO] 2026-05-13 04:47:57,746 [INFO] nadia_ai.scrapers.boe: Extracting text from: https://www.boe.es/boe/dias/2026/04/21/pdfs/BOE-B-2026-12517.pdf
2026-05-13 04:48:02,206 [INFO] 2026-05-13 04:48:02,206 [INFO] nadia_ai.utils.extraction: Validating RC 71521-6202-B-EOB for Lead 17 via Catastro...
2026-05-13 04:48:02,350 [INFO] 2026-05-13 04:48:02,350 [INFO] nadia_ai.catastro: Catastro returned no useful data for RC 71521-6202-B-EOB
2026-05-13 04:48:02,350 [INFO] 2026-05-13 04:48:02,350 [WARNING] nadia_ai.utils.extraction: Lead 17: Invalid RC '71521-6202-B-EOB'. Nullifying address.
2026-05-13 04:48:02,352 [INFO] 2026-05-13 04:48:02,351 [INFO] nadia_ai.utils.extraction: Lead 17: Tier B, heirs=0
2026-05-13 04:48:02,352 [INFO] 2026-05-13 04:48:02,352 [INFO] nadia_ai.scrapers.boe: Extracting text from: https://www.boe.es/boe/dias/2026/04/20/pdfs/BOE-B-2026-12362.pdf
2026-05-13 04:48:06,895 [INFO] 2026-05-13 04:48:06,895 [INFO] nadia_ai.utils.extraction: Validating RC 26321-6202-B-EOB for Lead 21 via Catastro...
2026-05-13 04:48:07,041 [INFO] 2026-05-13 04:48:07,041 [INFO] nadia_ai.catastro: Catastro returned no useful data for RC 26321-6202-B-EOB
2026-05-13 04:48:07,041 [INFO] 2026-05-13 04:48:07,041 [WARNING] nadia_ai.utils.extraction: Lead 21: Invalid RC '26321-6202-B-EOB'. Nullifying address.
2026-05-13 04:48:07,042 [INFO] 2026-05-13 04:48:07,042 [INFO] nadia_ai.utils.extraction: Lead 21: Tier B, heirs=0
2026-05-13 04:48:07,042 [INFO] 2026-05-13 04:48:07,042 [INFO] nadia_ai.scrapers.boe: Extracting text from: https://www.boe.es/boe/dias/2026/04/18/pdfs/BOE-B-2026-12236.pdf
2026-05-13 04:48:11,245 [INFO] 2026-05-13 04:48:11,245 [INFO] nadia_ai.utils.extraction: Lead 22: Tier B, heirs=0
2026-05-13 04:48:11,245 [INFO] 2026-05-13 04:48:11,245 [INFO] nadia_ai.scrapers.boe: Extracting text from: https://www.boe.es/boe/dias/2026/04/18/pdfs/BOE-B-2026-12237.pdf
2026-05-13 04:48:15,715 [INFO] 2026-05-13 04:48:15,715 [INFO] nadia_ai.utils.extraction: Validating RC 73221-6202-B-EOB for Lead 23 via Catastro...
2026-05-13 04:48:15,858 [INFO] 2026-05-13 04:48:15,858 [INFO] nadia_ai.catastro: Catastro returned no useful data for RC 73221-6202-B-EOB
2026-05-13 04:48:15,858 [INFO] 2026-05-13 04:48:15,858 [WARNING] nadia_ai.utils.extraction: Lead 23: Invalid RC '73221-6202-B-EOB'. Nullifying address.
2026-05-13 04:48:15,860 [INFO] 2026-05-13 04:48:15,859 [INFO] nadia_ai.utils.extraction: Lead 23: Tier B, heirs=0
2026-05-13 04:48:15,860 [INFO] 2026-05-13 04:48:15,860 [INFO] nadia_ai.scrapers.boe: Extracting text from: https://www.boe.es/boe/dias/2026/04/18/pdfs/BOE-B-2026-12238.pdf
2026-05-13 04:48:20,513 [INFO] 2026-05-13 04:48:20,513 [INFO] nadia_ai.utils.extraction: Validating RC A260014497-1 for Lead 24 via Catastro...
2026-05-13 04:48:20,513 [INFO] 2026-05-13 04:48:20,513 [WARNING] nadia_ai.catastro: Invalid referencia catastral format: A260014497-1
2026-05-13 04:48:20,513 [INFO] 2026-05-13 04:48:20,513 [WARNING] nadia_ai.utils.extraction: Lead 24: Invalid RC 'A260014497-1'. Nullifying address.
2026-05-13 04:48:20,514 [INFO] 2026-05-13 04:48:20,514 [INFO] nadia_ai.utils.extraction: Lead 24: Tier B, heirs=0
2026-05-13 04:48:20,515 [INFO] 2026-05-13 04:48:20,514 [INFO] nadia_ai.scrapers.boe: Extracting text from: https://www.boe.es/boe/dias/2026/04/15/pdfs/BOE-B-2026-11630.pdf
2026-05-13 04:48:27,566 [INFO] 2026-05-13 04:48:27,566 [INFO] nadia_ai.utils.extraction: Validating RC No proporcionado en el texto for Lead 31 via Catastro...
2026-05-13 04:48:27,708 [INFO] 2026-05-13 04:48:27,708 [INFO] nadia_ai.catastro: Catastro returned no useful data for RC No proporcionado en el texto
2026-05-13 04:48:27,708 [INFO] 2026-05-13 04:48:27,708 [WARNING] nadia_ai.utils.extraction: Lead 31: Invalid RC 'No proporcionado en el texto'. Nullifying address.
2026-05-13 04:48:27,709 [INFO] 2026-05-13 04:48:27,709 [INFO] nadia_ai.utils.extraction: Lead 31: Tier B, heirs=0
2026-05-13 04:48:27,710 [INFO] 2026-05-13 04:48:27,709 [INFO] nadia_ai.scrapers.boe: Extracting text from: https://www.boe.es/boe/dias/2026/04/13/pdfs/BOE-B-2026-11403.pdf
2026-05-13 04:48:32,233 [INFO] 2026-05-13 04:48:32,233 [INFO] nadia_ai.utils.extraction: Validating RC 30411-6202-B-EOB for Lead 32 via Catastro...
2026-05-13 04:48:32,376 [INFO] 2026-05-13 04:48:32,376 [INFO] nadia_ai.catastro: Catastro returned no useful data for RC 30411-6202-B-EOB
2026-05-13 04:48:32,376 [INFO] 2026-05-13 04:48:32,376 [WARNING] nadia_ai.utils.extraction: Lead 32: Invalid RC '30411-6202-B-EOB'. Nullifying address.
2026-05-13 04:48:32,377 [INFO] 2026-05-13 04:48:32,377 [INFO] nadia_ai.utils.extraction: Lead 32: Tier B, heirs=0
2026-05-13 04:48:32,378 [INFO] 2026-05-13 04:48:32,377 [INFO] nadia_ai.extraction_loop: Enriched 109 leads in this batch. Total so far: 871
2026-05-13 04:48:32,378 [INFO] 2026-05-13 04:48:32,377 [INFO] nadia_ai.extraction_loop: Starting extraction batch...
2026-05-13 04:48:32,378 [INFO] 2026-05-13 04:48:32,378 [INFO] nadia_ai.scrapers.boe: Extracting text from: https://www.boe.es/boe/dias/2026/04/11/pdfs/BOE-B-2026-11226.pdf
2026-05-13 04:48:36,916 [INFO] 2026-05-13 04:48:36,916 [INFO] nadia_ai.utils.extraction: Validating RC 62211-6202-B-EOB for Lead 33 via Catastro...
2026-05-13 04:48:37,066 [INFO] 2026-05-13 04:48:37,066 [INFO] nadia_ai.catastro: Catastro returned no useful data for RC 62211-6202-B-EOB
2026-05-13 04:48:37,066 [INFO] 2026-05-13 04:48:37,066 [WARNING] nadia_ai.utils.extraction: Lead 33: Invalid RC '62211-6202-B-EOB'. Nullifying address.
2026-05-13 04:48:37,067 [INFO] 2026-05-13 04:48:37,067 [INFO] nadia_ai.utils.extraction: Lead 33: Tier B, heirs=0
2026-05-13 04:48:37,068 [INFO] 2026-05-13 04:48:37,067 [INFO] nadia_ai.scrapers.boe: Extracting text from: https://www.boe.es/boe/dias/2026/04/06/pdfs/BOE-B-2026-10632.pdf
2026-05-13 04:48:41,517 [INFO] 2026-05-13 04:48:41,517 [INFO] nadia_ai.utils.extraction: Validating RC 23601-6202-B-EOB for Lead 36 via Catastro...
2026-05-13 04:48:41,659 [INFO] 2026-05-13 04:48:41,659 [INFO] nadia_ai.catastro: Catastro returned no useful data for RC 23601-6202-B-EOB
2026-05-13 04:48:41,659 [INFO] 2026-05-13 04:48:41,659 [WARNING] nadia_ai.utils.extraction: Lead 36: Invalid RC '23601-6202-B-EOB'. Nullifying address.
2026-05-13 04:48:41,660 [INFO] 2026-05-13 04:48:41,660 [INFO] nadia_ai.utils.extraction: Lead 36: Tier B, heirs=0
2026-05-13 04:48:41,661 [INFO] 2026-05-13 04:48:41,660 [INFO] nadia_ai.scrapers.boe: Extracting text from: https://www.boe.es/boe/dias/2026/04/06/pdfs/BOE-B-2026-10633.pdf
2026-05-13 04:48:46,113 [INFO] 2026-05-13 04:48:46,113 [INFO] nadia_ai.utils.extraction: Validating RC 33601-6202-B-EOB for Lead 37 via Catastro...
2026-05-13 04:48:46,256 [INFO] 2026-05-13 04:48:46,256 [INFO] nadia_ai.catastro: Catastro returned no useful data for RC 33601-6202-B-EOB
2026-05-13 04:48:46,256 [INFO] 2026-05-13 04:48:46,256 [WARNING] nadia_ai.utils.extraction: Lead 37: Invalid RC '33601-6202-B-EOB'. Nullifying address.
2026-05-13 04:48:46,258 [INFO] 2026-05-13 04:48:46,258 [INFO] nadia_ai.utils.extraction: Lead 37: Tier B, heirs=0
2026-05-13 04:48:46,258 [INFO] 2026-05-13 04:48:46,258 [INFO] nadia_ai.scrapers.boe: Extracting text from: https://www.boe.es/boe/dias/2026/03/28/pdfs/BOE-B-2026-9816.pdf
2026-05-13 04:48:50,746 [INFO] 2026-05-13 04:48:50,746 [INFO] nadia_ai.utils.extraction: Validating RC 6189-6202-B-EOB for Lead 38 via Catastro...
2026-05-13 04:48:50,890 [INFO] 2026-05-13 04:48:50,890 [INFO] nadia_ai.catastro: Catastro returned no useful data for RC 6189-6202-B-EOB
2026-05-13 04:48:50,890 [INFO] 2026-05-13 04:48:50,890 [WARNING] nadia_ai.utils.extraction: Lead 38: Invalid RC '6189-6202-B-EOB'. Nullifying address.
2026-05-13 04:48:50,892 [INFO] 2026-05-13 04:48:50,892 [INFO] nadia_ai.utils.extraction: Lead 38: Tier B, heirs=0
2026-05-13 04:48:50,892 [INFO] 2026-05-13 04:48:50,892 [INFO] nadia_ai.scrapers.boe: Extracting text from: https://www.boe.es/boe/dias/2026/03/28/pdfs/BOE-B-2026-9817.pdf
2026-05-13 04:48:55,381 [INFO] 2026-05-13 04:48:55,381 [INFO] nadia_ai.utils.extraction: Validating RC 7189-6202-B-EOB for Lead 39 via Catastro...
2026-05-13 04:48:55,528 [INFO] 2026-05-13 04:48:55,527 [INFO] nadia_ai.catastro: Catastro returned no useful data for RC 7189-6202-B-EOB
2026-05-13 04:48:55,528 [INFO] 2026-05-13 04:48:55,527 [WARNING] nadia_ai.utils.extraction: Lead 39: Invalid RC '7189-6202-B-EOB'. Nullifying address.
2026-05-13 04:48:55,529 [INFO] 2026-05-13 04:48:55,529 [INFO] nadia_ai.utils.extraction: Lead 39: Tier B, heirs=0
2026-05-13 04:48:55,529 [INFO] 2026-05-13 04:48:55,529 [INFO] nadia_ai.scrapers.boe: Extracting text from: https://www.boe.es/boe/dias/2026/03/24/pdfs/BOE-B-2026-9204.pdf
2026-05-13 04:48:59,998 [INFO] 2026-05-13 04:48:59,998 [INFO] nadia_ai.utils.extraction: Validating RC 4029-6202-B-EOB for Lead 43 via Catastro...
2026-05-13 04:49:00,184 [INFO] 2026-05-13 04:49:00,184 [INFO] nadia_ai.catastro: Catastro returned no useful data for RC 4029-6202-B-EOB
2026-05-13 04:49:00,185 [INFO] 2026-05-13 04:49:00,184 [WARNING] nadia_ai.utils.extraction: Lead 43: Invalid RC '4029-6202-B-EOB'. Nullifying address.
2026-05-13 04:49:00,186 [INFO] 2026-05-13 04:49:00,186 [INFO] nadia_ai.utils.extraction: Lead 43: Tier B, heirs=0
2026-05-13 04:49:00,186 [INFO] 2026-05-13 04:49:00,186 [INFO] nadia_ai.scrapers.boe: Extracting text from: https://www.boe.es/boe/dias/2026/03/21/pdfs/BOE-B-2026-8896.pdf
2026-05-13 04:49:04,620 [INFO] 2026-05-13 04:49:04,620 [INFO] nadia_ai.utils.extraction: Validating RC 6988-6202-B-EOB for Lead 45 via Catastro...
2026-05-13 04:49:04,767 [INFO] 2026-05-13 04:49:04,767 [INFO] nadia_ai.catastro: Catastro returned no useful data for RC 6988-6202-B-EOB
2026-05-13 04:49:04,767 [INFO] 2026-05-13 04:49:04,767 [WARNING] nadia_ai.utils.extraction: Lead 45: Invalid RC '6988-6202-B-EOB'. Nullifying address.
2026-05-13 04:49:04,768 [INFO] 2026-05-13 04:49:04,768 [INFO] nadia_ai.utils.extraction: Lead 45: Tier B, heirs=0
2026-05-13 04:49:04,768 [INFO] 2026-05-13 04:49:04,768 [INFO] nadia_ai.scrapers.boe: Extracting text from: https://www.boe.es/boe/dias/2026/03/18/pdfs/BOE-B-2026-8362.pdf
2026-05-13 04:49:09,495 [INFO] 2026-05-13 04:49:09,495 [INFO] nadia_ai.utils.extraction: Validating RC 2638-6202-B-EOB for Lead 47 via Catastro...
2026-05-13 04:49:09,643 [INFO] 2026-05-13 04:49:09,643 [INFO] nadia_ai.catastro: Catastro returned no useful data for RC 2638-6202-B-EOB
2026-05-13 04:49:09,644 [INFO] 2026-05-13 04:49:09,643 [WARNING] nadia_ai.utils.extraction: Lead 47: Invalid RC '2638-6202-B-EOB'. Nullifying address.
2026-05-13 04:49:09,645 [INFO] 2026-05-13 04:49:09,645 [INFO] nadia_ai.utils.extraction: Lead 47: Tier B, heirs=1
2026-05-13 04:49:09,645 [INFO] 2026-05-13 04:49:09,645 [INFO] nadia_ai.scrapers.boe: Extracting text from: https://www.boe.es/boe/dias/2026/03/17/pdfs/BOE-B-2026-8332.pdf
2026-05-13 04:49:14,090 [INFO] 2026-05-13 04:49:14,090 [INFO] nadia_ai.utils.extraction: Validating RC 2338-6202-B-EOB for Lead 49 via Catastro...
2026-05-13 04:49:14,236 [INFO] 2026-05-13 04:49:14,236 [INFO] nadia_ai.catastro: Catastro returned no useful data for RC 2338-6202-B-EOB
2026-05-13 04:49:14,236 [INFO] 2026-05-13 04:49:14,236 [WARNING] nadia_ai.utils.extraction: Lead 49: Invalid RC '2338-6202-B-EOB'. Nullifying address.
2026-05-13 04:49:14,237 [INFO] 2026-05-13 04:49:14,237 [INFO] nadia_ai.utils.extraction: Lead 49: Tier B, heirs=0
2026-05-13 04:49:14,237 [INFO] 2026-05-13 04:49:14,237 [INFO] nadia_ai.scrapers.boe: Extracting text from: https://www.boe.es/boe/dias/2026/03/16/pdfs/BOE-B-2026-8154.pdf
2026-05-13 04:49:18,405 [INFO] 2026-05-13 04:49:18,404 [INFO] nadia_ai.utils.extraction: Lead 50: Tier B, heirs=0
2026-05-13 04:49:18,405 [INFO] 2026-05-13 04:49:18,405 [INFO] nadia_ai.scrapers.boe: Extracting text from: https://www.boe.es/boe/dias/2026/03/14/pdfs/BOE-B-2026-8020.pdf
2026-05-13 04:49:22,590 [INFO] 2026-05-13 04:49:22,590 [INFO] nadia_ai.utils.extraction: Validating RC 8020 for Lead 51 via Catastro...
2026-05-13 04:49:22,590 [INFO] 2026-05-13 04:49:22,590 [WARNING] nadia_ai.catastro: Invalid referencia catastral format: 8020
2026-05-13 04:49:22,591 [INFO] 2026-05-13 04:49:22,590 [WARNING] nadia_ai.utils.extraction: Lead 51: Invalid RC '8020'. Nullifying address.
2026-05-13 04:49:22,592 [INFO] 2026-05-13 04:49:22,592 [INFO] nadia_ai.utils.extraction: Lead 51: Tier B, heirs=0
2026-05-13 04:49:22,592 [INFO] 2026-05-13 04:49:22,592 [INFO] nadia_ai.scrapers.boe: Extracting text from: https://www.boe.es/boe/dias/2026/03/14/pdfs/BOE-B-2026-8021.pdf
2026-05-13 04:49:26,991 [INFO] 2026-05-13 04:49:26,991 [INFO] nadia_ai.utils.extraction: Validating RC 1208-6202-B-EOB for Lead 52 via Catastro...
2026-05-13 04:49:27,140 [INFO] 2026-05-13 04:49:27,140 [INFO] nadia_ai.catastro: Catastro returned no useful data for RC 1208-6202-B-EOB
2026-05-13 04:49:27,140 [INFO] 2026-05-13 04:49:27,140 [WARNING] nadia_ai.utils.extraction: Lead 52: Invalid RC '1208-6202-B-EOB'. Nullifying address.
2026-05-13 04:49:27,142 [INFO] 2026-05-13 04:49:27,142 [INFO] nadia_ai.utils.extraction: Lead 52: Tier B, heirs=0
2026-05-13 04:49:27,142 [INFO] 2026-05-13 04:49:27,142 [INFO] nadia_ai.scrapers.boe: Extracting text from: https://www.boe.es/boe/dias/2026/03/14/pdfs/BOE-B-2026-8022.pdf
2026-05-13 04:49:31,629 [INFO] 2026-05-13 04:49:31,629 [INFO] nadia_ai.utils.extraction: Validating RC 2208-6202-B-EOB for Lead 53 via Catastro...
2026-05-13 04:49:31,784 [INFO] 2026-05-13 04:49:31,784 [INFO] nadia_ai.catastro: Catastro returned no useful data for RC 2208-6202-B-EOB
2026-05-13 04:49:31,784 [INFO] 2026-05-13 04:49:31,784 [WARNING] nadia_ai.utils.extraction: Lead 53: Invalid RC '2208-6202-B-EOB'. Nullifying address.
2026-05-13 04:49:31,786 [INFO] 2026-05-13 04:49:31,786 [INFO] nadia_ai.utils.extraction: Lead 53: Tier B, heirs=0
2026-05-13 04:49:31,786 [INFO] 2026-05-13 04:49:31,786 [INFO] nadia_ai.scrapers.boe: Extracting text from: https://www.boe.es/boe/dias/2026/03/14/pdfs/BOE-B-2026-8023.pdf
2026-05-13 04:49:36,054 [INFO] 2026-05-13 04:49:36,054 [INFO] nadia_ai.utils.extraction: Validating RC 8023 for Lead 54 via Catastro...
2026-05-13 04:49:36,054 [INFO] 2026-05-13 04:49:36,054 [WARNING] nadia_ai.catastro: Invalid referencia catastral format: 8023
2026-05-13 04:49:36,055 [INFO] 2026-05-13 04:49:36,054 [WARNING] nadia_ai.utils.extraction: Lead 54: Invalid RC '8023'. Nullifying address.
2026-05-13 04:49:36,056 [INFO] 2026-05-13 04:49:36,056 [INFO] nadia_ai.utils.extraction: Lead 54: Tier B, heirs=0
2026-05-13 04:49:36,056 [INFO] 2026-05-13 04:49:36,056 [INFO] nadia_ai.scrapers.boe: Extracting text from: https://www.boe.es/boe/dias/2026/03/12/pdfs/BOE-B-2026-7577.pdf
2026-05-13 04:49:41,489 [INFO] 2026-05-13 04:49:41,489 [INFO] nadia_ai.utils.extraction: Validating RC CRU: 4802700020209363 for Lead 55 via Catastro...
2026-05-13 04:49:41,647 [INFO] 2026-05-13 04:49:41,647 [INFO] nadia_ai.catastro: Catastro returned no useful data for RC CRU: 4802700020209363
2026-05-13 04:49:41,647 [INFO] 2026-05-13 04:49:41,647 [WARNING] nadia_ai.utils.extraction: Lead 55: Invalid RC 'CRU: 4802700020209363'. Nullifying address.
2026-05-13 04:49:41,648 [INFO] 2026-05-13 04:49:41,648 [INFO] nadia_ai.utils.extraction: Lead 55: Tier B, heirs=0
2026-05-13 04:49:41,648 [INFO] 2026-05-13 04:49:41,648 [INFO] nadia_ai.scrapers.boe: Extracting text from: https://www.boe.es/boe/dias/2026/03/10/pdfs/BOE-B-2026-7374.pdf
2026-05-13 04:49:46,740 [INFO] 2026-05-13 04:49:46,740 [INFO] nadia_ai.utils.extraction: Validating RC 4737-6202-B-EOB for Lead 57 via Catastro...
2026-05-13 04:49:46,890 [INFO] 2026-05-13 04:49:46,889 [INFO] nadia_ai.catastro: Catastro returned no useful data for RC 4737-6202-B-EOB
2026-05-13 04:49:46,890 [INFO] 2026-05-13 04:49:46,890 [WARNING] nadia_ai.utils.extraction: Lead 57: Invalid RC '4737-6202-B-EOB'. Nullifying address.
2026-05-13 04:49:46,891 [INFO] 2026-05-13 04:49:46,891 [INFO] nadia_ai.utils.extraction: Lead 57: Tier B, heirs=1
2026-05-13 04:49:46,891 [INFO] 2026-05-13 04:49:46,891 [INFO] nadia_ai.scrapers.boe: Extracting text from: https://www.boe.es/boe/dias/2026/03/09/pdfs/BOE-B-2026-7272.pdf
2026-05-13 04:49:51,367 [INFO] 2026-05-13 04:49:51,367 [INFO] nadia_ai.utils.extraction: Validating RC 2727-6202-B-EOB for Lead 58 via Catastro...
2026-05-13 04:49:51,522 [INFO] 2026-05-13 04:49:51,522 [INFO] nadia_ai.catastro: Catastro returned no useful data for RC 2727-6202-B-EOB
2026-05-13 04:49:51,522 [INFO] 2026-05-13 04:49:51,522 [WARNING] nadia_ai.utils.extraction: Lead 58: Invalid RC '2727-6202-B-EOB'. Nullifying address.
2026-05-13 04:49:51,523 [INFO] 2026-05-13 04:49:51,523 [INFO] nadia_ai.utils.extraction: Lead 58: Tier B, heirs=0
2026-05-13 04:49:51,523 [INFO] 2026-05-13 04:49:51,523 [INFO] nadia_ai.scrapers.boe: Extracting text from: https://www.boe.es/boe/dias/2026/03/09/pdfs/BOE-B-2026-7273.pdf
2026-05-13 04:49:55,766 [INFO] 2026-05-13 04:49:55,766 [INFO] nadia_ai.utils.extraction: Validating RC 7273 for Lead 59 via Catastro...
2026-05-13 04:49:55,766 [INFO] 2026-05-13 04:49:55,766 [WARNING] nadia_ai.catastro: Invalid referencia catastral format: 7273
2026-05-13 04:49:55,766 [INFO] 2026-05-13 04:49:55,766 [WARNING] nadia_ai.utils.extraction: Lead 59: Invalid RC '7273'. Nullifying address.
2026-05-13 04:49:55,767 [INFO] 2026-05-13 04:49:55,767 [INFO] nadia_ai.utils.extraction: Lead 59: Tier B, heirs=0
2026-05-13 04:49:55,768 [INFO] 2026-05-13 04:49:55,767 [INFO] nadia_ai.scrapers.boe: Extracting text from: https://www.boe.es/boe/dias/2026/03/07/pdfs/BOE-B-2026-7124.pdf
2026-05-13 04:50:00,226 [INFO] 2026-05-13 04:50:00,226 [INFO] nadia_ai.utils.extraction: Validating RC 4217-6202-B-EOB for Lead 60 via Catastro...
2026-05-13 04:50:00,375 [INFO] 2026-05-13 04:50:00,375 [INFO] nadia_ai.catastro: Catastro returned no useful data for RC 4217-6202-B-EOB
2026-05-13 04:50:00,375 [INFO] 2026-05-13 04:50:00,375 [WARNING] nadia_ai.utils.extraction: Lead 60: Invalid RC '4217-6202-B-EOB'. Nullifying address.
2026-05-13 04:50:00,377 [INFO] 2026-05-13 04:50:00,377 [INFO] nadia_ai.utils.extraction: Lead 60: Tier B, heirs=0
2026-05-13 04:50:00,377 [INFO] 2026-05-13 04:50:00,377 [INFO] nadia_ai.scrapers.boe: Extracting text from: https://www.boe.es/boe/dias/2026/02/28/pdfs/BOE-B-2026-6228.pdf
2026-05-13 04:50:04,854 [INFO] 2026-05-13 04:50:04,853 [INFO] nadia_ai.utils.extraction: Validating RC 8226-6202-B-EOB for Lead 62 via Catastro...
2026-05-13 04:50:05,002 [INFO] 2026-05-13 04:50:05,002 [INFO] nadia_ai.catastro: Catastro returned no useful data for RC 8226-6202-B-EOB
2026-05-13 04:50:05,002 [INFO] 2026-05-13 04:50:05,002 [WARNING] nadia_ai.utils.extraction: Lead 62: Invalid RC '8226-6202-B-EOB'. Nullifying address.
2026-05-13 04:50:05,004 [INFO] 2026-05-13 04:50:05,004 [INFO] nadia_ai.utils.extraction: Lead 62: Tier B, heirs=0
2026-05-13 04:50:05,004 [INFO] 2026-05-13 04:50:05,004 [INFO] nadia_ai.scrapers.boe: Extracting text from: https://www.boe.es/boe/dias/2026/02/28/pdfs/BOE-B-2026-6229.pdf
2026-05-13 04:50:09,429 [INFO] 2026-05-13 04:50:09,429 [INFO] nadia_ai.utils.extraction: Validating RC 9226-6202-B-EOB for Lead 63 via Catastro...
2026-05-13 04:50:09,576 [INFO] 2026-05-13 04:50:09,576 [INFO] nadia_ai.catastro: Catastro returned no useful data for RC 9226-6202-B-EOB
2026-05-13 04:50:09,576 [INFO] 2026-05-13 04:50:09,576 [WARNING] nadia_ai.utils.extraction: Lead 63: Invalid RC '9226-6202-B-EOB'. Nullifying address.
2026-05-13 04:50:09,577 [INFO] 2026-05-13 04:50:09,577 [INFO] nadia_ai.utils.extraction: Lead 63: Tier B, heirs=0
2026-05-13 04:50:09,577 [INFO] 2026-05-13 04:50:09,577 [INFO] nadia_ai.scrapers.boe: Extracting text from: https://www.boe.es/boe/dias/2026/02/26/pdfs/BOE-B-2026-5906.pdf
2026-05-13 04:50:13,780 [INFO] 2026-05-13 04:50:13,779 [INFO] nadia_ai.utils.extraction: Lead 64: Tier B, heirs=0
2026-05-13 04:50:13,780 [INFO] 2026-05-13 04:50:13,780 [INFO] nadia_ai.scrapers.boe: Extracting text from: https://www.boe.es/boe/dias/2026/02/24/pdfs/BOE-B-2026-5693.pdf
2026-05-13 04:50:17,970 [INFO] 2026-05-13 04:50:17,969 [INFO] nadia_ai.utils.extraction: Validating RC 5693 for Lead 65 via Catastro...
2026-05-13 04:50:17,970 [INFO] 2026-05-13 04:50:17,969 [WARNING] nadia_ai.catastro: Invalid referencia catastral format: 5693
2026-05-13 04:50:17,970 [INFO] 2026-05-13 04:50:17,970 [WARNING] nadia_ai.utils.extraction: Lead 65: Invalid RC '5693'. Nullifying address.
2026-05-13 04:50:17,971 [INFO] 2026-05-13 04:50:17,971 [INFO] nadia_ai.utils.extraction: Lead 65: Tier B, heirs=0
2026-05-13 04:50:17,971 [INFO] 2026-05-13 04:50:17,971 [INFO] nadia_ai.scrapers.boe: Extracting text from: https://www.boe.es/boe/dias/2026/02/24/pdfs/BOE-B-2026-5694.pdf
2026-05-13 04:50:22,099 [INFO] 2026-05-13 04:50:22,099 [INFO] nadia_ai.utils.extraction: Lead 66: Tier B, heirs=0
2026-05-13 04:50:22,099 [INFO] 2026-05-13 04:50:22,099 [INFO] nadia_ai.scrapers.boe: Extracting text from: https://www.boe.es/boe/dias/2026/02/24/pdfs/BOE-B-2026-5695.pdf
2026-05-13 04:50:26,568 [INFO] 2026-05-13 04:50:26,568 [INFO] nadia_ai.utils.extraction: Validating RC 5965-6202-B-EOB for Lead 67 via Catastro...
2026-05-13 04:50:27,486 [INFO] 2026-05-13 04:50:27,486 [INFO] nadia_ai.catastro: Catastro returned no useful data for RC 5965-6202-B-EOB
2026-05-13 04:50:27,487 [INFO] 2026-05-13 04:50:27,486 [WARNING] nadia_ai.utils.extraction: Lead 67: Invalid RC '5965-6202-B-EOB'. Nullifying address.
2026-05-13 04:50:27,488 [INFO] 2026-05-13 04:50:27,488 [INFO] nadia_ai.utils.extraction: Lead 67: Tier B, heirs=0
2026-05-13 04:50:27,488 [INFO] 2026-05-13 04:50:27,488 [INFO] nadia_ai.scrapers.boe: Extracting text from: https://www.boe.es/boe/dias/2026/02/24/pdfs/BOE-B-2026-5696.pdf
2026-05-13 04:50:31,957 [INFO] 2026-05-13 04:50:31,957 [INFO] nadia_ai.utils.extraction: Validating RC 6965-6202-B-EOB for Lead 68 via Catastro...
2026-05-13 04:50:32,621 [INFO] 2026-05-13 04:50:32,621 [INFO] nadia_ai.catastro: Catastro returned no useful data for RC 6965-6202-B-EOB
2026-05-13 04:50:32,621 [INFO] 2026-05-13 04:50:32,621 [WARNING] nadia_ai.utils.extraction: Lead 68: Invalid RC '6965-6202-B-EOB'. Nullifying address.
2026-05-13 04:50:32,622 [INFO] 2026-05-13 04:50:32,622 [INFO] nadia_ai.utils.extraction: Lead 68: Tier B, heirs=0
2026-05-13 04:50:32,622 [INFO] 2026-05-13 04:50:32,622 [INFO] nadia_ai.scrapers.boe: Extracting text from: https://www.boe.es/boe/dias/2026/02/23/pdfs/BOE-B-2026-5529.pdf
2026-05-13 04:50:37,036 [INFO] 2026-05-13 04:50:37,036 [INFO] nadia_ai.utils.extraction: Validating RC 9255-6202-B-EOB for Lead 69 via Catastro...
2026-05-13 04:50:37,186 [INFO] 2026-05-13 04:50:37,186 [INFO] nadia_ai.catastro: Catastro returned no useful data for RC 9255-6202-B-EOB
2026-05-13 04:50:37,186 [INFO] 2026-05-13 04:50:37,186 [WARNING] nadia_ai.utils.extraction: Lead 69: Invalid RC '9255-6202-B-EOB'. Nullifying address.
2026-05-13 04:50:37,187 [INFO] 2026-05-13 04:50:37,187 [INFO] nadia_ai.utils.extraction: Lead 69: Tier B, heirs=0
2026-05-13 04:50:37,188 [INFO] 2026-05-13 04:50:37,187 [INFO] nadia_ai.scrapers.boe: Extracting text from: https://www.boe.es/boe/dias/2026/02/23/pdfs/BOE-B-2026-5530.pdf
2026-05-13 04:50:41,625 [INFO] 2026-05-13 04:50:41,625 [INFO] nadia_ai.utils.extraction: Validating RC 5355-6202-B-EOB for Lead 70 via Catastro...
2026-05-13 04:50:41,767 [INFO] 2026-05-13 04:50:41,766 [INFO] nadia_ai.catastro: Catastro returned no useful data for RC 5355-6202-B-EOB
2026-05-13 04:50:41,767 [INFO] 2026-05-13 04:50:41,766 [WARNING] nadia_ai.utils.extraction: Lead 70: Invalid RC '5355-6202-B-EOB'. Nullifying address.
2026-05-13 04:50:41,768 [INFO] 2026-05-13 04:50:41,768 [INFO] nadia_ai.utils.extraction: Lead 70: Tier B, heirs=0
2026-05-13 04:50:41,768 [INFO] 2026-05-13 04:50:41,768 [INFO] nadia_ai.scrapers.boe: Extracting text from: https://www.boe.es/boe/dias/2026/02/21/pdfs/BOE-B-2026-5360.pdf
2026-05-13 04:50:46,157 [INFO] 2026-05-13 04:50:46,157 [INFO] nadia_ai.utils.extraction: Validating RC 0635-6202-B-EOB for Lead 71 via Catastro...
2026-05-13 04:50:46,331 [INFO] 2026-05-13 04:50:46,331 [INFO] nadia_ai.catastro: Catastro returned no useful data for RC 0635-6202-B-EOB
2026-05-13 04:50:46,332 [INFO] 2026-05-13 04:50:46,331 [WARNING] nadia_ai.utils.extraction: Lead 71: Invalid RC '0635-6202-B-EOB'. Nullifying address.
2026-05-13 04:50:46,333 [INFO] 2026-05-13 04:50:46,333 [INFO] nadia_ai.utils.extraction: Lead 71: Tier B, heirs=0
2026-05-13 04:50:46,333 [INFO] 2026-05-13 04:50:46,333 [INFO] nadia_ai.scrapers.boe: Extracting text from: https://www.boe.es/boe/dias/2026/02/21/pdfs/BOE-B-2026-5361.pdf
2026-05-13 04:50:50,731 [INFO] 2026-05-13 04:50:50,731 [INFO] nadia_ai.utils.extraction: Validating RC 1635-6202-B-EOB for Lead 72 via Catastro...
2026-05-13 04:50:50,880 [INFO] 2026-05-13 04:50:50,880 [INFO] nadia_ai.catastro: Catastro returned no useful data for RC 1635-6202-B-EOB
2026-05-13 04:50:50,880 [INFO] 2026-05-13 04:50:50,880 [WARNING] nadia_ai.utils.extraction: Lead 72: Invalid RC '1635-6202-B-EOB'. Nullifying address.
2026-05-13 04:50:50,882 [INFO] 2026-05-13 04:50:50,881 [INFO] nadia_ai.utils.extraction: Lead 72: Tier B, heirs=0
2026-05-13 04:50:50,882 [INFO] 2026-05-13 04:50:50,882 [INFO] nadia_ai.scrapers.boe: Extracting text from: https://www.boe.es/boe/dias/2026/02/21/pdfs/BOE-B-2026-5362.pdf
2026-05-13 04:50:55,327 [INFO] 2026-05-13 04:50:55,327 [INFO] nadia_ai.utils.extraction: Validating RC 2635-6202-B-EOB for Lead 73 via Catastro...
2026-05-13 04:50:55,468 [INFO] 2026-05-13 04:50:55,468 [INFO] nadia_ai.catastro: Catastro returned no useful data for RC 2635-6202-B-EOB
2026-05-13 04:50:55,468 [INFO] 2026-05-13 04:50:55,468 [WARNING] nadia_ai.utils.extraction: Lead 73: Invalid RC '2635-6202-B-EOB'. Nullifying address.
2026-05-13 04:50:55,470 [INFO] 2026-05-13 04:50:55,469 [INFO] nadia_ai.utils.extraction: Lead 73: Tier B, heirs=0
2026-05-13 04:50:55,470 [INFO] 2026-05-13 04:50:55,470 [INFO] nadia_ai.scrapers.boe: Extracting text from: https://www.boe.es/boe/dias/2026/02/21/pdfs/BOE-B-2026-5363.pdf
2026-05-13 04:51:00,012 [INFO] 2026-05-13 04:51:00,012 [INFO] nadia_ai.utils.extraction: Validating RC 3635-6202-B-EOB for Lead 74 via Catastro...
2026-05-13 04:51:00,165 [INFO] 2026-05-13 04:51:00,165 [INFO] nadia_ai.catastro: Catastro returned no useful data for RC 3635-6202-B-EOB
2026-05-13 04:51:00,165 [INFO] 2026-05-13 04:51:00,165 [WARNING] nadia_ai.utils.extraction: Lead 74: Invalid RC '3635-6202-B-EOB'. Nullifying address.
2026-05-13 04:51:00,166 [INFO] 2026-05-13 04:51:00,166 [INFO] nadia_ai.utils.extraction: Lead 74: Tier B, heirs=0
2026-05-13 04:51:00,166 [INFO] 2026-05-13 04:51:00,166 [INFO] nadia_ai.scrapers.boe: Extracting text from: https://www.boe.es/boe/dias/2026/02/21/pdfs/BOE-B-2026-5364.pdf
2026-05-13 04:51:04,597 [INFO] 2026-05-13 04:51:04,597 [INFO] nadia_ai.utils.extraction: Validating RC 4635-6202-B-EOB for Lead 75 via Catastro...
2026-05-13 04:51:04,742 [INFO] 2026-05-13 04:51:04,742 [INFO] nadia_ai.catastro: Catastro returned no useful data for RC 4635-6202-B-EOB
2026-05-13 04:51:04,742 [INFO] 2026-05-13 04:51:04,742 [WARNING] nadia_ai.utils.extraction: Lead 75: Invalid RC '4635-6202-B-EOB'. Nullifying address.
2026-05-13 04:51:04,744 [INFO] 2026-05-13 04:51:04,744 [INFO] nadia_ai.utils.extraction: Lead 75: Tier B, heirs=0
2026-05-13 04:51:04,744 [INFO] 2026-05-13 04:51:04,744 [INFO] nadia_ai.scrapers.boe: Extracting text from: https://www.boe.es/boe/dias/2026/02/21/pdfs/BOE-B-2026-5365.pdf
2026-05-13 04:51:08,900 [INFO] 2026-05-13 04:51:08,900 [INFO] nadia_ai.utils.extraction: Lead 76: Tier B, heirs=0
2026-05-13 04:51:08,900 [INFO] 2026-05-13 04:51:08,900 [INFO] nadia_ai.scrapers.boe: Extracting text from: https://www.boe.es/boe/dias/2026/02/21/pdfs/BOE-B-2026-5366.pdf
2026-05-13 04:51:13,301 [INFO] 2026-05-13 04:51:13,301 [INFO] nadia_ai.utils.extraction: Validating RC 6635-6202-B-EOB for Lead 77 via Catastro...
2026-05-13 04:51:13,446 [INFO] 2026-05-13 04:51:13,446 [INFO] nadia_ai.catastro: Catastro returned no useful data for RC 6635-6202-B-EOB
2026-05-13 04:51:13,446 [INFO] 2026-05-13 04:51:13,446 [WARNING] nadia_ai.utils.extraction: Lead 77: Invalid RC '6635-6202-B-EOB'. Nullifying address.
2026-05-13 04:51:13,448 [INFO] 2026-05-13 04:51:13,448 [INFO] nadia_ai.utils.extraction: Lead 77: Tier B, heirs=0
2026-05-13 04:51:13,448 [INFO] 2026-05-13 04:51:13,448 [INFO] nadia_ai.scrapers.boe: Extracting text from: https://www.boe.es/boe/dias/2026/02/21/pdfs/BOE-B-2026-5367.pdf
2026-05-13 04:51:17,887 [INFO] 2026-05-13 04:51:17,887 [INFO] nadia_ai.utils.extraction: Validating RC 7635-6202-B-EOB for Lead 78 via Catastro...
2026-05-13 04:51:18,032 [INFO] 2026-05-13 04:51:18,032 [INFO] nadia_ai.catastro: Catastro returned no useful data for RC 7635-6202-B-EOB
2026-05-13 04:51:18,033 [INFO] 2026-05-13 04:51:18,032 [WARNING] nadia_ai.utils.extraction: Lead 78: Invalid RC '7635-6202-B-EOB'. Nullifying address.
2026-05-13 04:51:18,034 [INFO] 2026-05-13 04:51:18,034 [INFO] nadia_ai.utils.extraction: Lead 78: Tier B, heirs=0
2026-05-13 04:51:18,034 [INFO] 2026-05-13 04:51:18,034 [INFO] nadia_ai.scrapers.boe: Extracting text from: https://www.boe.es/boe/dias/2026/02/21/pdfs/BOE-B-2026-5368.pdf
2026-05-13 04:51:22,505 [INFO] 2026-05-13 04:51:22,505 [INFO] nadia_ai.utils.extraction: Validating RC 8635-6202-B-EOB for Lead 79 via Catastro...
2026-05-13 04:51:22,648 [INFO] 2026-05-13 04:51:22,647 [INFO] nadia_ai.catastro: Catastro returned no useful data for RC 8635-6202-B-EOB
2026-05-13 04:51:22,648 [INFO] 2026-05-13 04:51:22,647 [WARNING] nadia_ai.utils.extraction: Lead 79: Invalid RC '8635-6202-B-EOB'. Nullifying address.
2026-05-13 04:51:22,649 [INFO] 2026-05-13 04:51:22,649 [INFO] nadia_ai.utils.extraction: Lead 79: Tier B, heirs=0
2026-05-13 04:51:22,649 [INFO] 2026-05-13 04:51:22,649 [INFO] nadia_ai.scrapers.boe: Extracting text from: https://www.boe.es/boe/dias/2026/02/21/pdfs/BOE-B-2026-5369.pdf
2026-05-13 04:51:27,107 [INFO] 2026-05-13 04:51:27,107 [INFO] nadia_ai.utils.extraction: Validating RC 9635-6202-B-EOB for Lead 80 via Catastro...
2026-05-13 04:51:27,252 [INFO] 2026-05-13 04:51:27,252 [INFO] nadia_ai.catastro: Catastro returned no useful data for RC 9635-6202-B-EOB
2026-05-13 04:51:27,252 [INFO] 2026-05-13 04:51:27,252 [WARNING] nadia_ai.utils.extraction: Lead 80: Invalid RC '9635-6202-B-EOB'. Nullifying address.
2026-05-13 04:51:27,253 [INFO] 2026-05-13 04:51:27,253 [INFO] nadia_ai.utils.extraction: Lead 80: Tier B, heirs=0
2026-05-13 04:51:27,253 [INFO] 2026-05-13 04:51:27,253 [INFO] nadia_ai.scrapers.boe: Extracting text from: https://www.boe.es/boe/dias/2026/02/20/pdfs/BOE-B-2026-5039.pdf
2026-05-13 04:51:33,290 [INFO] 2026-05-13 04:51:33,290 [INFO] nadia_ai.utils.extraction: Validating RC 8397237 for Lead 81 via Catastro...
2026-05-13 04:51:33,290 [INFO] 2026-05-13 04:51:33,290 [WARNING] nadia_ai.catastro: Invalid referencia catastral format: 8397237
2026-05-13 04:51:33,291 [INFO] 2026-05-13 04:51:33,290 [WARNING] nadia_ai.utils.extraction: Lead 81: Invalid RC '8397237'. Nullifying address.
2026-05-13 04:51:33,292 [INFO] 2026-05-13 04:51:33,292 [INFO] nadia_ai.utils.extraction: Lead 81: Tier B, heirs=0
2026-05-13 04:51:33,292 [INFO] 2026-05-13 04:51:33,292 [INFO] nadia_ai.scrapers.boe: Extracting text from: https://www.boe.es/boe/dias/2026/02/19/pdfs/BOE-B-2026-4954.pdf
2026-05-13 04:51:37,985 [INFO] 2026-05-13 04:51:37,985 [INFO] nadia_ai.utils.extraction: Lead 82: Tier B, heirs=1
2026-05-13 04:51:37,985 [INFO] 2026-05-13 04:51:37,985 [INFO] nadia_ai.scrapers.boe: Extracting text from: https://www.boe.es/boe/dias/2026/02/19/pdfs/BOE-B-2026-4956.pdf
2026-05-13 04:51:42,945 [INFO] 2026-05-13 04:51:42,945 [INFO] nadia_ai.utils.extraction: Lead 84: Tier B, heirs=1
2026-05-13 04:51:42,945 [INFO] 2026-05-13 04:51:42,945 [INFO] nadia_ai.scrapers.boe: Extracting text from: https://www.boe.es/boe/dias/2026/02/14/pdfs/BOE-B-2026-4510.pdf
2026-05-13 04:51:47,322 [INFO] 2026-05-13 04:51:47,322 [INFO] nadia_ai.utils.extraction: Validating RC 0154-6202-B-EOB for Lead 87 via Catastro...
2026-05-13 04:51:48,242 [INFO] 2026-05-13 04:51:48,241 [INFO] nadia_ai.catastro: Catastro returned no useful data for RC 0154-6202-B-EOB
2026-05-13 04:51:48,242 [INFO] 2026-05-13 04:51:48,242 [WARNING] nadia_ai.utils.extraction: Lead 87: Invalid RC '0154-6202-B-EOB'. Nullifying address.
2026-05-13 04:51:48,243 [INFO] 2026-05-13 04:51:48,243 [INFO] nadia_ai.utils.extraction: Lead 87: Tier B, heirs=0
2026-05-13 04:51:48,243 [INFO] 2026-05-13 04:51:48,243 [INFO] nadia_ai.scrapers.boe: Extracting text from: https://www.boe.es/boe/dias/2026/02/14/pdfs/BOE-B-2026-4511.pdf
2026-05-13 04:51:52,730 [INFO] 2026-05-13 04:51:52,730 [INFO] nadia_ai.utils.extraction: Validating RC 1154-6202-B-EOB for Lead 88 via Catastro...
2026-05-13 04:51:52,876 [INFO] 2026-05-13 04:51:52,876 [INFO] nadia_ai.catastro: Catastro returned no useful data for RC 1154-6202-B-EOB
2026-05-13 04:51:52,876 [INFO] 2026-05-13 04:51:52,876 [WARNING] nadia_ai.utils.extraction: Lead 88: Invalid RC '1154-6202-B-EOB'. Nullifying address.
2026-05-13 04:51:52,878 [INFO] 2026-05-13 04:51:52,878 [INFO] nadia_ai.utils.extraction: Lead 88: Tier B, heirs=0
2026-05-13 04:51:52,878 [INFO] 2026-05-13 04:51:52,878 [INFO] nadia_ai.scrapers.boe: Extracting text from: https://www.boe.es/diario_boe/txt.php?id=BOE-N-2026-355185
2026-05-13 04:51:58,521 [INFO] 2026-05-13 04:51:58,521 [INFO] nadia_ai.utils.extraction: Lead 89: Tier B, heirs=0
2026-05-13 04:51:58,521 [INFO] 2026-05-13 04:51:58,521 [INFO] nadia_ai.scrapers.boe: Extracting text from: https://www.boe.es/diario_boe/txt.php?id=BOE-N-2026-355186
2026-05-13 04:52:02,127 [INFO] 2026-05-13 04:52:02,127 [INFO] nadia_ai.utils.extraction: Lead 90: Tier B, heirs=0
2026-05-13 04:52:02,127 [INFO] 2026-05-13 04:52:02,127 [INFO] nadia_ai.scrapers.boe: Extracting text from: https://www.boe.es/diario_boe/txt.php?id=BOE-N-2026-355605
2026-05-13 04:52:05,771 [INFO] 2026-05-13 04:52:05,771 [INFO] nadia_ai.utils.extraction: Lead 91: Tier B, heirs=0
2026-05-13 04:52:05,771 [INFO] 2026-05-13 04:52:05,771 [INFO] nadia_ai.scrapers.boe: Extracting text from: https://www.boe.es/diario_boe/txt.php?id=BOE-N-2026-356889
2026-05-13 04:52:09,388 [INFO] 2026-05-13 04:52:09,388 [INFO] nadia_ai.utils.extraction: Lead 92: Tier B, heirs=0
2026-05-13 04:52:09,388 [INFO] 2026-05-13 04:52:09,388 [INFO] nadia_ai.scrapers.boe: Extracting text from: https://www.boe.es/diario_boe/txt.php?id=BOE-N-2026-356901
2026-05-13 04:52:13,018 [INFO] 2026-05-13 04:52:13,018 [INFO] nadia_ai.utils.extraction: Lead 93: Tier B, heirs=0
2026-05-13 04:52:13,018 [INFO] 2026-05-13 04:52:13,018 [INFO] nadia_ai.scrapers.boe: Extracting text from: https://www.boe.es/diario_boe/txt.php?id=BOE-N-2026-356903
2026-05-13 04:52:16,639 [INFO] 2026-05-13 04:52:16,638 [INFO] nadia_ai.utils.extraction: Lead 94: Tier B, heirs=0
2026-05-13 04:52:16,639 [INFO] 2026-05-13 04:52:16,638 [INFO] nadia_ai.scrapers.boe: Extracting text from: https://www.boe.es/diario_boe/txt.php?id=BOE-N-2026-356904
2026-05-13 04:52:20,255 [INFO] 2026-05-13 04:52:20,255 [INFO] nadia_ai.utils.extraction: Lead 95: Tier B, heirs=0
2026-05-13 04:52:20,255 [INFO] 2026-05-13 04:52:20,255 [INFO] nadia_ai.scrapers.boe: Extracting text from: https://www.boe.es/diario_boe/txt.php?id=BOE-N-2026-356905
2026-05-13 04:52:23,879 [INFO] 2026-05-13 04:52:23,879 [INFO] nadia_ai.utils.extraction: Lead 96: Tier B, heirs=0
2026-05-13 04:52:23,879 [INFO] 2026-05-13 04:52:23,879 [INFO] nadia_ai.scrapers.boe: Extracting text from: https://www.boe.es/diario_boe/txt.php?id=BOE-N-2026-356911
2026-05-13 04:52:27,501 [INFO] 2026-05-13 04:52:27,500 [INFO] nadia_ai.utils.extraction: Lead 101: Tier B, heirs=0
2026-05-13 04:52:27,501 [INFO] 2026-05-13 04:52:27,501 [INFO] nadia_ai.scrapers.boe: Extracting text from: https://www.boe.es/diario_boe/txt.php?id=BOE-N-2026-356938
2026-05-13 04:52:31,133 [INFO] 2026-05-13 04:52:31,133 [INFO] nadia_ai.utils.extraction: Lead 103: Tier B, heirs=0
2026-05-13 04:52:31,134 [INFO] 2026-05-13 04:52:31,133 [INFO] nadia_ai.scrapers.boe: Extracting text from: https://www.boe.es/diario_boe/txt.php?id=BOE-N-2026-356945
2026-05-13 04:52:34,743 [INFO] 2026-05-13 04:52:34,743 [INFO] nadia_ai.utils.extraction: Lead 104: Tier B, heirs=0
2026-05-13 04:52:34,744 [INFO] 2026-05-13 04:52:34,743 [INFO] nadia_ai.scrapers.boe: Extracting text from: https://www.boe.es/diario_boe/txt.php?id=BOE-N-2026-356959
2026-05-13 04:52:38,380 [INFO] 2026-05-13 04:52:38,379 [INFO] nadia_ai.utils.extraction: Lead 105: Tier B, heirs=0
2026-05-13 04:52:38,380 [INFO] 2026-05-13 04:52:38,379 [INFO] nadia_ai.scrapers.boe: Extracting text from: https://www.boe.es/diario_boe/txt.php?id=BOE-N-2026-356960
2026-05-13 04:52:42,011 [INFO] 2026-05-13 04:52:42,011 [INFO] nadia_ai.utils.extraction: Lead 106: Tier B, heirs=0
2026-05-13 04:52:42,011 [INFO] 2026-05-13 04:52:42,011 [INFO] nadia_ai.scrapers.boe: Extracting text from: https://www.boe.es/diario_boe/txt.php?id=BOE-N-2026-354054
2026-05-13 04:52:45,651 [INFO] 2026-05-13 04:52:45,651 [INFO] nadia_ai.utils.extraction: Lead 107: Tier B, heirs=0
2026-05-13 04:52:45,651 [INFO] 2026-05-13 04:52:45,651 [INFO] nadia_ai.scrapers.boe: Extracting text from: https://www.boe.es/diario_boe/txt.php?id=BOE-N-2026-354104
2026-05-13 04:52:49,339 [INFO] 2026-05-13 04:52:49,339 [INFO] nadia_ai.utils.extraction: Lead 108: Tier B, heirs=0
2026-05-13 04:52:49,339 [INFO] 2026-05-13 04:52:49,339 [INFO] nadia_ai.scrapers.boe: Extracting text from: https://www.boe.es/diario_boe/txt.php?id=BOE-N-2026-354106
2026-05-13 04:52:52,990 [INFO] 2026-05-13 04:52:52,989 [INFO] nadia_ai.utils.extraction: Lead 109: Tier B, heirs=0
2026-05-13 04:52:52,990 [INFO] 2026-05-13 04:52:52,990 [INFO] nadia_ai.scrapers.boe: Extracting text from: https://www.boe.es/diario_boe/txt.php?id=BOE-N-2026-354112
2026-05-13 04:52:56,620 [INFO] 2026-05-13 04:52:56,619 [INFO] nadia_ai.utils.extraction: Lead 110: Tier B, heirs=0
2026-05-13 04:52:56,620 [INFO] 2026-05-13 04:52:56,620 [INFO] nadia_ai.extraction_loop: Enriched 60 leads in this batch. Total so far: 931
2026-05-13 04:52:56,620 [INFO] 2026-05-13 04:52:56,620 [INFO] nadia_ai.extraction_loop: Starting extraction batch...
2026-05-13 04:52:56,620 [INFO] 2026-05-13 04:52:56,620 [INFO] nadia_ai.extraction_loop: No more leads to process.
2026-05-13 04:52:56,629 [INFO] 2026-05-13 04:52:56,629 [INFO] nadia_ai.extraction_loop: Extraction loop finished. Total enriched: 931
2026-05-13 04:52:56,743 [INFO] --- FINISHED: Extraction Loop in 3774.78s ---
2026-05-13 04:52:56,743 [INFO] --- STARTING: QA Quality Audit ---
2026-05-13 04:55:54,490 [INFO] Starting QA Audit on 50 leads...
2026-05-13 04:55:54,490 [INFO] Lead 12: PASS (Score: 100)
2026-05-13 04:55:54,490 [INFO] Lead 25: PASS (Score: 85)
2026-05-13 04:55:54,490 [INFO] Lead 858: PASS (Score: 85)
2026-05-13 04:55:54,490 [INFO] Lead 865: PASS (Score: 75)
2026-05-13 04:55:54,490 [INFO] Lead 866: PASS (Score: 85)
2026-05-13 04:55:54,490 [INFO] Lead 884: PASS (Score: 75)
2026-05-13 04:55:54,490 [INFO] Lead 901: PASS (Score: 70)
2026-05-13 04:55:54,490 [INFO] Lead 110: INSUFFICIENT_DATA (Score: 50)
2026-05-13 04:55:54,490 [INFO] Lead 109: FAIL (Score: 0)
2026-05-13 04:55:54,490 [INFO] Lead 108: INSUFFICIENT_DATA (Score: 50)
2026-05-13 04:55:54,490 [INFO] Lead 107: PASS (Score: 50)
2026-05-13 04:55:54,490 [INFO] Lead 106: WARNING (Score: 50)
2026-05-13 04:55:54,490 [INFO] Lead 105: PASS (Score: 50)
2026-05-13 04:55:54,490 [INFO] Lead 104: FAIL (Score: 0)
2026-05-13 04:55:54,491 [INFO] Lead 103: WARNING (Score: 50)
2026-05-13 04:55:54,491 [INFO] Lead 101: PASS (Score: 50)
2026-05-13 04:55:54,491 [INFO] Lead 96: UNKNOWN (Score: 50)
2026-05-13 04:55:54,491 [INFO] Lead 95: UNKNOWN (Score: 50)
2026-05-13 04:55:54,491 [INFO] Lead 94: PENDING (Score: 50)
2026-05-13 04:55:54,491 [INFO] Lead 93: INSUFFICIENT_INFO (Score: 50)
2026-05-13 04:55:54,491 [INFO] Lead 92: FAIL (Score: 0)
2026-05-13 04:55:54,491 [INFO] Lead 91: FAIL (Score: 0)
2026-05-13 04:55:54,491 [INFO] Lead 90: FAIL (Score: 0)
2026-05-13 04:55:54,491 [INFO] Lead 89: WARNING (Score: 50)
2026-05-13 04:55:54,491 [INFO] Lead 88: FAIL (Score: 0)
2026-05-13 04:55:54,491 [INFO] Lead 87: FAIL (Score: 0)
2026-05-13 04:55:54,491 [INFO] Lead 84: WARNING (Score: 50)
2026-05-13 04:55:54,491 [INFO] Lead 82: PASS (Score: 50)
2026-05-13 04:55:54,491 [INFO] Lead 81: FAIL (Score: 0)
2026-05-13 04:55:54,491 [INFO] Lead 80: INSUFFICIENT_DATA (Score: 50)
2026-05-13 04:55:54,491 [INFO] Lead 79: INSUFFICIENT_DATA (Score: 50)
2026-05-13 04:55:54,491 [INFO] Lead 78: INSUFFICIENT_DATA (Score: 50)
2026-05-13 04:55:54,491 [INFO] Lead 77: UNDETERMINED (Score: 50)
2026-05-13 04:55:54,491 [INFO] Lead 76: FAIL (Score: 0)
2026-05-13 04:55:54,492 [INFO] Lead 75: WARNING (Score: 50)
2026-05-13 04:55:54,492 [INFO] Lead 74: INSUFFICIENT_DATA (Score: 50)
2026-05-13 04:55:54,492 [INFO] Lead 73: FAIL (Score: 0)
2026-05-13 04:55:54,492 [INFO] Lead 72: FAIL (Score: 0)
2026-05-13 04:55:54,492 [INFO] Lead 71: FAIL (Score: 0)
2026-05-13 04:55:54,492 [INFO] Lead 70: INSUFFICIENT_DATA (Score: 50)
2026-05-13 04:55:54,492 [INFO] Lead 69: INSUFFICIENT_DATA (Score: 50)
2026-05-13 04:55:54,492 [INFO] Lead 68: FAIL (Score: 0)
2026-05-13 04:55:54,492 [INFO] Lead 67: INSUFFICIENT_DATA (Score: 50)
2026-05-13 04:55:54,492 [INFO] Lead 66: WARNING (Score: 50)
2026-05-13 04:55:54,492 [INFO] Lead 65: UNDECIDABLE (Score: 50)
2026-05-13 04:55:54,492 [INFO] Lead 64: INSUFFICIENT_DATA (Score: 50)
2026-05-13 04:55:54,492 [INFO] Lead 63: WARNING (Score: 50)
2026-05-13 04:55:54,492 [INFO] Lead 62: INSUFFICIENT_DATA (Score: 50)
2026-05-13 04:55:54,492 [INFO] Lead 60: WARN (Score: 50)
2026-05-13 04:55:54,492 [INFO] Lead 59: UNKNOWN (Score: 50)
2026-05-13 04:55:54,492 [INFO] 
2026-05-13 04:55:54,493 [INFO] QA Audit Complete. Pass Rate: 22.0%
2026-05-13 04:55:54,517 [INFO] --- FINISHED: QA Quality Audit in 177.77s ---
2026-05-13 04:55:54,517 [INFO] Production Night Pipeline finished successfully.
2026-05-13 16:34:58,863 [INFO] Starting Production Night Pipeline at 2026-05-13 16:34:58.862976
2026-05-13 16:34:58,863 [INFO] --- STARTING: Main Pipeline ---
2026-05-13 16:34:58,994 [INFO] [INFO   ] nadia_ai.run: Pipeline started for last 90 days at 2026-05-13T20:34:58.993930+00:00
2026-05-13 16:34:58,996 [INFO] [INFO   ] nadia_ai.db: Database schema initialized
2026-05-13 16:34:58,996 [INFO] [INFO   ] nadia_ai.run: TTL cleanup: purged 0 expired person records
2026-05-13 16:34:59,151 [INFO] [INFO   ] nadia_ai.run: Plusvalía Clock: recomputed 0 lead deadlines
2026-05-13 16:34:59,161 [INFO] [INFO   ] nadia_ai.run: Starting concurrent scrapers (ThreadPoolExecutor)...
2026-05-13 16:34:59,599 [INFO] [INFO   ] nadia_ai.scrapers.boe: Scraping BOE for the last 10 days...
2026-05-13 16:35:00,688 [INFO] [INFO   ] nadia_ai.scrapers.tablon: Tablón query returned 10 records (total: 10) [q=(tipo.id==29,tipo.id==26,tipo.id==28);publicationDate=ge=2026-02-12T20:34:59]
2026-05-13 16:35:00,890 [INFO] [INFO   ] nadia_ai.scrapers.tablon: Tablón query returned 9 records (total: 9) [q=(title==*herederos*,title==*herencia*,title==*abintestato*,title==*notoriedad*,title==*subasta*,title==*enajenacion*);publicationDate=ge=2026-02-12T20:34:59]
2026-05-13 16:35:00,891 [INFO] [INFO   ] nadia_ai.scrapers.tablon: Tablón total unique records: 10
2026-05-13 16:35:00,891 [INFO] [INFO   ] nadia_ai.scrapers.tablon: Tablón lead: José-Antonio ROIG BELLVER (source_id=4163)
2026-05-13 16:35:00,891 [INFO] [INFO   ] nadia_ai.scrapers.tablon: Tablón lead: Inmaculada Hoces Leza (source_id=4158)
2026-05-13 16:35:00,891 [INFO] [INFO   ] nadia_ai.scrapers.tablon: Tablón lead: María Pilar Trasobares Andrés (source_id=4157)
2026-05-13 16:35:00,891 [INFO] [INFO   ] nadia_ai.scrapers.tablon: Tablón lead: Gheorge Merlan (source_id=4156)
2026-05-13 16:35:00,891 [INFO] [INFO   ] nadia_ai.scrapers.tablon: Tablón lead: María-Reyes López Gimeno (source_id=4154)
2026-05-13 16:35:00,891 [INFO] [INFO   ] nadia_ai.scrapers.tablon: Tablón lead: Benito Artal Artal (source_id=4150)
2026-05-13 16:35:00,891 [INFO] [INFO   ] nadia_ai.scrapers.tablon: Tablón lead: Joaquina Ortiz Garcés (source_id=4146)
2026-05-13 16:35:00,891 [INFO] [INFO   ] nadia_ai.scrapers.tablon: Tablón lead: Ramón José Chueca Alonso (source_id=4136)
2026-05-13 16:35:00,891 [INFO] [INFO   ] nadia_ai.scrapers.tablon: Tablón lead: Tomás Otero Vazquez (source_id=4131)
2026-05-13 16:35:00,891 [INFO] [INFO   ] nadia_ai.scrapers.tablon: Tablón scrape complete: 10 records
2026-05-13 16:35:00,891 [INFO] [INFO   ] nadia_ai.scrapers.esquelas: Scraping Memora for city: madrid
2026-05-13 16:35:00,891 [INFO] [INFO   ] nadia_ai.run: Tablon: 10 new records
2026-05-13 16:35:01,206 [INFO] [INFO   ] nadia_ai.scrapers.boe: Deep scanning 7 potential BOE documents for inheritance signals...
2026-05-13 16:35:02,453 [INFO] [INFO   ] nadia_ai.scrapers.boa: BOA query 'sucesion+legal+comunidad+autonoma+aragon': 65 results
2026-05-13 16:35:04,414 [INFO] [INFO   ] nadia_ai.scrapers.boe: Deep scanning 65 potential BOE documents for inheritance signals...
2026-05-13 16:35:04,744 [INFO] [INFO   ] nadia_ai.scrapers.boa: BOA query 'Junta+Distribuidora+Herencias': 48 results
2026-05-13 16:35:07,206 [INFO] [INFO   ] nadia_ai.scrapers.boa: BOA query 'declaracion+de+herederos': 42 results
2026-05-13 16:35:08,004 [INFO] [INFO   ] nadia_ai.scrapers.borme: BORME scrape complete: 0 records
2026-05-13 16:35:08,004 [INFO] [INFO   ] nadia_ai.scrapers.defunciones: Scraping defunciones for province: madrid
2026-05-13 16:35:08,004 [INFO] [INFO   ] nadia_ai.run: Borme: 0 new records
2026-05-13 16:35:08,652 [INFO] [INFO   ] nadia_ai.scrapers.esquelas: City madrid: 50 records found
2026-05-13 16:35:08,652 [INFO] [INFO   ] nadia_ai.scrapers.esquelas: Scraping Memora for city: barcelona
2026-05-13 16:35:09,051 [INFO] [INFO   ] nadia_ai.scrapers.boa: BOA query 'herencia+yacente': 2 results
2026-05-13 16:35:11,021 [INFO] [INFO   ] nadia_ai.scrapers.boa: BOA query 'herederos+abintestato': 5 results
2026-05-13 16:35:12,458 [INFO] [ERROR  ] nadia_ai.scrapers.boa: BOA returned non-JSON response for query: acta+notoriedad+herederos
2026-05-13 16:35:12,460 [INFO] [INFO   ] nadia_ai.scrapers.boa: BOA query 'acta+notoriedad+herederos': 0 results
2026-05-13 16:35:12,460 [INFO] [INFO   ] nadia_ai.scrapers.boa: BOA scrape complete: 0 unique records
2026-05-13 16:35:12,460 [INFO] [INFO   ] nadia_ai.scrapers.rememori: Scraping Rememori for province: madrid
2026-05-13 16:35:12,460 [INFO] [INFO   ] nadia_ai.run: Boa: 0 new records
2026-05-13 16:35:13,229 [INFO] [INFO   ] nadia_ai.scrapers.boe: Deep scanning 69 potential BOE documents for inheritance signals...
2026-05-13 16:35:13,519 [INFO] [INFO   ] nadia_ai.scrapers.rememori: Rememori madrid: 0 records found
2026-05-13 16:35:13,519 [INFO] [INFO   ] nadia_ai.scrapers.rememori: Scraping Rememori for province: barcelona
2026-05-13 16:35:13,811 [INFO] [INFO   ] nadia_ai.scrapers.rememori: Rememori barcelona: 0 records found
2026-05-13 16:35:13,811 [INFO] [INFO   ] nadia_ai.scrapers.rememori: Scraping Rememori for province: valencia
2026-05-13 16:35:14,116 [INFO] [INFO   ] nadia_ai.scrapers.rememori: Rememori valencia: 0 records found
2026-05-13 16:35:14,116 [INFO] [INFO   ] nadia_ai.scrapers.rememori: Scraping Rememori for province: alicante
2026-05-13 16:35:14,498 [INFO] [INFO   ] nadia_ai.scrapers.rememori: Rememori alicante: 0 records found
2026-05-13 16:35:14,498 [INFO] [INFO   ] nadia_ai.scrapers.rememori: Scraping Rememori for province: sevilla
2026-05-13 16:35:14,619 [INFO] [INFO   ] nadia_ai.scrapers.esquelas: City barcelona: 50 records found
2026-05-13 16:35:14,620 [INFO] [INFO   ] nadia_ai.scrapers.esquelas: Scraping Memora for city: valencia
2026-05-13 16:35:14,773 [INFO] [INFO   ] nadia_ai.scrapers.rememori: Rememori sevilla: 0 records found
2026-05-13 16:35:14,773 [INFO] [INFO   ] nadia_ai.scrapers.rememori: Scraping Rememori for province: malaga
2026-05-13 16:35:15,029 [INFO] [INFO   ] nadia_ai.scrapers.defunciones: Province madrid: 49 records found
2026-05-13 16:35:15,029 [INFO] [INFO   ] nadia_ai.scrapers.defunciones: Scraping defunciones for province: barcelona
2026-05-13 16:35:15,118 [INFO] [INFO   ] nadia_ai.scrapers.rememori: Rememori malaga: 0 records found
2026-05-13 16:35:15,119 [INFO] [INFO   ] nadia_ai.scrapers.rememori: Scraping Rememori for province: murcia
2026-05-13 16:35:15,462 [INFO] [INFO   ] nadia_ai.scrapers.rememori: Rememori murcia: 0 records found
2026-05-13 16:35:15,462 [INFO] [INFO   ] nadia_ai.scrapers.rememori: Scraping Rememori for province: cadiz
2026-05-13 16:35:15,803 [INFO] [INFO   ] nadia_ai.scrapers.rememori: Rememori cadiz: 0 records found
2026-05-13 16:35:15,803 [INFO] [INFO   ] nadia_ai.scrapers.rememori: Scraping Rememori for province: vizcaya
2026-05-13 16:35:16,088 [INFO] [INFO   ] nadia_ai.scrapers.rememori: Rememori vizcaya: 0 records found
2026-05-13 16:35:16,088 [INFO] [INFO   ] nadia_ai.scrapers.rememori: Scraping Rememori for province: coruna
2026-05-13 16:35:16,298 [INFO] [INFO   ] nadia_ai.scrapers.rememori: Rememori coruna: 0 records found
2026-05-13 16:35:16,298 [INFO] [INFO   ] nadia_ai.scrapers.rememori: Scraping Rememori for province: asturias
2026-05-13 16:35:16,838 [INFO] [INFO   ] nadia_ai.scrapers.rememori: Rememori asturias: 0 records found
2026-05-13 16:35:16,838 [INFO] [INFO   ] nadia_ai.scrapers.rememori: Scraping Rememori for province: zaragoza
2026-05-13 16:35:17,146 [INFO] [INFO   ] nadia_ai.scrapers.rememori: Rememori zaragoza: 0 records found
2026-05-13 16:35:17,147 [INFO] [INFO   ] nadia_ai.scrapers.rememori: Scraping Rememori for province: pontevedra
2026-05-13 16:35:17,448 [INFO] [INFO   ] nadia_ai.scrapers.rememori: Rememori pontevedra: 0 records found
2026-05-13 16:35:17,448 [INFO] [INFO   ] nadia_ai.scrapers.rememori: Scraping Rememori for province: granada
2026-05-13 16:35:17,772 [INFO] [INFO   ] nadia_ai.scrapers.rememori: Rememori granada: 0 records found
2026-05-13 16:35:17,772 [INFO] [INFO   ] nadia_ai.scrapers.rememori: Scraping Rememori for province: tarragona
2026-05-13 16:35:18,435 [INFO] [INFO   ] nadia_ai.scrapers.rememori: Rememori tarragona: 0 records found
2026-05-13 16:35:18,435 [INFO] [INFO   ] nadia_ai.scrapers.rememori: Scraping Rememori for province: cordoba
2026-05-13 16:35:18,860 [INFO] [INFO   ] nadia_ai.scrapers.rememori: Rememori cordoba: 0 records found
2026-05-13 16:35:18,861 [INFO] [INFO   ] nadia_ai.scrapers.rememori: Scraping Rememori for province: gerona
2026-05-13 16:35:19,094 [INFO] [INFO   ] nadia_ai.scrapers.rememori: Rememori gerona: 0 records found
2026-05-13 16:35:19,094 [INFO] [INFO   ] nadia_ai.scrapers.rememori: Scraping Rememori for province: almeria
2026-05-13 16:35:20,621 [INFO] [ERROR  ] nadia_ai.scrapers.bop: BOP query 'declaracion herederos' failed: HTTPConnectionPool(host='bop.dpz.es', port=80): Max retries exceeded with url: /BOPZ/portalBuscarEdictos.do?busqueda=declaracion+herederos&fechaDesde=12%2F02%2F2026&fechaHasta=13%2F05%2F2026 (Caused by ConnectTimeoutError(<HTTPConnection(host='bop.dpz.es', port=80) at 0x1802f609fd0>, 'Connection to bop.dpz.es timed out. (connect timeout=60)'))
2026-05-13 16:35:20,808 [INFO] [INFO   ] nadia_ai.scrapers.defunciones: Province barcelona: 50 records found
2026-05-13 16:35:20,809 [INFO] [INFO   ] nadia_ai.scrapers.defunciones: Scraping defunciones for province: valencia
2026-05-13 16:35:20,964 [INFO] [INFO   ] nadia_ai.scrapers.esquelas: City valencia: 33 records found
2026-05-13 16:35:20,964 [INFO] [INFO   ] nadia_ai.scrapers.esquelas: Scraping Memora for city: zaragoza
2026-05-13 16:35:21,747 [INFO] [INFO   ] nadia_ai.scrapers.boe: Deep Scan MATCH found: BOE-B-2026-15054
2026-05-13 16:35:23,500 [INFO] [INFO   ] nadia_ai.scrapers.rememori: Rememori almeria: 0 records found
2026-05-13 16:35:23,500 [INFO] [INFO   ] nadia_ai.scrapers.rememori: Scraping Rememori for province: guipuzcoa
2026-05-13 16:35:23,779 [INFO] [INFO   ] nadia_ai.scrapers.rememori: Rememori guipuzcoa: 0 records found
2026-05-13 16:35:23,779 [INFO] [INFO   ] nadia_ai.scrapers.rememori: Scraping Rememori for province: toledo
2026-05-13 16:35:24,082 [INFO] [INFO   ] nadia_ai.scrapers.rememori: Rememori toledo: 0 records found
2026-05-13 16:35:24,082 [INFO] [INFO   ] nadia_ai.run: Rememori: 0 new records
2026-05-13 16:35:24,634 [INFO] [INFO   ] nadia_ai.scrapers.defunciones: Province valencia: 50 records found
2026-05-13 16:35:24,634 [INFO] [INFO   ] nadia_ai.scrapers.defunciones: Scraping defunciones for province: alicante
2026-05-13 16:35:24,756 [INFO] [INFO   ] nadia_ai.scrapers.iesquelas: iEsquela: Bhavaviveka Castelo Paiva [Zaragoza] (id=ff51e7312711)
2026-05-13 16:35:24,757 [INFO] [INFO   ] nadia_ai.scrapers.iesquelas: iEsquela: Kuntí Soriano Moreau [Zaragoza] (id=0b6dbd956c28)
2026-05-13 16:35:24,757 [INFO] [INFO   ] nadia_ai.scrapers.iesquelas: iEsquela: Daniel Allain Müller [Zaragoza] (id=61aab7bad91c)
2026-05-13 16:35:24,757 [INFO] [INFO   ] nadia_ai.scrapers.iesquelas: iEsquela: Jacobo Villalba Pina [Zaragoza] (id=e203177a529a)
2026-05-13 16:35:24,757 [INFO] [INFO   ] nadia_ai.scrapers.iesquelas: iEsquela: Milan Briand Leñero [Zaragoza] (id=e56565596d83)
2026-05-13 16:35:24,757 [INFO] [INFO   ] nadia_ai.scrapers.iesquelas: iEsquela: Helga Santisteban Albert [Zaragoza] (id=71b861e6063f)
2026-05-13 16:35:24,757 [INFO] [INFO   ] nadia_ai.scrapers.iesquelas: iEsquela: Joachim Cristina Robles [Zaragoza] (id=f409853106a4)
2026-05-13 16:35:24,757 [INFO] [INFO   ] nadia_ai.scrapers.iesquelas: iEsquela: Heraclio Abarquero Escribano [Zaragoza] (id=73d7fc07297f)
2026-05-13 16:35:24,757 [INFO] [INFO   ] nadia_ai.scrapers.iesquelas: iEsquela: Ingeborg Horta Aguiar [Zaragoza] (id=391c4d871813)
2026-05-13 16:35:24,757 [INFO] [INFO   ] nadia_ai.scrapers.iesquelas: iEsquela: Bogumil Soler Mayordomo [Zaragoza] (id=20fd91bb8555)
2026-05-13 16:35:24,757 [INFO] [INFO   ] nadia_ai.scrapers.iesquelas: iEsquela: Jean-Pierre Enríquez Guillou [Zaragoza] (id=43be9ee40448)
2026-05-13 16:35:24,757 [INFO] [INFO   ] nadia_ai.scrapers.iesquelas: iEsquela: Ambá Louis Amado [Zaragoza] (id=5ff17d91874f)
2026-05-13 16:35:24,757 [INFO] [INFO   ] nadia_ai.scrapers.iesquelas: iEsquela: Isaac Bescós Freitas [Zaragoza] (id=0e82de5a0cb9)
2026-05-13 16:35:24,757 [INFO] [INFO   ] nadia_ai.scrapers.iesquelas: iEsquela: Antoni Notario Pedrosa [Zaragoza] (id=84f4d6949f33)
2026-05-13 16:35:24,757 [INFO] [INFO   ] nadia_ai.scrapers.iesquelas: iEsquela: José María Rosado Lefevre [Zaragoza] (id=c390c78e033b)
2026-05-13 16:35:24,758 [INFO] [INFO   ] nadia_ai.scrapers.iesquelas: iEsquela: Muawiya Simón Bourgeois [Zaragoza] (id=bfcb8c8db9a2)
2026-05-13 16:35:24,758 [INFO] [INFO   ] nadia_ai.scrapers.iesquelas: iEsquela: Premislao Fernandes Santander [Zaragoza] (id=9c53254c0556)
2026-05-13 16:35:24,758 [INFO] [INFO   ] nadia_ai.scrapers.iesquelas: iEsquela: Pol Perrot Soriano [Zaragoza] (id=45c7ca25f02b)
2026-05-13 16:35:24,758 [INFO] [INFO   ] nadia_ai.scrapers.iesquelas: iEsquela: Violante Barreiros Gillet [Zaragoza] (id=814dad726dde)
2026-05-13 16:35:24,758 [INFO] [INFO   ] nadia_ai.scrapers.iesquelas: iEsquela: Vasilisa Castelo Morais [Zaragoza] (id=0f02244d9459)
2026-05-13 16:35:24,758 [INFO] [INFO   ] nadia_ai.scrapers.iesquelas: iEsquela: Aníbal Rabellino Guzmán [Zaragoza] (id=507a81ae2314)
2026-05-13 16:35:24,758 [INFO] [INFO   ] nadia_ai.scrapers.iesquelas: iEsquela: Sandra Alexandre Romão [Zaragoza] (id=f6b882c6798a)
2026-05-13 16:35:24,758 [INFO] [INFO   ] nadia_ai.scrapers.iesquelas: iEsquela: Arnaldo Peral Fernandes [Zaragoza] (id=b57709e6d097)
2026-05-13 16:35:24,758 [INFO] [INFO   ] nadia_ai.scrapers.iesquelas: iEsquela: Débora Antúnez Cabral [Zaragoza] (id=b186993613be)
2026-05-13 16:35:24,758 [INFO] [INFO   ] nadia_ai.scrapers.iesquelas: iEsquela: Belisario Castelo Ruiz [Zaragoza] (id=ccf79415e80a)
2026-05-13 16:35:24,758 [INFO] [INFO   ] nadia_ai.scrapers.iesquelas: iEsquela: Javier Serrano Gillet [Zaragoza] (id=bb16d04df1e1)
2026-05-13 16:35:24,758 [INFO] [INFO   ] nadia_ai.scrapers.iesquelas: iEsquela: O Martínez Leal [Zaragoza] (id=db48cb05404e)
2026-05-13 16:35:24,759 [INFO] [INFO   ] nadia_ai.scrapers.iesquelas: iEsquela: Amancio Freitas Pereire [Zaragoza] (id=ac2b435881d2)
2026-05-13 16:35:24,759 [INFO] [INFO   ] nadia_ai.scrapers.iesquelas: iEsquela: Narakasura Pestana Martínez [Zaragoza] (id=f7c937a21c01)
2026-05-13 16:35:24,759 [INFO] [INFO   ] nadia_ai.scrapers.iesquelas: iEsquela: Belinda Bello Mendes [Zaragoza] (id=5ab5bc78f15a)
2026-05-13 16:35:24,759 [INFO] [INFO   ] nadia_ai.scrapers.iesquelas: iEsquela: Laksman Sen Montilla Figueira [Zaragoza] (id=ee570966515f)
2026-05-13 16:35:24,759 [INFO] [INFO   ] nadia_ai.scrapers.iesquelas: iEsquela: Casandra Hardy Dupont [Zaragoza] (id=794b80d31105)
2026-05-13 16:35:24,759 [INFO] [INFO   ] nadia_ai.scrapers.iesquelas: iEsquela: Sidonio Joubert António [Zaragoza] (id=7f55ad21449c)
2026-05-13 16:35:24,759 [INFO] [INFO   ] nadia_ai.scrapers.iesquelas: iEsquela: Judá Pastor Vaca [Zaragoza] (id=c2fdb112ef2a)
2026-05-13 16:35:24,759 [INFO] [INFO   ] nadia_ai.scrapers.iesquelas: iEsquela: Goliat Rocha Cuevas [Zaragoza] (id=d0e2a15ec657)
2026-05-13 16:35:24,759 [INFO] [INFO   ] nadia_ai.scrapers.iesquelas: iEsquela: Agastia Correia Chávez [Zaragoza] (id=fe6349706104)
2026-05-13 16:35:24,759 [INFO] [INFO   ] nadia_ai.scrapers.iesquelas: iEsquela: Taciana Clavel Ramos [Zaragoza] (id=e6e152b34bd9)
2026-05-13 16:35:24,759 [INFO] [INFO   ] nadia_ai.scrapers.iesquelas: iEsquela: Brian Serra Salazar [Zaragoza] (id=cc5ee9cde446)
2026-05-13 16:35:24,759 [INFO] [INFO   ] nadia_ai.scrapers.iesquelas: iEsquelas scrape complete: 38 records
2026-05-13 16:35:24,759 [INFO] [INFO   ] nadia_ai.scrapers.cee: CEE: Fetching consulta form page
2026-05-13 16:35:24,759 [INFO] [INFO   ] nadia_ai.run: Iesquelas: 38 new records
2026-05-13 16:35:24,809 [INFO] [INFO   ] nadia_ai.scrapers.boe: Deep scanning 276 potential BOE documents for inheritance signals...
2026-05-13 16:35:25,681 [INFO] [INFO   ] nadia_ai.scrapers.defunciones: Province alicante: 6 records found
2026-05-13 16:35:25,681 [INFO] [INFO   ] nadia_ai.scrapers.defunciones: Scraping defunciones for province: sevilla
2026-05-13 16:35:27,001 [INFO] [INFO   ] nadia_ai.scrapers.cee: CEE: Extracted ViewState (41 chars), form_id=consultasForm
2026-05-13 16:35:27,002 [INFO] [INFO   ] nadia_ai.scrapers.cee: CEE: Submitting search form (AJAX POST)
2026-05-13 16:35:27,010 [INFO] [INFO   ] nadia_ai.scrapers.esquelas: City zaragoza: 30 records found
2026-05-13 16:35:27,010 [INFO] [INFO   ] nadia_ai.scrapers.esquelas: Scraping Memora for city: sevilla
2026-05-13 16:35:28,565 [INFO] [INFO   ] nadia_ai.scrapers.cee: CEE: No tables found in results page
2026-05-13 16:35:28,566 [INFO] [INFO   ] nadia_ai.scrapers.cee: CEE: Re-fetching page after form submission
2026-05-13 16:35:29,635 [INFO] [INFO   ] nadia_ai.scrapers.defunciones: Province sevilla: 50 records found
2026-05-13 16:35:29,635 [INFO] [INFO   ] nadia_ai.scrapers.defunciones: Scraping defunciones for province: malaga
2026-05-13 16:35:30,227 [INFO] [INFO   ] nadia_ai.scrapers.cee: CEE: No tables found in results page
2026-05-13 16:35:30,227 [INFO] [INFO   ] nadia_ai.scrapers.cee: CEE scrape complete: 0 records (last 90 days)
2026-05-13 16:35:30,234 [INFO] [INFO   ] nadia_ai.scrapers.ite: ITE: Trying API endpoint: https://www.zaragoza.es/sede/servicio/urbanismo-infraestructuras/inspeccion-tecnica-edificio.json
2026-05-13 16:35:30,234 [INFO] [INFO   ] nadia_ai.run: Cee: 0 new records
2026-05-13 16:35:31,912 [INFO] [INFO   ] nadia_ai.scrapers.ite: ITE: Trying API endpoint: https://www.zaragoza.es/sede/servicio/urbanismo-infraestructuras/ite.json
2026-05-13 16:35:32,074 [INFO] [INFO   ] nadia_ai.scrapers.ite: ITE: Trying API endpoint: https://www.zaragoza.es/sede/servicio/ite.json
2026-05-13 16:35:32,234 [INFO] [INFO   ] nadia_ai.scrapers.ite: ITE: Trying API endpoint: https://www.zaragoza.es/sede/servicio/inspeccion-tecnica-edificio.json
2026-05-13 16:35:32,397 [INFO] [INFO   ] nadia_ai.scrapers.ite: ITE: All API endpoints failed, trying catalog fallback
2026-05-13 16:35:33,979 [INFO] [INFO   ] nadia_ai.scrapers.defunciones: Province malaga: 50 records found
2026-05-13 16:35:33,979 [INFO] [INFO   ] nadia_ai.scrapers.defunciones: Scraping defunciones for province: murcia
2026-05-13 16:35:34,381 [INFO] [INFO   ] nadia_ai.scrapers.ite: ITE catalog: Found potential link: /sede/portal/tramites-servicios/
2026-05-13 16:35:34,520 [INFO] [INFO   ] nadia_ai.scrapers.esquelas: City sevilla: 44 records found
2026-05-13 16:35:34,520 [INFO] [INFO   ] nadia_ai.scrapers.esquelas: Scraping Memora for city: malaga
2026-05-13 16:35:34,806 [INFO] [INFO   ] nadia_ai.scrapers.ite: ITE catalog: Found potential link: /sede/portal/tramites-servicios/
2026-05-13 16:35:35,220 [INFO] [INFO   ] nadia_ai.scrapers.ite: ITE catalog: Found potential link: /sede/portal/tramites-servicios/
2026-05-13 16:35:35,221 [INFO] [WARNING] nadia_ai.scrapers.ite: ITE: No dataset found in catalog — data may not be publicly available
2026-05-13 16:35:35,224 [INFO] [INFO   ] nadia_ai.scrapers.ite: ITE scrape complete: 0 desfavorable records
2026-05-13 16:35:35,224 [INFO] [INFO   ] nadia_ai.run: Ite: 0 new records
2026-05-13 16:35:35,390 [INFO] [INFO   ] nadia_ai.scrapers.esquelas: City malaga: 0 records found
2026-05-13 16:35:35,390 [INFO] [INFO   ] nadia_ai.scrapers.esquelas: Scraping Memora for city: alicante
2026-05-13 16:35:36,165 [INFO] [INFO   ] nadia_ai.scrapers.esquelas: City alicante: 0 records found
2026-05-13 16:35:36,165 [INFO] [INFO   ] nadia_ai.scrapers.esquelas: Scraping Memora for city: murcia
2026-05-13 16:35:36,996 [INFO] [INFO   ] nadia_ai.scrapers.esquelas: City murcia: 0 records found
2026-05-13 16:35:36,996 [INFO] [INFO   ] nadia_ai.scrapers.esquelas: Scraping Memora for city: cadiz
2026-05-13 16:35:37,469 [INFO] [INFO   ] nadia_ai.scrapers.defunciones: Province murcia: 40 records found
2026-05-13 16:35:37,469 [INFO] [INFO   ] nadia_ai.scrapers.defunciones: Scraping defunciones for province: cadiz
2026-05-13 16:35:41,264 [INFO] [INFO   ] nadia_ai.scrapers.defunciones: Province cadiz: 48 records found
2026-05-13 16:35:41,265 [INFO] [INFO   ] nadia_ai.scrapers.defunciones: Scraping defunciones for province: vizcaya
2026-05-13 16:35:41,483 [INFO] [INFO   ] nadia_ai.scrapers.defunciones: Province vizcaya: 0 records found
2026-05-13 16:35:41,483 [INFO] [INFO   ] nadia_ai.scrapers.defunciones: Scraping defunciones for province: coruna
2026-05-13 16:35:41,609 [INFO] [INFO   ] nadia_ai.scrapers.defunciones: Province coruna: 0 records found
2026-05-13 16:35:41,610 [INFO] [INFO   ] nadia_ai.scrapers.defunciones: Scraping defunciones for province: asturias
2026-05-13 16:35:41,675 [INFO] [ERROR  ] nadia_ai.scrapers.bop: BOP query 'herencia abintestato' failed: HTTPConnectionPool(host='bop.dpz.es', port=80): Max retries exceeded with url: /BOPZ/portalBuscarEdictos.do?busqueda=herencia+abintestato&fechaDesde=12%2F02%2F2026&fechaHasta=13%2F05%2F2026 (Caused by ConnectTimeoutError(<HTTPConnection(host='bop.dpz.es', port=80) at 0x18030b5a5d0>, 'Connection to bop.dpz.es timed out. (connect timeout=60)'))
2026-05-13 16:35:42,467 [INFO] [INFO   ] nadia_ai.scrapers.esquelas: City cadiz: 23 records found
2026-05-13 16:35:42,467 [INFO] [INFO   ] nadia_ai.scrapers.esquelas: Scraping Memora for city: vizcaya
2026-05-13 16:35:43,323 [INFO] [INFO   ] nadia_ai.scrapers.esquelas: City vizcaya: 0 records found
2026-05-13 16:35:43,323 [INFO] [INFO   ] nadia_ai.scrapers.esquelas: Scraping Memora for city: coruna
2026-05-13 16:35:44,107 [INFO] [INFO   ] nadia_ai.scrapers.esquelas: City coruna: 0 records found
2026-05-13 16:35:44,107 [INFO] [INFO   ] nadia_ai.scrapers.esquelas: Scraping Memora for city: asturias
2026-05-13 16:35:45,039 [INFO] [INFO   ] nadia_ai.scrapers.esquelas: City asturias: 0 records found
2026-05-13 16:35:45,040 [INFO] [INFO   ] nadia_ai.scrapers.esquelas: Scraping Memora for city: pontevedra
2026-05-13 16:35:45,774 [INFO] [INFO   ] nadia_ai.scrapers.esquelas: City pontevedra: 0 records found
2026-05-13 16:35:45,774 [INFO] [INFO   ] nadia_ai.scrapers.esquelas: Scraping Memora for city: granada
2026-05-13 16:35:46,655 [INFO] [INFO   ] nadia_ai.scrapers.esquelas: City granada: 0 records found
2026-05-13 16:35:46,656 [INFO] [INFO   ] nadia_ai.scrapers.esquelas: Scraping Memora for city: tarragona
2026-05-13 16:35:47,317 [INFO] [INFO   ] nadia_ai.scrapers.defunciones: Province asturias: 50 records found
2026-05-13 16:35:47,317 [INFO] [INFO   ] nadia_ai.scrapers.defunciones: Scraping defunciones for province: zaragoza
2026-05-13 16:35:51,468 [INFO] [INFO   ] nadia_ai.scrapers.defunciones: Province zaragoza: 49 records found
2026-05-13 16:35:51,469 [INFO] [INFO   ] nadia_ai.scrapers.defunciones: Scraping defunciones for province: pontevedra
2026-05-13 16:35:52,887 [INFO] [INFO   ] nadia_ai.scrapers.esquelas: City tarragona: 31 records found
2026-05-13 16:35:52,887 [INFO] [INFO   ] nadia_ai.scrapers.esquelas: Scraping Memora for city: cordoba
2026-05-13 16:35:53,667 [INFO] [INFO   ] nadia_ai.scrapers.esquelas: City cordoba: 0 records found
2026-05-13 16:35:53,667 [INFO] [INFO   ] nadia_ai.scrapers.esquelas: Scraping Memora for city: gerona
2026-05-13 16:35:54,412 [INFO] [INFO   ] nadia_ai.scrapers.esquelas: City gerona: 0 records found
2026-05-13 16:35:54,412 [INFO] [INFO   ] nadia_ai.scrapers.esquelas: Scraping Memora for city: almeria
2026-05-13 16:35:55,241 [INFO] [INFO   ] nadia_ai.scrapers.esquelas: City almeria: 0 records found
2026-05-13 16:35:55,242 [INFO] [INFO   ] nadia_ai.scrapers.esquelas: Scraping Memora for city: guipuzcoa
2026-05-13 16:35:55,791 [INFO] [INFO   ] nadia_ai.scrapers.defunciones: Province pontevedra: 48 records found
2026-05-13 16:35:55,792 [INFO] [INFO   ] nadia_ai.scrapers.defunciones: Scraping defunciones for province: granada
2026-05-13 16:35:55,994 [INFO] [INFO   ] nadia_ai.scrapers.esquelas: City guipuzcoa: 0 records found
2026-05-13 16:35:55,995 [INFO] [INFO   ] nadia_ai.scrapers.esquelas: Scraping Memora for city: toledo
2026-05-13 16:35:56,718 [INFO] [INFO   ] nadia_ai.scrapers.esquelas: City toledo: 0 records found
2026-05-13 16:35:56,718 [INFO] [INFO   ] nadia_ai.scrapers.esquelas: Memora total scrape complete: 261 records
2026-05-13 16:35:56,718 [INFO] [INFO   ] nadia_ai.run: Esquelas: 261 new records
2026-05-13 16:35:57,550 [INFO] [INFO   ] nadia_ai.scrapers.boe: Deep scanning 6 potential BOE documents for inheritance signals...
2026-05-13 16:35:59,096 [INFO] [INFO   ] nadia_ai.scrapers.boe: Deep Scan MATCH found: BOE-B-2026-14625
2026-05-13 16:35:59,861 [INFO] [INFO   ] nadia_ai.scrapers.boe: Deep scanning 6 potential BOE documents for inheritance signals...
2026-05-13 16:36:01,951 [INFO] [INFO   ] nadia_ai.scrapers.defunciones: Province granada: 48 records found
2026-05-13 16:36:01,952 [INFO] [INFO   ] nadia_ai.scrapers.defunciones: Scraping defunciones for province: tarragona
2026-05-13 16:36:02,222 [INFO] [INFO   ] nadia_ai.scrapers.boe: Deep scanning 4 potential BOE documents for inheritance signals...
2026-05-13 16:36:02,724 [INFO] [ERROR  ] nadia_ai.scrapers.bop: BOP query 'herencia yacente' failed: HTTPConnectionPool(host='bop.dpz.es', port=80): Max retries exceeded with url: /BOPZ/portalBuscarEdictos.do?busqueda=herencia+yacente&fechaDesde=12%2F02%2F2026&fechaHasta=13%2F05%2F2026 (Caused by ConnectTimeoutError(<HTTPConnection(host='bop.dpz.es', port=80) at 0x1803253d310>, 'Connection to bop.dpz.es timed out. (connect timeout=60)'))
2026-05-13 16:36:04,656 [INFO] [INFO   ] nadia_ai.scrapers.boe: Deep scanning 59 potential BOE documents for inheritance signals...
2026-05-13 16:36:06,118 [INFO] [INFO   ] nadia_ai.scrapers.defunciones: Province tarragona: 49 records found
2026-05-13 16:36:06,119 [INFO] [INFO   ] nadia_ai.scrapers.defunciones: Scraping defunciones for province: cordoba
2026-05-13 16:36:07,809 [INFO] [INFO   ] nadia_ai.scrapers.defunciones: Province cordoba: 16 records found
2026-05-13 16:36:07,809 [INFO] [INFO   ] nadia_ai.scrapers.defunciones: Scraping defunciones for province: gerona
2026-05-13 16:36:07,927 [INFO] [INFO   ] nadia_ai.scrapers.defunciones: Province gerona: 0 records found
2026-05-13 16:36:07,927 [INFO] [INFO   ] nadia_ai.scrapers.defunciones: Scraping defunciones for province: almeria
2026-05-13 16:36:08,069 [INFO] [INFO   ] nadia_ai.scrapers.defunciones: Province almeria: 0 records found
2026-05-13 16:36:08,069 [INFO] [INFO   ] nadia_ai.scrapers.defunciones: Scraping defunciones for province: guipuzcoa
2026-05-13 16:36:12,003 [INFO] [INFO   ] nadia_ai.scrapers.defunciones: Province guipuzcoa: 49 records found
2026-05-13 16:36:12,004 [INFO] [INFO   ] nadia_ai.scrapers.defunciones: Scraping defunciones for province: toledo
2026-05-13 16:36:12,959 [INFO] [INFO   ] nadia_ai.scrapers.defunciones: Province toledo: 3 records found
2026-05-13 16:36:12,959 [INFO] [INFO   ] nadia_ai.scrapers.defunciones: defunciones.es total scrape complete: 655 records
2026-05-13 16:36:12,959 [INFO] [INFO   ] nadia_ai.run: Defunciones: 655 new records
2026-05-13 16:36:13,913 [INFO] [INFO   ] nadia_ai.scrapers.boe: Deep scanning 85 potential BOE documents for inheritance signals...
2026-05-13 16:36:23,772 [INFO] [ERROR  ] nadia_ai.scrapers.bop: BOP query 'acta de notoriedad herederos' failed: HTTPConnectionPool(host='bop.dpz.es', port=80): Max retries exceeded with url: /BOPZ/portalBuscarEdictos.do?busqueda=acta+de+notoriedad+herederos&fechaDesde=12%2F02%2F2026&fechaHasta=13%2F05%2F2026 (Caused by ConnectTimeoutError(<HTTPConnection(host='bop.dpz.es', port=80) at 0x1802fa4f6f0>, 'Connection to bop.dpz.es timed out. (connect timeout=60)'))
2026-05-13 16:36:23,773 [INFO] [INFO   ] nadia_ai.scrapers.bop: BOP scrape complete: 0 unique records
2026-05-13 16:36:23,773 [INFO] [INFO   ] nadia_ai.run: Bop: 0 new records
2026-05-13 16:37:43,832 [INFO] [INFO   ] nadia_ai.scrapers.boe: Total unique BOE leads found: 12
2026-05-13 16:37:43,832 [INFO] [INFO   ] nadia_ai.run: Boe: 12 new records
2026-05-13 16:37:45,622 [INFO] [INFO   ] nadia_ai.run: Enriched 0 records via Catastro
2026-05-13 16:37:45,968 [INFO] [INFO   ] nadia_ai.merge: Lead merge: 838 created, 138 merged, 0 skipped
2026-05-13 16:37:45,968 [INFO] [INFO   ] nadia_ai.run: Merge: 838 created, 138 merged, 0 skipped
2026-05-13 16:37:45,976 [INFO] [INFO   ] nadia_ai.run: LLM heir extraction: 0 leads enriched
2026-05-13 16:37:45,979 [INFO] [INFO   ] nadia_ai.enrichment: Enrichment schema initialized
2026-05-13 16:37:45,979 [INFO] [INFO   ] nadia_ai.enrichment: Enrichment schema initialized
2026-05-13 16:37:45,979 [INFO] [INFO   ] nadia_ai.enrichment: Fetching subastas JV page 1: https://subastas.boe.es/subastas_ava.php?provincia=50&tipoSubasta=JV
2026-05-13 16:37:47,243 [INFO] [INFO   ] nadia_ai.enrichment: Subastas JV page 1: 0 results
2026-05-13 16:37:47,243 [INFO] [INFO   ] nadia_ai.enrichment: Fetching subastas NV page 1: https://subastas.boe.es/subastas_ava.php?provincia=50&tipoSubasta=NV
2026-05-13 16:37:47,553 [INFO] [INFO   ] nadia_ai.enrichment: Subastas NV page 1: 0 results
2026-05-13 16:37:47,553 [INFO] [INFO   ] nadia_ai.enrichment: Subastas fetch complete: 0 new entries
2026-05-13 16:37:47,555 [INFO] [INFO   ] nadia_ai.enrichment: Enrichment schema initialized
2026-05-13 16:37:47,555 [INFO] [INFO   ] nadia_ai.enrichment: Fetching obras licencias from Zaragoza Open Data
2026-05-13 16:38:01,509 [INFO] [INFO   ] nadia_ai.enrichment: Obras: 500 records received
2026-05-13 16:38:01,514 [INFO] [INFO   ] nadia_ai.enrichment: Obras fetch complete: 500 new entries
2026-05-13 16:38:01,516 [INFO] [INFO   ] nadia_ai.enrichment: Enrichment schema initialized
2026-05-13 16:38:01,517 [INFO] [INFO   ] nadia_ai.enrichment: Subastas enrichment: 0 leads enriched
2026-05-13 16:38:01,517 [INFO] [INFO   ] nadia_ai.enrichment: Enrichment schema initialized
2026-05-13 16:38:01,518 [INFO] [INFO   ] nadia_ai.enrichment: Obras enrichment: 0 leads enriched
2026-05-13 16:38:01,518 [INFO] [INFO   ] nadia_ai.run: Enrichment: 0 obras matched, 0 subastas matched
2026-05-13 16:38:01,527 [INFO] [INFO   ] nadia_ai.export_for_enrichment: No leads to export for enrichment
2026-05-13 16:38:01,527 [INFO] nadia_ai.export_for_enrichment — No leads to export for enrichment
2026-05-13 16:38:01,527 [INFO] [INFO   ] nadia_ai.run: Phantombuster export complete
2026-05-13 16:38:01,528 [INFO] nadia_ai.run — Phantombuster export complete
2026-05-13 16:38:01,654 [INFO] [INFO   ] nadia_ai.delivery: Today's leads: 838 (A=0, B=826, C=12, X=0)
2026-05-13 16:38:01,654 [INFO] nadia_ai.delivery — Today's leads: 838 (A=0, B=826, C=12, X=0)
2026-05-13 16:38:01,655 [INFO] [INFO   ] nadia_ai.run: Today's leads: 838 (A=0, B=826)
2026-05-13 16:38:01,655 [INFO] nadia_ai.run — Today's leads: 838 (A=0, B=826)
2026-05-13 16:38:02,298 [INFO] [ERROR  ] nadia_ai.delivery: Google Sheets write failed: [Errno 2] No such file or directory: 'path/to/service-account.json'
2026-05-13 16:38:02,298 [INFO] nadia_ai.delivery — Google Sheets write failed: [Errno 2] No such file or directory: 'path/to/service-account.json'
2026-05-13 16:38:02,307 [INFO] [INFO   ] nadia_ai.delivery: CSV fallback written to leads_2026-05-13.csv
2026-05-13 16:38:02,307 [INFO] nadia_ai.delivery — CSV fallback written to leads_2026-05-13.csv
2026-05-13 16:38:02,612 [INFO] [ERROR  ] nadia_ai.delivery: Email send failed: (535, b'5.7.8 Username and Password not accepted. For more information, go to\n5.7.8  https://support.google.com/mail/?p=BadCredentials 6a1803df08f44-8c908d1d2cfsm5657906d6.15 - gsmtp')
2026-05-13 16:38:02,612 [INFO] nadia_ai.delivery — Email send failed: (535, b'5.7.8 Username and Password not accepted. For more information, go to\n5.7.8  https://support.google.com/mail/?p=BadCredentials 6a1803df08f44-8c908d1d2cfsm5657906d6.15 - gsmtp')
2026-05-13 16:38:02,612 [INFO] [INFO   ] nadia_ai.run: Pipeline finished in 183.62s — 838 leads, 2 errors
2026-05-13 16:38:02,612 [INFO] nadia_ai.run — Pipeline finished in 183.62s — 838 leads, 2 errors
2026-05-13 16:38:02,833 [INFO] --- FINISHED: Main Pipeline in 183.97s ---
2026-05-13 16:38:02,834 [INFO] --- STARTING: Extraction Loop ---
2026-05-13 16:38:03,746 [INFO] 2026-05-13 16:38:03,746 [INFO] nadia_ai.extraction_loop: Starting extraction batch...
2026-05-13 16:38:03,750 [INFO] 2026-05-13 16:38:03,749 [INFO] nadia_ai.extraction_loop: No more leads to process.
2026-05-13 16:38:03,751 [INFO] 2026-05-13 16:38:03,751 [INFO] nadia_ai.extraction_loop: Extraction loop finished. Total enriched: 0
2026-05-13 16:38:03,854 [INFO] --- FINISHED: Extraction Loop in 1.02s ---
2026-05-13 16:38:03,854 [INFO] --- STARTING: QA Quality Audit ---
2026-05-13 16:38:04,248 [INFO] Starting QA Audit on 0 leads...
2026-05-13 16:38:04,248 [INFO] 
2026-05-13 16:38:04,248 [INFO] QA Audit Complete. Pass Rate: 0%
2026-05-13 16:38:04,293 [INFO] --- FINISHED: QA Quality Audit in 0.44s ---
2026-05-13 16:38:04,293 [INFO] Production Night Pipeline finished successfully.
